vehicle_id,history_end_time,horizon,true_x,true_y,gbr_pred_x,gbr_pred_y,lstm_pred_x,lstm_pred_y
5,1118936701300,1,23.549,193.608,31.654633,208.98608,28.958239,144.067
5,1118936701300,3,27.938,291.268,30.859768,162.88304,28.731478,151.37947
5,1118936701300,5,27.938,291.268,28.996866,369.53644,28.451548,147.99232
5,1118936707200,1,28.38,275.964,23.503733,-277.68753,28.943665,144.14703
5,1118936707200,3,27.938,291.268,23.026041,320.68698,28.731522,151.37968
5,1118936707200,5,27.825,291.27,24.767696,445.86768,28.451584,147.99254
5,1118936712000,1,27.938,291.268,30.051252,328.79657,28.943666,144.14703
5,1118936712000,3,27.938,291.268,28.088614,397.43887,28.731522,151.37968
5,1118936712000,5,27.825,291.27,28.360344,458.4316,28.451584,147.99254
5,1118936715000,1,27.938,291.268,28.159344,332.4494,28.943668,144.14705
5,1118936715000,3,27.825,291.27,28.83855,407.64084,28.731522,151.37968
5,1118936715000,5,27.825,291.27,28.38757,436.79425,28.451584,147.99254
5,1118936715100,1,27.938,291.268,28.213097,339.03668,28.943668,144.14705
5,1118936715100,3,27.825,291.27,28.519793,399.54742,28.731522,151.37968
5,1118936715100,5,27.825,291.27,28.470203,425.2513,28.451584,147.99254
5,1118936715600,1,27.825,291.27,28.464952,335.20273,28.943668,144.14705
5,1118936715600,3,27.825,291.27,28.275877,401.65805,28.731522,151.37968
5,1118936715600,5,27.825,291.27,29.84997,427.31134,28.451584,147.99254
5,1118936721600,1,27.825,291.27,28.437677,331.5468,28.943666,144.14705
5,1118936721600,3,27.825,291.27,28.314884,378.44128,28.731522,151.37968
5,1118936721600,5,27.825,291.27,29.416891,398.89557,28.451584,147.99254
5,1118936721800,1,27.825,291.27,28.238897,331.0239,28.943666,144.14705
5,1118936721800,3,27.825,291.27,28.204502,373.71094,28.73152,151.37967
5,1118936721800,5,27.825,291.27,28.333931,393.6715,28.45158,147.99254
5,1118936723700,1,27.825,291.27,28.238897,331.0239,28.94367,144.14705
5,1118936723700,3,27.825,291.27,28.093678,375.5739,28.731522,151.37968
5,1118936723700,5,27.825,291.27,28.447767,393.6971,28.451584,147.99254
5,1118936725800,1,27.825,291.27,28.238897,331.0239,28.94367,144.14705
5,1118936725800,3,27.825,291.27,28.073431,372.60635,28.731522,151.37968
5,1118936725800,5,27.836,291.27,28.449947,396.33105,28.451584,147.99254
5,1118936726300,1,27.825,291.27,28.238897,331.0239,28.94367,144.14705
5,1118936726300,3,27.825,291.27,28.129799,375.5739,28.731522,151.37968
5,1118936726300,5,27.942,291.268,28.449947,398.71362,28.451584,147.99254
5,1118936728200,1,27.825,291.27,28.238897,331.0239,28.94367,144.14705
5,1118936728200,3,27.836,291.27,28.129799,375.5739,28.731522,151.37968
5,1118936728200,5,28.081,291.266,28.449947,398.71362,28.451584,147.99254
5,1118936729600,1,27.825,291.27,28.238897,331.0239,28.94367,144.14705
5,1118936729600,3,27.942,291.268,28.129799,375.5739,28.731522,151.37968
5,1118936729600,5,28.102,291.265,28.449947,398.71362,28.451584,147.99254
5,1118936731500,1,27.836,291.27,28.238897,331.0239,28.94367,144.14705
5,1118936731500,3,28.081,291.266,28.129799,375.5739,28.731522,151.37968
5,1118936731500,5,28.177,291.264,28.449947,398.71362,28.451584,147.99254
5,1118936732400,1,27.942,291.268,28.238897,331.0239,28.94367,144.14705
5,1118936732400,3,28.102,291.265,28.129799,375.5739,28.731522,151.37968
5,1118936732400,5,28.284,291.262,28.449947,398.71362,28.451584,147.99254
5,1118936733400,1,28.081,291.266,28.299257,331.0239,28.94367,144.14705
5,1118936733400,3,28.177,291.264,28.15987,375.5739,28.731522,151.37968
5,1118936733400,5,28.497,291.258,28.449947,398.71362,28.451584,147.99254
5,1118936734700,1,28.102,291.265,28.53983,330.5659,28.94367,144.14705
5,1118936734700,3,28.284,291.262,28.15987,371.31467,28.731522,151.37968
5,1118936734700,5,28.998,291.301,29.244997,383.71683,28.451584,147.99254
5,1118936734900,1,28.177,291.264,28.53983,330.5659,28.94367,144.14705
5,1118936734900,3,28.497,291.258,28.15987,371.31467,28.731522,151.37968
5,1118936734900,5,28.998,291.301,29.244997,366.65073,28.451584,147.99254
5,1118936735600,1,28.284,291.262,28.687075,330.5659,28.94367,144.14705
5,1118936735600,3,28.998,291.301,28.15987,366.91815,28.731522,151.37968
5,1118936735600,5,28.998,291.301,29.244997,366.11295,28.451584,147.99254
5,1118936736600,1,28.497,291.258,28.687075,330.5659,28.94367,144.14705
5,1118936736600,3,28.998,291.301,28.15987,364.52542,28.731522,151.37968
5,1118936736600,5,28.998,291.301,29.244997,366.11295,28.451584,147.99254
5,1118936738600,1,28.998,291.301,28.7848,330.5659,28.94367,144.14705
5,1118936738600,3,28.998,291.301,28.15987,364.52542,28.731522,151.37968
5,1118936738600,5,28.998,291.301,29.15873,366.11295,28.451584,147.99254
5,1118936747500,1,28.998,291.301,28.724442,330.5659,28.94367,144.14705
5,1118936747500,3,28.998,291.301,28.439241,364.52542,28.731522,151.37968
5,1118936747500,5,28.998,291.301,29.959158,369.45062,28.451584,147.99254
5,1118936747900,1,28.998,291.301,28.724442,331.0239,28.94367,144.14705
5,1118936747900,3,28.998,291.301,28.382874,368.78467,28.731522,151.37968
5,1118936747900,5,28.998,291.301,29.959158,384.44742,28.451584,147.99254
5,1118936751000,1,28.998,291.301,28.724442,331.0239,28.94367,144.14705
5,1118936751000,3,28.998,291.301,28.382874,368.78467,28.731522,151.37968
5,1118936751000,5,28.998,291.301,29.164108,401.51355,28.451584,147.99254
5,1118936751900,1,28.998,291.301,28.724442,331.0239,28.94367,144.14705
5,1118936751900,3,28.998,291.301,28.382874,373.18118,28.731522,151.37968
5,1118936751900,5,28.998,291.301,29.164108,402.0513,28.451584,147.99254
5,1118936757000,1,28.998,291.301,28.724442,331.0239,28.94367,144.14705
5,1118936757000,3,28.998,291.301,28.382874,375.5739,28.731522,151.37968
5,1118936757000,5,28.688,295.75,29.164108,402.0513,28.451584,147.99254
5,1118936757100,1,28.998,291.301,28.724442,331.0239,28.94367,144.14705
5,1118936757100,3,28.998,291.301,28.382874,375.5739,28.731522,151.37968
5,1118936757100,5,28.062,304.591,29.250378,402.0513,28.451584,147.99254
5,1118936757400,1,28.998,291.301,28.724442,331.0239,28.94367,144.14705
5,1118936757400,3,28.688,295.75,28.418997,375.5739,28.731522,151.37968
5,1118936757400,5,26.99,358.224,29.289103,402.0513,28.451584,147.99254
5,1118936760400,1,28.998,291.301,28.724442,331.0239,28.94367,144.14705
5,1118936760400,3,28.062,304.591,28.475365,375.5739,28.731522,151.37968
5,1118936760400,5,17.957,430.022,29.252558,402.0513,28.451584,147.99254
5,1118936761700,1,28.688,295.75,28.724442,331.0239,28.94367,144.14705
5,1118936761700,3,26.99,358.224,28.475365,375.5739,28.731522,151.37968
5,1118936761700,5,14.349,593.264,29.252558,398.71362,28.451584,147.99254
5,1118936765800,1,28.062,304.591,28.713284,331.0239,28.94367,144.14705
5,1118936765800,3,17.957,430.022,28.311995,375.5739,28.731522,151.37968
5,1118936765800,5,13.133,757.445,28.086166,398.28815,28.451584,147.99254
5,1118936769800,1,26.99,358.224,28.306911,331.0239,28.94367,144.14705
5,1118936769800,3,14.349,593.264,28.359533,375.5739,28.731522,151.37968
5,1118936769800,5,23.703,851.838,28.218044,398.28815,28.451584,147.99254
5,1118936772300,1,17.957,430.022,27.277523,397.62744,28.94367,144.14705
5,1118936772300,3,13.133,757.445,28.335033,472.17242,28.731522,151.37968
5,1118936772300,5,25.017,865.56,28.178097,570.3485,28.451584,147.99254
5,1118936774200,1,14.349,593.264,16.874992,496.8378,28.94367,144.14705
5,1118936774200,3,23.703,851.838,18.711184,601.6072,28.731522,151.37968
5,1118936774200,5,30.629,921.38,18.922853,746.3054,28.451584,147.99254
5,1118936777400,1,13.133,757.445,14.784349,665.5032,28.94367,144.14705
5,1118936777400,3,25.017,865.56,16.163944,807.13727,28.731522,151.37968
5,1118936777400,5,33.459,981.41,17.818563,920.2668,28.451584,147.99254
5,1118936780000,1,23.703,851.838,13.958502,817.1512,28.94367,144.14705
5,1118936780000,3,30.629,921.38,15.562076,998.53564,28.731522,151.37968
5,1118936780000,5,41.708,1514.352,19.348164,984.59357,28.451584,147.99254
5,1118936781400,1,25.017,865.56,23.631641,923.0128,28.94367,144.14705
5,1118936781400,3,33.459,981.41,24.40239,924.6098,28.731522,151.37968
5,1118936781400,5,33.653,1574.902,25.67643,1022.5474,28.451584,147.99254
71,1118935691200,1,-25.424,967.305,16.980965,479.64267,28.94367,144.14705
71,1118935691200,3,-45.449,580.771,18.411625,738.8775,28.731522,151.37968
71,1118935691200,5,-45.461,513.827,17.755608,951.61383,28.451584,147.99254
71,1118935693400,1,-45.519,739.525,-17.14192,1031.7821,28.94367,144.14705
71,1118935693400,3,-45.644,517.497,-17.40978,1056.0924,28.731522,151.37968
71,1118935693400,5,-45.606,514.103,-8.818523,950.3052,28.451584,147.99254
71,1118935697300,1,-45.449,580.771,7.56223,173.04755,28.943668,144.14705
71,1118935697300,3,-45.461,513.827,3.8707502,395.25757,28.731522,151.37968
71,1118935697300,5,-45.129,513.828,14.321063,448.12143,28.451584,147.99254
71,1118935700500,1,-45.644,517.497,11.121747,214.24606,28.943666,144.14705
71,1118935700500,3,-45.606,514.103,8.298339,260.67307,28.731522,151.37967
71,1118935700500,5,-45.309,514.01,-5.0777807,264.7153,28.451584,147.99254
71,1118935704900,1,-45.461,513.827,7.646848,231.83098,28.943666,144.14705
71,1118935704900,3,-45.129,513.828,7.166249,154.15877,28.731522,151.37968
71,1118935704900,5,-45.158,513.834,-0.18099149,301.97324,28.451584,147.99254
71,1118935707700,1,-45.606,514.103,10.515,236.04227,28.943665,144.14705
71,1118935707700,3,-45.309,514.01,2.6632586,252.60002,28.731522,151.37968
71,1118935707700,5,-45.478,514.112,0.9944859,320.80383,28.451584,147.99254
71,1118935709800,1,-45.129,513.828,6.881585,212.07515,28.943665,144.14705
71,1118935709800,3,-45.158,513.834,9.640953,261.51892,28.731522,151.37968
71,1118935709800,5,-45.312,514.068,5.9222097,311.5315,28.451584,147.99254
71,1118935710400,1,-45.309,514.01,8.071929,211.41714,28.943665,144.14703
71,1118935710400,3,-45.478,514.112,4.530709,247.27444,28.731522,151.37968
71,1118935710400,5,-45.479,513.998,10.822005,301.0301,28.451584,147.99254
71,1118935712300,1,-45.158,513.834,6.919337,178.98991,28.943653,144.14702
71,1118935712300,3,-45.312,514.068,6.7828717,271.39603,28.731522,151.37968
71,1118935712300,5,-45.158,513.886,6.6378207,413.4363,28.451584,147.99254
71,1118935714200,1,-45.478,514.112,7.3340263,188.04286,28.943615,144.14685
71,1118935714200,3,-45.479,513.998,9.827884,285.47314,28.731518,151.37967
71,1118935714200,5,-45.187,513.816,7.527646,384.09296,28.451576,147.99252
71,1118935714800,1,-45.312,514.068,5.971804,168.85017,28.943644,144.14697
71,1118935714800,3,-45.158,513.886,13.290614,275.83557,28.731516,151.37967
71,1118935714800,5,-45.339,513.838,15.473122,387.00293,28.451578,147.99252
71,1118935717800,1,-45.479,513.998,7.758109,220.71399,28.94365,144.14696
71,1118935717800,3,-45.187,513.816,17.092978,303.37796,28.731518,151.37967
71,1118935717800,5,-45.311,513.836,30.000025,353.606,28.451582,147.99254
71,1118935719100,1,-45.158,513.886,7.156148,183.68442,28.943653,144.14697
71,1118935719100,3,-45.339,513.838,16.281456,249.57916,28.73152,151.37967
71,1118935719100,5,-45.158,513.836,29.87651,286.4119,28.451584,147.99254
71,1118935721100,1,-45.187,513.816,8.125356,166.11859,28.943653,144.14697
71,1118935721100,3,-45.311,513.836,15.902154,253.13234,28.73152,151.37967
71,1118935721100,5,-45.311,513.836,29.670969,272.44016,28.451584,147.99254
71,1118935721800,1,-45.339,513.838,6.873875,168.85017,28.943653,144.14697
71,1118935721800,3,-45.158,513.836,16.281456,240.99208,28.73152,151.37967
71,1118935721800,5,-45.158,513.836,29.906258,268.3494,28.451584,147.99254
71,1118935723400,1,-45.311,513.836,7.994812,168.85017,28.943655,144.14697
71,1118935723400,3,-45.311,513.836,15.889655,243.95964,28.73152,151.37967
71,1118935723400,5,-45.354,513.837,29.670969,275.47974,28.451584,147.99254
71,1118935723700,1,-45.158,513.836,7.004419,186.80005,28.943655,144.14697
71,1118935723700,3,-45.158,513.836,16.341642,248.21887,28.73152,151.37967
71,1118935723700,5,-45.718,513.838,28.656199,287.00763,28.451584,147.99254
71,1118935724300,1,-45.311,513.836,8.125356,184.86536,28.943655,144.14697
71,1118935724300,3,-45.354,513.837,17.485867,248.63474,28.73152,151.37967
71,1118935724300,5,-45.659,513.837,29.960516,292.0171,28.451584,147.99254
71,1118935725800,1,-45.158,513.836,7.994812,186.80005,28.943655,144.14697
71,1118935725800,3,-45.718,513.838,17.268116,259.18488,28.73152,151.37967
71,1118935725800,5,-45.49,513.837,30.352182,293.82416,28.451584,147.99254
71,1118935727000,1,-45.354,513.837,7.004419,189.53163,28.943653,144.14697
71,1118935727000,3,-45.659,513.837,15.438899,253.83841,28.73152,151.37967
71,1118935727000,5,-45.462,513.837,29.47362,302.80765,28.451584,147.99254
71,1118935732300,1,-45.718,513.838,7.994812,189.53163,28.943655,144.14697
71,1118935732300,3,-45.49,513.837,16.674253,258.23492,28.73152,151.37967
71,1118935732300,5,-45.536,513.837,29.648598,299.76242,28.451584,147.99254
71,1118935734800,1,-45.659,513.837,7.914362,189.53163,28.943655,144.14697
71,1118935734800,3,-45.462,513.837,17.268116,258.23492,28.73152,151.37967
71,1118935734800,5,-45.49,513.837,29.54007,307.54263,28.451584,147.99254
71,1118935736700,1,-45.49,513.837,6.885031,189.53163,28.943653,144.14697
71,1118935736700,3,-45.536,513.837,15.40883,258.23492,28.73152,151.37967
71,1118935736700,5,-45.659,513.837,28.538002,297.95868,28.451584,147.99254
71,1118935737500,1,-45.462,513.837,8.125356,187.59694,28.943653,144.14697
71,1118935737500,3,-45.49,513.837,15.631687,253.03125,28.73152,151.37967
71,1118935737500,5,-45.689,513.837,29.646416,294.04904,28.451584,147.99254
71,1118935738000,1,-45.536,513.837,8.005968,189.53163,28.943655,144.14697
71,1118935738000,3,-45.659,513.837,16.822512,256.21732,28.73152,151.37967
71,1118935738000,5,-45.659,513.837,30.381931,289.7285,28.451584,147.99254
71,1118935740000,1,-45.49,513.837,6.873875,189.53163,28.943655,144.14697
71,1118935740000,3,-45.689,513.837,15.378715,253.83841,28.73152,151.37967
71,1118935740000,5,-45.659,513.86,30.26867,302.80765,28.451584,147.99254
71,1118935741500,1,-45.659,513.837,8.005968,189.53163,28.943655,144.14697
71,1118935741500,3,-45.659,513.837,16.704369,258.23492,28.73152,151.37967
71,1118935741500,5,-45.661,513.355,29.67315,304.07376,28.451584,147.99254
71,1118935741900,1,-45.689,513.837,7.914362,189.53163,28.943651,144.14697
71,1118935741900,3,-45.659,513.86,17.149973,251.63359,28.73152,151.37967
71,1118935741900,5,-45.506,499.991,29.601784,300.84836,28.451584,147.99254
71,1118935742300,1,-45.659,513.837,7.994812,189.53163,28.943651,144.14697
71,1118935742300,3,-45.661,513.355,17.268116,258.23492,28.73152,151.37967
71,1118935742300,5,-36.178,376.031,29.915865,304.4533,28.451582,147.99254
71,1118935744800,1,-45.659,513.86,8.005968,189.53163,28.943653,144.14697
71,1118935744800,3,-45.506,499.991,15.801626,258.23492,28.73152,151.37967
71,1118935744800,5,-30.31,289.107,28.851368,303.3058,28.451584,147.99254
71,1118935746000,1,-45.661,513.355,8.005968,189.53163,28.943653,144.14697
71,1118935746000,3,-36.178,376.031,16.822512,255.26736,28.73152,151.37967
71,1118935746000,5,-28.427,213.047,29.21228,306.4727,28.451584,147.99254
71,1118935746400,1,-45.506,499.991,6.885031,189.53163,28.943653,144.14697
71,1118935746400,3,-30.31,289.107,16.875319,258.23492,28.73152,151.37967
71,1118935746400,5,-28.604,193.99,29.156,310.99384,28.451584,147.99254
71,1118935748100,1,-36.178,376.031,7.004419,139.77568,28.943651,144.14697
71,1118935748100,3,-28.427,213.047,18.363688,201.62552,28.73152,151.37967
71,1118935748100,5,-27.961,149.239,35.43146,288.00186,28.451584,147.99254
71,1118935752400,1,-30.31,289.107,3.05954,346.7251,28.943642,144.14694
71,1118935752400,3,-28.604,193.99,17.201633,323.26526,28.73152,151.37965
71,1118935752400,5,-27.646,108.926,29.784822,316.01123,28.451582,147.99254
71,1118935754400,1,-28.427,213.047,-12.646213,298.03625,28.943552,144.14662
71,1118935754400,3,-27.961,149.239,0.99747443,276.4899,28.7312,151.37572
71,1118935754400,5,-4.506,1522.98,33.709953,261.7895,28.451578,147.9925
71,1118935756100,1,-28.604,193.99,-11.933263,210.8496,28.942451,144.14246
71,1118935756100,3,-27.646,108.926,35.03575,184.1948,28.72175,151.25908
71,1118935756100,5,-2.982,1446.12,54.59391,252.59897,28.451519,147.99211
71,1118935756500,1,-27.961,149.239,7.4837565,191.4249,28.938301,144.12827
71,1118935756500,3,-4.506,1522.98,38.490448,177.50337,28.681213,150.75874
71,1118935756500,5,-11.553,1399.855,46.544884,254.67882,28.451363,147.9912
71,1118935757400,1,-27.646,108.926,7.78892,160.43051,28.886818,143.9364
71,1118935757400,3,-2.982,1446.12,37.522377,167.16449,28.525602,148.83969
71,1118935757400,5,-16.327,1226.012,44.028107,253.74974,28.44899,147.9749
71,1118935758200,1,-4.506,1522.98,12.8443575,134.9312,27.959568,140.52728
71,1118935758200,3,-11.553,1399.855,29.740225,150.28828,28.451416,147.95163
71,1118935758200,5,-18.812,1119.682,38.890408,310.8363,28.416672,147.73773
71,1118936736900,1,-2.982,1446.12,8.088998,1357.1414,28.504496,142.70488
71,1118936736900,3,-16.327,1226.012,5.9763594,1366.1267,28.72696,151.35944
71,1118936736900,5,-11.851,1045.114,9.425061,1342.3855,28.443476,147.95613
71,1118936738800,1,-11.553,1399.855,-4.19711,1380.4755,28.798233,143.5894
71,1118936738800,3,-18.812,1119.682,0.87169605,1386.979,28.668003,151.08316
71,1118936738800,5,-9.572,901.412,13.195937,1231.701,28.370611,147.62027
71,1118936739900,1,-16.327,1226.012,-11.413053,1368.2866,28.91669,144.03859
71,1118936739900,3,-11.851,1045.114,-11.168178,1362.1764,28.712725,151.28871
71,1118936739900,5,-12.617,872.142,2.5820274,1212.0238,28.431635,147.89406
71,1118936744000,1,-18.812,1119.682,-15.101638,1211.9478,28.93981,144.13127
71,1118936744000,3,-9.572,901.412,-6.8356333,1116.6724,28.72854,151.36334
71,1118936744000,5,-24.448,678.579,-0.6639028,1092.3988,28.448196,147.97289
71,1118936746600,1,-11.851,1045.114,-15.367466,1088.9388,28.943115,144.14467
71,1118936746600,3,-12.617,872.142,-15.140093,985.3922,28.73097,151.37639
71,1118936746600,5,-24.556,672.035,-8.079339,925.3398,28.451086,147.98967
71,1118936748300,1,-9.572,901.412,-11.213576,1019.8041,28.943579,144.14665
71,1118936748300,3,-24.448,678.579,-10.104509,895.6241,28.731419,151.37909
71,1118936748300,5,-24.257,541.39,-0.5516931,906.43475,28.4515,147.99208
71,1118936751600,1,-12.617,872.142,-11.422216,871.0843,28.943655,144.14699
71,1118936751600,3,-24.556,672.035,-4.2236395,746.4077,28.731503,151.37956
71,1118936751600,5,-24.287,534.202,-1.5102497,737.1493,28.451567,147.99243
71,1118936752300,1,-24.448,678.579,-12.47833,843.5844,28.94367,144.14705
71,1118936752300,3,-24.257,541.39,-12.684302,715.80756,28.731522,151.37968
71,1118936752300,5,-24.495,482.456,-8.028851,732.31934,28.451584,147.99254
71,1118936758500,1,-24.556,672.035,-22.698914,648.39954,28.94367,144.14705
71,1118936758500,3,-24.287,534.202,-19.31161,582.88257,28.731522,151.37968
71,1118936758500,5,-23.389,447.12,-23.934525,516.4734,28.451584,147.99254
71,1118936758800,1,-24.257,541.39,-23.566267,653.43823,28.94367,144.14705
71,1118936758800,3,-24.495,482.456,-22.431696,576.5836,28.731522,151.37968
71,1118936758800,5,-13.564,371.574,-22.388786,511.00674,28.451584,147.99254
71,1118936762800,1,-24.287,534.202,-23.56883,515.6507,28.94367,144.14705
71,1118936762800,3,-23.389,447.12,-21.37894,477.23117,28.731522,151.37968
71,1118936762800,5,-8.918,319.686,-18.57573,495.8952,28.451584,147.99254
71,1118936763000,1,-24.495,482.456,-23.660437,513.74304,28.94367,144.14705
71,1118936763000,3,-13.564,371.574,-21.586536,474.89468,28.731522,151.37968
71,1118936763000,5,-7.519,230.136,-20.215036,484.42734,28.451584,147.99254
71,1118936764400,1,-23.389,447.12,-23.660437,448.92453,28.94367,144.14705
71,1118936764400,3,-8.918,319.686,-20.650663,404.17868,28.731522,151.37968
71,1118936764400,5,-7.643,222.445,-20.01963,436.8118,28.451584,147.99254
71,1118936765300,1,-13.564,371.574,-21.364098,423.6273,28.94367,144.14705
71,1118936765300,3,-7.519,230.136,-19.013577,365.3725,28.731522,151.37968
71,1118936765300,5,-7.967,199.456,-15.961443,400.56403,28.451584,147.99254
73,1118935687400,1,-30.402,1303.701,-0.7755793,1686.6084,28.94367,144.14705
73,1118935687400,3,-15.948,952.88,1.2457913,1472.64,28.731522,151.37968
73,1118935687400,5,-35.173,769.4,4.4483094,1231.7118,28.451584,147.99254
73,1118935690500,1,-28.082,1259.44,-21.03686,1424.8489,28.94367,144.14705
73,1118935690500,3,-25.36,844.961,-9.969791,1467.1112,28.731522,151.37968
73,1118935690500,5,-34.753,631.627,-0.4624499,1368.4937,28.451584,147.99254
73,1118935691200,1,-15.948,952.88,-25.167265,1252.7219,28.94367,144.14705
73,1118935691200,3,-35.173,769.4,-19.118505,1276.5813,28.731522,151.37968
73,1118935691200,5,-35.086,615.174,-17.32849,1345.6306,28.451584,147.99254
73,1118935696400,1,-25.36,844.961,-12.165583,947.14343,28.94367,144.14705
73,1118935696400,3,-34.753,631.627,-13.430975,947.2096,28.731522,151.37968
73,1118935696400,5,-34.006,581.957,-15.622368,952.76166,28.451584,147.99254
73,1118935698400,1,-35.173,769.4,-22.229898,845.2985,28.94367,144.14705
73,1118935698400,3,-35.086,615.174,-20.031439,754.5347,28.731522,151.37968
73,1118935698400,5,-34.087,562.924,-21.875544,723.1188,28.451584,147.99254
73,1118935699900,1,-34.753,631.627,5.63414,639.15607,28.94367,144.14705
73,1118935699900,3,-34.006,581.957,3.0248275,654.6757,28.731522,151.37968
73,1118935699900,5,-34.19,537.421,-4.1713963,646.3443,28.451584,147.99254
73,1118935703400,1,-35.086,615.174,9.999606,483.34363,28.94367,144.14705
73,1118935703400,3,-34.087,562.924,3.9389484,520.2914,28.731522,151.37968
73,1118935703400,5,-34.192,536.95,-5.1310797,506.5864,28.451584,147.99254
73,1118935704200,1,-34.006,581.957,0.6737635,491.03604,28.94367,144.14705
73,1118935704200,3,-34.19,537.421,12.785586,511.7262,28.731522,151.37968
73,1118935704200,5,-34.193,536.449,-2.398715,493.76675,28.451584,147.99254
73,1118935706300,1,-34.087,562.924,0.70446557,433.69952,28.94367,144.14705
73,1118935706300,3,-34.192,536.95,-4.0157943,474.29895,28.731522,151.37968
73,1118935706300,5,-34.195,535.949,-8.897844,493.00165,28.451584,147.99254
73,1118935707900,1,-34.19,537.421,1.7643492,409.84637,28.94367,144.14705
73,1118935707900,3,-34.193,536.449,-2.34966,471.82513,28.731522,151.37968
73,1118935707900,5,-34.194,536.229,-0.21611397,481.87247,28.451584,147.99254
73,1118935713800,1,-34.192,536.95,2.71515,388.24658,28.94367,144.14705
73,1118935713800,3,-34.195,535.949,-0.49687818,465.25482,28.731522,151.37968
73,1118935713800,5,-34.194,536.084,-0.8867201,497.0696,28.451584,147.99254
73,1118935717300,1,-34.193,536.449,1.7755057,388.24658,28.94367,144.14705
73,1118935717300,3,-34.194,536.229,5.748467,496.06064,28.731522,151.37968
73,1118935717300,5,-34.195,535.949,-1.7752286,517.26624,28.451584,147.99254
73,1118935720800,1,-34.195,535.949,4.2852426,392.92368,28.943666,144.14705
73,1118935720800,3,-34.194,536.084,7.539157,505.08392,28.73152,151.37968
73,1118935720800,5,-34.195,535.949,-0.9279001,497.961,28.451584,147.99254
73,1118935723300,1,-34.194,536.229,3.707776,366.3314,28.943666,144.14705
73,1118935723300,3,-34.195,535.949,8.049103,505.08392,28.731522,151.37968
73,1118935723300,5,-34.195,535.949,12.437855,468.56894,28.451584,147.99254
73,1118935726700,1,-34.194,536.084,4.9124317,366.3314,28.943668,144.14705
73,1118935726700,3,-34.195,535.949,8.511075,498.753,28.731522,151.37968
73,1118935726700,5,-34.195,535.949,20.175802,466.49704,28.451584,147.99254
73,1118935728600,1,-34.195,535.949,4.942723,387.01285,28.943668,144.14705
73,1118935728600,3,-34.195,535.949,15.588849,500.04465,28.731522,151.37968
73,1118935728600,5,-34.195,535.949,23.143143,482.82117,28.451584,147.99254
73,1118935730700,1,-34.195,535.949,4.9124317,366.3314,28.943668,144.14705
73,1118935730700,3,-34.195,535.949,16.064568,504.37253,28.731522,151.37968
73,1118935730700,5,-34.195,535.949,28.640503,486.07394,28.451584,147.99254
73,1118935733600,1,-34.195,535.949,5.190582,366.3314,28.943666,144.14703
73,1118935733600,3,-34.195,535.949,16.064568,503.1495,28.731522,151.37968
73,1118935733600,5,-34.195,535.949,29.514847,469.0078,28.451584,147.99254
73,1118935734500,1,-34.195,535.949,5.190582,389.74442,28.943663,144.14702
73,1118935734500,3,-34.195,535.949,16.064568,505.40494,28.731522,151.37968
73,1118935734500,5,-34.195,535.949,29.774416,484.0046,28.451584,147.99254
73,1118935738600,1,-34.195,535.949,5.190582,387.01285,28.943663,144.14702
73,1118935738600,3,-34.195,535.949,16.064568,508.63174,28.731522,151.37968
73,1118935738600,5,-34.195,535.949,29.774416,501.07074,28.451584,147.99254
73,1118935739000,1,-34.195,535.949,5.190582,387.01285,28.943663,144.14702
73,1118935739000,3,-34.195,535.949,16.269821,513.02826,28.731522,151.37968
73,1118935739000,5,-34.195,535.949,29.394827,501.07074,28.451584,147.99254
73,1118935740500,1,-34.195,535.949,5.190582,389.74442,28.943663,144.14702
73,1118935740500,3,-34.195,535.949,16.269821,515.421,28.731522,151.37968
73,1118935740500,5,-34.223,529.101,28.853548,501.07074,28.451584,147.99254
73,1118935741200,1,-34.195,535.949,5.190582,389.74442,28.943663,144.14702
73,1118935741200,3,-34.195,535.949,16.269821,515.421,28.731522,151.37968
73,1118935741200,5,-34.275,516.286,28.853548,501.07074,28.451584,147.99254
73,1118935742000,1,-34.195,535.949,5.190582,389.74442,28.943663,144.14702
73,1118935742000,3,-34.223,529.101,16.269821,515.421,28.731522,151.37968
73,1118935742000,5,-34.291,512.332,28.853548,501.07074,28.451584,147.99254
73,1118935742100,1,-34.195,535.949,5.190582,389.74442,28.943663,144.14702
73,1118935742100,3,-34.275,516.286,16.269821,515.421,28.731522,151.37968
73,1118935742100,5,-24.064,369.261,28.853548,501.07074,28.451584,147.99254
73,1118935743700,1,-34.223,529.101,5.190582,389.74442,28.943663,144.14702
73,1118935743700,3,-34.291,512.332,16.269821,515.421,28.731522,151.37968
73,1118935743700,5,-20.972,322.512,28.853548,501.07074,28.451584,147.99254
73,1118935748900,1,-34.275,516.286,5.1794257,374.27307,28.943663,144.14702
73,1118935748900,3,-24.064,369.261,16.239706,494.5808,28.731522,151.37968
73,1118935748900,5,-19.151,281.361,29.35335,495.74698,28.451584,147.99254
73,1118935750100,1,-34.291,512.332,5.1794257,352.3385,28.943663,144.14702
73,1118935750100,3,-20.972,322.512,17.786034,460.57373,28.731522,151.37968
73,1118935750100,5,-17.666,198.493,33.802776,439.15775,28.451584,147.99254
73,1118935750400,1,-24.064,369.261,5.1794257,349.6366,28.943663,144.14702
73,1118935750400,3,-19.151,281.361,17.786034,439.4728,28.731522,151.37968
73,1118935750400,5,-17.429,177.56,29.226284,421.66617,28.451584,147.99254
82,1118935697700,1,-36.128,1256.816,17.079185,608.28613,28.94367,144.14705
82,1118935697700,3,-37.735,1187.712,14.469747,1329.9008,28.731522,151.37968
82,1118935697700,5,-39.942,1138.14,11.603026,1338.1934,28.451584,147.99254
82,1118935698800,1,-35.775,1247.793,9.725592,1235.29,28.94367,144.14705
82,1118935698800,3,-37.79,1161.002,4.451005,1464.8606,28.731522,151.37968
82,1118935698800,5,-40.097,1135.731,8.615517,1424.917,28.451584,147.99254
82,1118935699000,1,-37.735,1187.712,7.534617,1146.6558,28.94367,144.14705
82,1118935699000,3,-39.942,1138.14,3.1200304,1299.3243,28.731522,151.37968
82,1118935699000,5,-40.343,1135.005,1.0767592,1349.1567,28.451584,147.99254
82,1118935700500,1,-37.79,1161.002,5.7283444,655.6794,28.94367,144.14705
82,1118935700500,3,-40.097,1135.731,2.1870418,1143.0397,28.731522,151.37968
82,1118935700500,5,-40.268,1132.645,-5.851483,1134.3788,28.451584,147.99254
82,1118935701300,1,-39.942,1138.14,9.3897505,685.7178,28.94367,144.14705
82,1118935701300,3,-40.343,1135.005,3.82388,1048.6233,28.731522,151.37968
82,1118935701300,5,-40.65,1132.448,1.0295241,1130.4907,28.451584,147.99254
82,1118935704700,1,-40.097,1135.731,9.951553,490.96863,28.94367,144.14705
82,1118935704700,3,-40.268,1132.645,4.9609046,818.08136,28.731522,151.37968
82,1118935704700,5,-40.542,1131.916,5.4563847,921.79877,28.451584,147.99254
82,1118935706800,1,-40.343,1135.005,7.682018,475.17236,28.94367,144.14705
82,1118935706800,3,-40.65,1132.448,17.152437,826.6277,28.731522,151.37968
82,1118935706800,5,-39.219,1085.821,11.313708,875.374,28.451584,147.99254
82,1118935707200,1,-40.268,1132.645,6.9901266,437.3493,28.94367,144.14705
82,1118935707200,3,-40.542,1131.916,15.5520115,790.77545,28.731522,151.37968
82,1118935707200,5,-25.448,1018.755,12.311763,761.13525,28.451584,147.99254
82,1118935709300,1,-40.65,1132.448,6.4069796,407.93698,28.94367,144.14705
82,1118935709300,3,-39.219,1085.821,11.420871,794.71606,28.731522,151.37968
82,1118935709300,5,-30.405,893.532,1.4990509,856.85425,28.451584,147.99254
82,1118935709700,1,-40.542,1131.916,6.876715,396.40558,28.94367,144.14705
82,1118935709700,3,-25.448,1018.755,12.525349,781.9712,28.731522,151.37968
82,1118935709700,5,-42.489,691.817,3.8176694,809.9349,28.451584,147.99254
82,1118935710300,1,-39.219,1085.821,10.211501,371.78638,28.94367,144.14705
82,1118935710300,3,-30.405,893.532,16.256052,806.5064,28.731522,151.37968
82,1118935710300,5,-43.724,575.3,3.0201735,821.59283,28.451584,147.99254
82,1118935715900,1,-25.448,1018.755,7.153556,329.01245,28.94367,144.14705
82,1118935715900,3,-42.489,691.817,14.329369,685.53827,28.731522,151.37968
82,1118935715900,5,-43.746,569.643,4.769897,772.07965,28.451584,147.99254
82,1118935718400,1,-30.405,893.532,-19.255606,983.1344,28.94367,144.14705
82,1118935718400,3,-43.724,575.3,-3.5778754,887.7662,28.731522,151.37968
82,1118935718400,5,-43.753,568.161,-8.266184,803.80273,28.451584,147.99254
82,1118935721700,1,-42.489,691.817,-15.705691,852.1713,28.94367,144.14705
82,1118935721700,3,-43.746,569.643,-1.0925463,735.171,28.731522,151.37968
82,1118935721700,5,-43.757,567.163,14.136909,679.1346,28.451584,147.99254
82,1118935726400,1,-43.724,575.3,7.5904956,250.00084,28.94367,144.14705
82,1118935726400,3,-43.753,568.161,19.129528,287.30713,28.731522,151.37968
82,1118935726400,5,-43.757,567.163,15.668238,283.1474,28.451584,147.99254
82,1118935730800,1,-43.746,569.643,7.814961,136.99007,28.94367,144.14705
82,1118935730800,3,-43.757,567.163,21.227083,163.44608,28.731522,151.37968
82,1118935730800,5,-43.757,567.163,13.0602865,221.74709,28.451584,147.99254
82,1118935731800,1,-43.753,568.161,8.023281,177.60118,28.94367,144.14705
82,1118935731800,3,-43.757,567.163,14.10729,257.7552,28.731522,151.37968
82,1118935731800,5,-43.757,567.163,10.544173,318.04865,28.451584,147.99254
82,1118935732500,1,-43.757,567.163,6.915493,184.00618,28.94367,144.14705
82,1118935732500,3,-43.757,567.163,10.865187,256.87433,28.731522,151.37968
82,1118935732500,5,-43.757,567.136,9.104918,283.40872,28.451584,147.99254
82,1118935737000,1,-43.757,567.163,6.5231624,151.2394,28.94367,144.14705
82,1118935737000,3,-43.757,567.163,3.7206922,277.88876,28.731522,151.37968
82,1118935737000,5,-43.771,563.688,8.510451,372.48032,28.451584,147.99254
82,1118935743800,1,-43.757,567.163,6.5231624,153.9413,28.94367,144.14705
82,1118935743800,3,-43.757,567.136,7.3424234,302.34714,28.731522,151.37968
82,1118935743800,5,-43.958,445.027,2.4099085,404.576,28.451584,147.99254
82,1118935745200,1,-43.757,567.163,7.557682,162.87698,28.94367,144.14705
82,1118935745200,3,-43.771,563.688,8.210938,309.57394,28.731522,151.37968
82,1118935745200,5,-37.775,393.598,0.84236246,393.56796,28.451584,147.99254
82,1118935746000,1,-43.757,567.136,7.557682,150.00566,28.94366,144.14702
82,1118935746000,3,-43.958,445.027,10.733758,321.52438,28.73152,151.37968
82,1118935746000,5,-29.183,243.049,14.295467,429.33542,28.451582,147.99254
82,1118935747400,1,-43.771,563.688,7.727818,150.00566,28.943665,144.14705
82,1118935747400,3,-37.775,393.598,11.464354,319.59,28.73152,151.37968
82,1118935747400,5,-30.052,111.847,19.997355,400.38226,28.451584,147.99254
82,1118935749200,1,-43.958,445.027,7.994812,178.51604,28.94366,144.14699
82,1118935749200,3,-29.183,243.049,17.968739,268.07938,28.731522,151.37968
82,1118935749200,5,15.247,211.798,29.457005,299.40442,28.451584,147.99254
82,1118935754600,1,-37.775,393.598,5.169236,270.96,28.943651,144.14696
82,1118935754600,3,-30.052,111.847,17.542973,131.16226,28.731522,151.37967
82,1118935754600,5,15.247,211.798,34.464073,204.4744,28.451582,147.99254
82,1118935756000,1,-29.183,243.049,6.5191045,361.19525,28.943605,144.14682
82,1118935756000,3,15.247,211.798,17.074785,318.86874,28.731518,151.37962
82,1118935756000,5,15.247,211.798,29.678429,326.04028,28.451582,147.99254
82,1118935759800,1,-30.052,111.847,-12.646213,230.38423,28.943077,144.14494
82,1118935759800,3,15.247,211.798,0.99747443,211.15146,28.730711,151.36967
82,1118935759800,5,15.247,211.798,37.36009,277.4043,28.451561,147.99239
82,1118935762900,1,15.247,211.798,4.1374674,139.65872,28.71072,143.09029
82,1118935762900,3,15.247,211.798,35.981182,183.88094,28.489906,148.4019
82,1118935762900,5,15.247,211.798,63.538425,253.28192,28.438055,147.89124
82,1118936751300,1,15.247,211.798,9.211816,206.60931,28.940891,144.13843
82,1118936751300,3,15.247,211.798,37.280773,214.2556,28.731506,151.37961
82,1118936751300,5,15.247,211.798,42.411884,249.48895,28.451563,147.99245
82,1118936757500,1,15.247,211.798,14.083426,224.71487,28.939775,144.13501
82,1118936757500,3,15.247,211.798,31.690525,253.34485,28.731506,151.37961
82,1118936757500,5,15.247,211.798,39.479702,290.47952,28.451563,147.99245
82,1118936762000,1,15.247,211.798,15.507913,229.8185,28.93708,144.1266
82,1118936762000,3,15.247,211.798,22.062044,273.12393,28.731504,151.3796
82,1118936762000,5,15.247,211.798,30.917974,326.84265,28.45156,147.99243
82,1118936762600,1,15.247,211.798,16.440037,229.8185,28.941654,144.13983
82,1118936762600,3,15.247,211.798,17.724094,294.7099,28.731417,151.37921
82,1118936762600,5,15.249,211.827,21.027462,342.93643,28.451353,147.9915
82,1118936763100,1,15.247,211.798,16.440037,232.5501,28.943224,144.14532
82,1118936763100,3,15.247,211.798,16.59793,314.87805,28.731209,151.37819
82,1118936763100,5,15.34,213.145,12.152497,345.61682,28.451273,147.9911
82,1118936764200,1,15.247,211.798,16.440037,232.5501,28.943594,144.14676
82,1118936764200,3,15.249,211.827,17.794685,321.20898,28.731436,151.37907
82,1118936764200,5,16.871,235.267,13.366832,339.78226,28.451498,147.99199
82,1118936764600,1,15.247,211.798,15.648518,232.5501,28.943651,144.14699
82,1118936764600,3,15.34,213.145,17.293036,318.3425,28.731506,151.37956
82,1118936764600,5,17.891,321.959,13.403377,342.6464,28.451565,147.99243
82,1118936770200,1,15.249,211.827,15.648518,232.5501,28.94367,144.14705
82,1118936770200,3,16.871,235.267,16.21871,270.9966,28.731522,151.37968
82,1118936770200,5,14.655,369.909,16.842169,291.42316,28.451584,147.99254
82,1118936771200,1,15.34,213.145,15.648518,232.5501,28.94367,144.14705
82,1118936771200,3,17.891,321.959,16.161947,270.9966,28.731522,151.37968
82,1118936771200,5,13.704,378.518,16.842169,288.08548,28.451584,147.99254
82,1118936772000,1,16.871,235.267,15.708877,232.5501,28.94367,144.14705
82,1118936772000,3,14.655,369.909,16.246834,270.9966,28.731522,151.37968
82,1118936772000,5,9.812,412.185,16.969028,288.08548,28.451584,147.99254
82,1118936774200,1,17.891,321.959,17.261244,255.81332,28.94367,144.14705
82,1118936774200,3,13.704,378.518,17.497509,299.55893,28.731522,151.37968
82,1118936774200,5,9.297,418.666,17.257978,322.9793,28.451584,147.99254
82,1118936778300,1,14.655,369.909,18.059626,353.17297,28.94367,144.14705
82,1118936778300,3,9.812,412.185,18.60346,438.07614,28.731522,151.37968
82,1118936778300,5,3.775,508.874,18.501568,499.50378,28.451584,147.99254
82,1118936780000,1,13.704,378.518,14.852135,401.8678,28.94367,144.14705
82,1118936780000,3,9.297,418.666,14.773466,480.0454,28.731522,151.37968
82,1118936780000,5,3.987,554.126,16.639315,583.2598,28.451584,147.99254
82,1118936780300,1,9.812,412.185,13.007193,417.34253,28.94367,144.14705
82,1118936780300,3,3.775,508.874,14.300819,532.8591,28.731522,151.37968
82,1118936780300,5,4.032,565.354,16.13993,614.7374,28.451584,147.99254
82,1118936781400,1,9.297,418.666,8.563845,469.77835,28.94367,144.14705
82,1118936781400,3,3.987,554.126,8.955898,568.32697,28.731522,151.37968
82,1118936781400,5,4.415,677.1,9.3604555,663.2646,28.451584,147.99254
82,1118936781600,1,3.775,508.874,8.316466,477.66476,28.94367,144.14705
82,1118936781600,3,4.032,565.354,8.919775,581.62946,28.731522,151.37968
82,1118936781600,5,4.371,686.234,9.121962,676.6829,28.451584,147.99254
82,1118936784200,1,3.987,554.126,6.1433024,574.69165,28.94367,144.14705
82,1118936784200,3,4.415,677.1,6.4657593,676.12787,28.731522,151.37968
82,1118936784200,5,4.708,698.494,7.709856,857.5279,28.451584,147.99254
82,1118936785400,1,4.032,565.354,5.503674,620.52106,28.94367,144.14705
82,1118936785400,3,4.371,686.234,6.8844714,740.4795,28.731522,151.37968
82,1118936785400,5,13.478,820.515,7.572638,889.76117,28.451584,147.99254
82,1118936785700,1,4.415,677.1,5.431022,631.54095,28.94367,144.14705
82,1118936785700,3,4.708,698.494,6.909662,761.2185,28.731522,151.37968
82,1118936785700,5,26.519,935.397,7.5748186,889.47424,28.451584,147.99254
82,1118936788500,1,4.371,686.234,5.6685586,753.4601,28.94367,144.14705
82,1118936788500,3,13.478,820.515,7.1304865,913.2369,28.731522,151.37968
82,1118936788500,5,26.615,952.325,7.417619,1052.9688,28.451584,147.99254
82,1118936788700,1,4.708,698.494,5.668593,763.6854,28.94367,144.14705
82,1118936788700,3,26.519,935.397,6.901821,918.4186,28.731522,151.37968
82,1118936788700,5,19.809,1173.413,7.581447,1049.7274,28.451584,147.99254
82,1118936789000,1,13.478,820.515,6.3441415,770.1075,28.94367,144.14705
82,1118936789000,3,26.615,952.325,7.575507,923.7612,28.731522,151.37968
82,1118936789000,5,22.199,1231.5,7.9066443,1018.19226,28.451584,147.99254
82,1118936791800,1,26.519,935.397,13.841807,899.08527,28.94367,144.14705
82,1118936791800,3,19.809,1173.413,15.829544,1029.0503,28.731522,151.37968
82,1118936791800,5,18.598,1346.972,17.040028,1132.7538,28.451584,147.99254
82,1118936794100,1,26.615,952.325,26.801394,967.43835,28.94367,144.14705
82,1118936794100,3,22.199,1231.5,26.5545,1166.0737,28.731522,151.37968
82,1118936794100,5,31.11,1444.378,26.35653,1170.5643,28.451584,147.99254
82,1118936794400,1,19.809,1173.413,27.24744,1034.7688,28.94367,144.14705
82,1118936794400,3,18.598,1346.972,25.690077,1177.763,28.731522,151.37968
82,1118936794400,5,31.11,1444.378,30.373228,1055.1812,28.451584,147.99254
82,1118936798700,1,22.199,1231.5,19.36176,1241.1318,28.94367,144.14705
82,1118936798700,3,31.11,1444.378,20.59103,1323.1749,28.731522,151.37968
82,1118936798700,5,31.11,1444.378,21.362486,1188.7556,28.451584,147.99254
82,1118936799800,1,18.598,1346.972,24.278212,1310.7101,28.94367,144.14705
82,1118936799800,3,31.11,1444.378,24.596272,1382.5315,28.731522,151.37968
82,1118936799800,5,31.102,1444.381,25.796003,1252.6147,28.451584,147.99254
82,1118936802200,1,31.11,1444.378,19.119287,1401.5085,28.94367,144.14705
82,1118936802200,3,31.11,1444.378,19.105131,1441.2711,28.731522,151.37968
82,1118936802200,5,30.895,1444.441,19.99009,1342.297,28.451584,147.99254
82,1118936808700,1,31.11,1444.378,31.67531,1406.1296,28.94367,144.14705
82,1118936808700,3,31.102,1444.381,30.42905,1513.965,28.731522,151.37968
82,1118936808700,5,30.738,1444.487,29.94242,1507.3727,28.451584,147.99254
82,1118936809100,1,31.11,1444.378,31.01646,1448.9236,28.94367,144.14705
82,1118936809100,3,30.895,1444.441,29.410488,1472.9875,28.731522,151.37968
82,1118936809100,5,30.637,1444.516,29.658092,1419.0732,28.451584,147.99254
82,1118936811400,1,31.102,1444.381,31.02092,1450.8922,28.94367,144.14705
82,1118936811400,3,30.738,1444.487,30.14216,1517.6278,28.731522,151.37968
82,1118936811400,5,30.634,1444.518,30.122517,1557.501,28.451584,147.99254
82,1118936811800,1,30.895,1444.441,31.0562,1443.2157,28.94367,144.14705
82,1118936811800,3,30.637,1444.516,30.150772,1503.5757,28.731522,151.37968
82,1118936811800,5,30.937,1445.562,30.066502,1511.7611,28.451584,147.99254
82,1118936816500,1,30.738,1444.487,30.57939,1441.8668,28.94367,144.14705
82,1118936816500,3,30.634,1444.518,30.222124,1521.5568,28.731522,151.37968
82,1118936816500,5,31.293,1452.076,29.98379,1487.1099,28.451584,147.99254
82,1118936820100,1,30.637,1444.516,30.57939,1441.8668,28.94367,144.14705
82,1118936820100,3,30.937,1445.562,30.135942,1519.4004,28.731522,151.37968
82,1118936820100,5,31.302,1452.531,29.833925,1476.8995,28.451584,147.99254
82,1118936822400,1,30.634,1444.518,30.339296,1441.8668,28.94367,144.14705
82,1118936822400,3,31.293,1452.076,30.14341,1533.351,28.731522,151.37968
82,1118936822400,5,31.335,1454.122,30.186176,1493.7166,28.451584,147.99254
82,1118936822500,1,30.937,1445.562,30.339296,1444.2426,28.94367,144.14705
82,1118936822500,3,31.302,1452.531,30.263634,1490.8057,28.731522,151.37968
82,1118936822500,5,31.34,1454.553,30.280228,1467.6237,28.451584,147.99254
82,1118936826300,1,31.293,1452.076,31.107695,1444.2426,28.94367,144.14705
82,1118936826300,3,31.335,1454.122,30.350117,1493.7732,28.731522,151.37968
82,1118936826300,5,31.322,1454.768,30.280228,1451.4209,28.451584,147.99254
82,1118936831000,1,31.302,1452.531,31.154589,1458.4813,28.94367,144.14705
82,1118936831000,3,31.34,1454.553,30.563759,1493.7732,28.731522,151.37968
82,1118936831000,5,40.714,1498.186,30.445347,1451.4209,28.451584,147.99254
82,1118936831200,1,31.335,1454.122,31.154589,1458.4813,28.94367,144.14705
82,1118936831200,3,31.322,1454.768,30.563759,1493.7732,28.731522,151.37968
82,1118936831200,5,40.949,1501.114,30.466269,1451.4209,28.451584,147.99254
82,1118936831900,1,31.34,1454.553,31.190727,1461.8134,28.94367,144.14705
82,1118936831900,3,40.714,1498.186,30.563759,1493.7732,28.731522,151.37968
82,1118936831900,5,39.793,1514.095,30.466269,1451.4209,28.451584,147.99254
82,1118936832100,1,31.322,1454.768,31.190727,1461.8134,28.94367,144.14705
82,1118936832100,3,40.949,1501.114,30.563759,1493.7732,28.731522,151.37968
82,1118936832100,5,39.813,1516.852,30.51966,1451.4209,28.451584,147.99254
82,1118936832200,1,40.714,1498.186,31.099121,1462.3363,28.94367,144.14705
82,1118936832200,3,39.793,1514.095,30.533646,1490.2848,28.731522,151.37968
82,1118936832200,5,39.83,1519.786,30.433393,1450.9955,28.451584,147.99254
82,1118936834300,1,40.949,1501.114,41.155743,1515.4331,28.94367,144.14705
82,1118936834300,3,39.813,1516.852,40.843655,1499.2432,28.731522,151.37968
82,1118936834300,5,39.828,1525.571,41.09203,1472.0159,28.451584,147.99254
131,1118936758400,1,-18.047,1414.641,-3.036368,1674.3938,28.94367,144.14705
131,1118936758400,3,-27.432,1324.2,5.3354616,1688.7372,28.731522,151.37968
131,1118936758400,5,-27.309,1201.647,8.754893,1646.548,28.451584,147.99254
131,1118936758800,1,-27.668,1357.367,-11.524199,1523.4877,28.94367,144.14705
131,1118936758800,3,-28.654,1294.157,2.011969,1576.126,28.731522,151.37968
131,1118936758800,5,-26.786,1161.396,-1.7407537,1491.3083,28.451584,147.99254
131,1118936760200,1,-27.432,1324.2,-25.40867,1395.494,28.94367,144.14705
131,1118936760200,3,-27.309,1201.647,-18.158663,1462.0842,28.731522,151.37968
131,1118936760200,5,-30.444,1108.68,-18.564589,1358.6304,28.451584,147.99254
131,1118936761100,1,-28.654,1294.157,-27.318281,1369.156,28.94367,144.14705
131,1118936761100,3,-26.786,1161.396,-18.648909,1387.8289,28.731522,151.37968
131,1118936761100,5,-20.675,1021.616,-21.520079,1326.1417,28.451584,147.99254
131,1118936761900,1,-27.309,1201.647,-27.906084,1332.4176,28.94367,144.14705
131,1118936761900,3,-30.444,1108.68,-23.748232,1305.9746,28.731522,151.37968
131,1118936761900,5,-19.457,944.02,-21.643278,1355.1981,28.451584,147.99254
131,1118936764800,1,-26.786,1161.396,-25.04004,1224.1687,28.94367,144.14705
131,1118936764800,3,-20.675,1021.616,-21.650103,1150.3655,28.731522,151.37968
131,1118936764800,5,-21.217,895.134,-22.04777,1210.0851,28.451584,147.99254
131,1118936766400,1,-30.444,1108.68,-25.960312,1120.9456,28.94367,144.14705
131,1118936766400,3,-19.457,944.02,-22.51006,1040.2755,28.731522,151.37968
131,1118936766400,5,-34.694,714.152,-22.853943,1092.3193,28.451584,147.99254
131,1118936768600,1,-20.675,1021.616,-26.548115,997.2329,28.94367,144.14705
131,1118936768600,3,-21.217,895.134,-20.592953,955.3951,28.731522,151.37968
131,1118936768600,5,-29.335,414.241,-10.932888,872.2879,28.451584,147.99254
131,1118936771200,1,-19.457,944.02,-21.15574,998.70654,28.94367,144.14705
131,1118936771200,3,-34.694,714.152,-19.782753,883.04663,28.731522,151.37968
131,1118936771200,5,-18.278,182.859,-20.775333,798.4127,28.451584,147.99254
134,1118935733100,1,-22.188,1484.353,-5.3012776,1707.0621,28.94367,144.14705
134,1118935733100,3,-23.547,1451.74,-1.2917398,1752.232,28.731522,151.37968
134,1118935733100,5,-34.785,1262.195,1.4030517,1558.9711,28.451584,147.99254
134,1118935733800,1,-22.334,1468.186,-14.433352,1575.4772,28.94367,144.14705
134,1118935733800,3,-34.38,1375.788,-12.244499,1695.9972,28.731522,151.37968
134,1118935733800,5,-34.534,1258.543,-3.9400425,1443.0337,28.451584,147.99254
134,1118935734200,1,-23.547,1451.74,-19.172546,1485.2516,28.94367,144.14705
134,1118935734200,3,-34.785,1262.195,-18.73112,1536.1957,28.731522,151.37968
134,1118935734200,5,-37.088,1157.53,-13.342059,1353.8102,28.451584,147.99254
134,1118935734600,1,-34.38,1375.788,-22.640121,1495.561,28.94367,144.14705
134,1118935734600,3,-34.534,1258.543,-19.08374,1485.7488,28.731522,151.37968
134,1118935734600,5,-37.99,1079.126,-15.556213,1303.2739,28.451584,147.99254
134,1118935736900,1,-34.785,1262.195,5.0970607,1325.1995,28.94367,144.14705
134,1118935736900,3,-37.088,1157.53,3.5508924,1311.0524,28.731522,151.37968
134,1118935736900,5,-33.917,1053.646,-4.0651293,1315.9749,28.451584,147.99254
134,1118935739600,1,-34.534,1258.543,5.886669,1193.676,28.94367,144.14705
134,1118935739600,3,-37.99,1079.126,3.5274923,1212.5631,28.731522,151.37968
134,1118935739600,5,-31.604,1038.737,-5.8793707,1313.5752,28.451584,147.99254
134,1118935739700,1,-37.088,1157.53,0.0021417667,1041.0287,28.94367,144.14705
134,1118935739700,3,-33.917,1053.646,0.27618507,1129.5457,28.731522,151.37968
134,1118935739700,5,-26.226,981.433,-7.807753,1280.887,28.451584,147.99254
134,1118935742400,1,-37.99,1079.126,-1.0695904,874.71954,28.94367,144.14705
134,1118935742400,3,-31.604,1038.737,-1.8916835,989.7944,28.731522,151.37968
134,1118935742400,5,-36.056,837.988,-5.9055243,941.8731,28.451584,147.99254
134,1118935744300,1,-33.917,1053.646,5.440872,504.7761,28.94367,144.14705
134,1118935744300,3,-26.226,981.433,0.30200613,921.39496,28.731522,151.37968
134,1118935744300,5,-37.792,823.461,-2.7387397,896.6459,28.451584,147.99254
134,1118935745000,1,-31.604,1038.737,0.009446553,785.3561,28.94367,144.14705
134,1118935745000,3,-36.056,837.988,-1.9783931,886.43286,28.731522,151.37968
134,1118935745000,5,-39.291,811.711,-0.22524858,861.5877,28.451584,147.99254
134,1118935745400,1,-26.226,981.433,-4.5396214,815.5445,28.94367,144.14705
134,1118935745400,3,-37.792,823.461,7.2230926,883.47314,28.731522,151.37968
134,1118935745400,5,-39.291,811.683,2.094767,870.31757,28.451584,147.99254
134,1118935747100,1,-36.056,837.988,-14.181039,946.32587,28.94367,144.14705
134,1118935747100,3,-39.291,811.711,-3.8745487,837.76306,28.731522,151.37968
134,1118935747100,5,-39.956,809.792,-3.4656923,762.7016,28.451584,147.99254
134,1118935752800,1,-37.792,823.461,0.8048824,668.5103,28.94367,144.14705
134,1118935752800,3,-39.291,811.683,13.421445,599.36304,28.731522,151.37968
134,1118935752800,5,-44.537,760.783,2.7529767,604.5542,28.451584,147.99254
134,1118935754300,1,-39.291,811.711,10.891768,378.52377,28.94367,144.14705
134,1118935754300,3,-39.956,809.792,20.883684,591.37524,28.731522,151.37968
134,1118935754300,5,-44.512,737.673,3.4260094,602.7337,28.451584,147.99254
134,1118935757200,1,-39.291,811.683,10.281366,285.9575,28.94367,144.14705
134,1118935757200,3,-44.537,760.783,18.678556,448.95056,28.731522,151.37968
134,1118935757200,5,-44.256,689.253,3.272971,525.046,28.451584,147.99254
134,1118935758600,1,-39.956,809.792,7.7524085,274.9332,28.94367,144.14705
134,1118935758600,3,-44.512,737.673,13.472081,512.3788,28.731522,151.37968
134,1118935758600,5,-46.405,509.62,-6.7193823,529.9845,28.451584,147.99254
134,1118935759900,1,-44.537,760.783,6.4276776,264.42996,28.94367,144.14705
134,1118935759900,3,-44.256,689.253,12.704229,496.83444,28.731522,151.37968
134,1118935759900,5,-46.223,505.393,2.5982761,473.25974,28.451584,147.99254
134,1118935762800,1,-44.512,737.673,3.4299688,137.72298,28.94367,144.14705
134,1118935762800,3,-46.405,509.62,-2.3850703,402.51697,28.731522,151.37968
134,1118935762800,5,-42.22,428.736,8.027703,411.42563,28.451584,147.99254
134,1118935763900,1,-44.256,689.253,6.4735384,126.34809,28.94367,144.14705
134,1118935763900,3,-46.223,505.393,14.770514,397.88736,28.731522,151.37968
134,1118935763900,5,-41.789,424.935,4.085441,423.38974,28.451584,147.99254
134,1118935765700,1,-46.405,509.62,4.9759626,254.0371,28.94367,144.14705
134,1118935765700,3,-42.22,428.736,13.205243,374.6079,28.731522,151.37968
134,1118935765700,5,-40.65,417.634,9.761602,407.59824,28.451584,147.99254
134,1118935770500,1,-46.223,505.393,3.814168,160.80484,28.943666,144.14705
134,1118935770500,3,-41.789,424.935,11.404017,189.05199,28.731522,151.37967
134,1118935770500,5,-32.32,347.053,16.290615,333.59622,28.451584,147.99254
134,1118935770600,1,-42.22,428.736,4.6590786,145.40552,28.943651,144.147
134,1118935770600,3,-40.65,417.634,11.570308,197.97539,28.73152,151.37965
134,1118935770600,5,-27.932,157.675,26.767809,286.5001,28.451584,147.99254
134,1118935772300,1,-41.789,424.935,5.792021,258.57687,28.943537,144.14664
134,1118935772300,3,-32.32,347.053,12.764042,136.8298,28.731485,151.37923
134,1118935772300,5,-27.136,93.562,31.724648,214.96379,28.451582,147.99254
134,1118935772400,1,-40.65,417.634,5.792021,253.07124,28.942804,144.14436
134,1118935772400,3,-27.932,157.675,13.406392,136.8298,28.731516,151.37961
134,1118935772400,5,-27.133,66.265,32.1861,234.08823,28.451582,147.99252
134,1118935772600,1,-32.32,347.053,4.9306135,193.83766,28.916618,144.06386
134,1118935772600,3,-27.136,93.562,22.623611,146.02391,28.731518,151.37964
134,1118935772600,5,-21.634,1556.043,28.809507,246.37566,28.451582,147.99252
134,1118935774700,1,-27.932,157.675,2.0494354,287.81436,28.845057,143.8438
134,1118935774700,3,-27.133,66.265,8.086457,297.18073,28.73152,151.37964
134,1118935774700,5,-22.124,1398.344,18.356644,247.517,28.451582,147.99252
134,1118935779700,1,-27.136,93.562,-0.7069765,184.4055,28.135424,141.63348
134,1118935779700,3,-21.634,1556.043,33.348213,241.91954,28.709867,151.1127
134,1118935779700,5,-27.653,1304.518,45.434525,325.26874,28.451097,147.98918
134,1118935781500,1,-27.133,66.265,12.638944,130.47931,27.750797,140.049
134,1118935781500,3,-22.124,1398.344,34.2592,250.71344,28.598112,149.7475
134,1118935781500,5,-24.214,1268.467,19.657242,366.61578,28.440647,147.91672
134,1118935782300,1,-21.634,1556.043,12.6308,130.47931,27.184029,137.4657
134,1118935782300,3,-27.653,1304.518,24.482395,272.06223,28.50372,148.71844
134,1118935782300,5,-18.604,1124.815,19.204044,331.7207,28.39683,147.62453
134,1118936756500,1,-22.124,1398.344,-13.513685,1357.1414,28.717422,143.41638
134,1118936756500,3,-24.214,1268.467,-6.362192,1383.5659,28.727362,151.36063
134,1118936756500,5,-6.044,954.329,-3.9402232,1282.5576,28.44536,147.96394
134,1118936760400,1,-27.653,1304.518,-21.976727,1332.3354,28.890524,143.97025
134,1118936760400,3,-18.604,1124.815,-9.373613,1388.342,28.728777,151.36696
134,1118936760400,5,-14.191,873.882,3.6235983,1174.4131,28.447073,147.97171
134,1118936762900,1,-24.214,1268.467,-16.023325,1297.0399,28.929926,144.09868
134,1118936762900,3,-6.044,954.329,-4.1422787,1247.4279,28.728792,151.36697
134,1118936762900,5,-22.386,794.994,-8.490904,1159.5187,28.447992,147.97601
134,1118936763800,1,-18.604,1124.815,-25.126436,1240.6055,28.940022,144.13263
134,1118936763800,3,-14.191,873.882,-15.536124,1156.4465,28.728968,151.3675
134,1118936763800,5,-24.932,755.825,0.45229545,1092.5164,28.449081,147.98088
134,1118936767900,1,-6.044,954.329,-13.788156,1096.5973,28.943108,144.14464
134,1118936767900,3,-22.386,794.994,-15.879752,963.5659,28.730925,151.37637
134,1118936767900,5,-25.07,695.829,-4.9609103,885.0586,28.450962,147.989
134,1118936773200,1,-14.191,873.882,-4.9934397,924.18274,28.943556,144.14653
134,1118936773200,3,-24.932,755.825,-7.0759263,790.88434,28.73139,151.37895
134,1118936773200,5,-24.982,472.419,-13.732672,790.6313,28.451464,147.9919
134,1118936775800,1,-22.386,794.994,-13.854878,840.48285,28.943647,144.14697
134,1118936775800,3,-25.07,695.829,-13.369082,714.7009,28.731499,151.37955
134,1118936775800,5,-24.878,468.192,-13.856283,692.8747,28.451561,147.99242
134,1118936778800,1,-24.932,755.825,-22.368086,760.0301,28.94367,144.14705
134,1118936778800,3,-24.982,472.419,-17.281197,637.0527,28.731522,151.37968
134,1118936778800,5,-19.129,409.404,-14.75945,530.9137,28.451584,147.99254
134,1118936781000,1,-25.07,695.829,-24.001692,712.95135,28.94367,144.14705
134,1118936781000,3,-24.878,468.192,-22.522306,615.82153,28.731522,151.37968
134,1118936781000,5,-8.919,274.29,-24.335058,532.92175,28.451584,147.99254
134,1118936784000,1,-24.982,472.419,-24.24224,668.178,28.94367,144.14705
134,1118936784000,3,-19.129,409.404,-24.128222,586.73914,28.731522,151.37968
134,1118936784000,5,-6.044,143.478,-22.686672,469.05017,28.451584,147.99254
134,1118936790200,1,-24.878,468.192,-24.231085,447.62225,28.94367,144.14705
134,1118936790200,3,-8.919,274.29,-22.490892,404.97498,28.731522,151.37968
134,1118936790200,5,-6.088,140.219,-20.00237,431.46838,28.451584,147.99254
134,1118936790300,1,-19.129,409.404,-23.471415,445.71457,28.94367,144.14705
134,1118936790300,3,-6.044,143.478,-20.87478,396.39767,28.731522,151.37968
134,1118936790300,5,-6.114,138.599,-17.741817,401.61893,28.451584,147.99254
134,1118936791600,1,-8.919,274.29,-21.15574,389.94415,28.94367,144.14705
134,1118936791600,3,-6.088,140.219,-16.729818,342.65884,28.731522,151.37967
134,1118936791600,5,-6.591,129.873,-11.187706,347.1739,28.451584,147.99254
134,1118936794700,1,-6.044,143.478,-4.7850833,300.87186,28.943668,144.14705
134,1118936794700,3,-6.114,138.599,-2.3604293,274.09717,28.731522,151.37967
134,1118936794700,5,-6.649,129.028,2.4312906,290.9874,28.451584,147.99254
134,1118936799700,1,-6.088,140.219,-2.0388885,163.53209,28.943563,144.14662
134,1118936799700,3,-6.591,129.873,26.501768,263.68964,28.731518,151.37965
134,1118936799700,5,-6.649,129.027,22.637894,278.72653,28.451574,147.9925
134,1118936800100,1,-6.114,138.599,6.7203374,160.43051,28.943516,144.14641
134,1118936800100,3,-6.649,129.028,25.035646,262.77017,28.731516,151.37967
134,1118936800100,5,-6.649,129.027,27.326736,265.70386,28.451574,147.9925
134,1118936800300,1,-6.591,129.873,6.639888,160.43051,28.943502,144.14635
134,1118936800300,3,-6.649,129.027,21.982313,238.8755,28.731514,151.37965
134,1118936800300,5,-6.649,129.027,21.48059,272.60843,28.451574,147.9925
134,1118936802100,1,-6.649,129.028,6.545718,151.96756,28.943348,144.14572
134,1118936802100,3,-6.649,129.027,15.613243,260.00433,28.731512,151.37965
134,1118936802100,5,-6.649,129.027,14.115261,299.00897,28.451572,147.99245
134,1118936803100,1,-6.649,129.027,6.626168,153.22067,28.943287,144.14548
134,1118936803100,3,-6.649,129.027,14.995183,316.13208,28.73151,151.37964
134,1118936803100,5,-6.649,129.027,9.041039,387.46588,28.451565,147.99243
134,1118936804000,1,-6.649,129.027,6.6373243,155.92258,28.943277,144.14543
134,1118936804000,3,-6.649,129.027,15.183988,289.09372,28.731508,151.37962
134,1118936804000,5,-6.653,128.977,9.227168,378.56107,28.451565,147.99243
134,1118936804100,1,-6.649,129.027,6.6373243,170.86821,28.943277,144.14545
134,1118936804100,3,-6.649,129.027,15.183988,298.117,28.731503,151.37958
134,1118936804100,5,-6.655,128.939,9.896047,244.8877,28.451561,147.9924
134,1118936804800,1,-6.649,129.027,6.6373243,171.32623,28.94328,144.14543
134,1118936804800,3,-6.653,128.977,15.313805,290.19843,28.731506,151.3796
134,1118936804800,5,-6.661,128.863,10.978497,181.6111,28.451563,147.99242
134,1118936808600,1,-6.649,129.027,6.6373243,171.32623,28.943285,144.14546
134,1118936808600,3,-6.655,128.939,15.262194,219.31209,28.73151,151.37964
134,1118936808600,5,-6.67,128.736,12.999196,199.86067,28.451569,147.99245
134,1118936812800,1,-6.653,128.977,6.6373243,174.05782,28.943285,144.14546
134,1118936812800,3,-6.661,128.863,15.262194,223.7086,28.73151,151.37964
134,1118936812800,5,-6.68,128.584,12.999196,199.86067,28.451569,147.99245
134,1118936815000,1,-6.655,128.939,6.6373243,174.05782,28.943283,144.14546
134,1118936815000,3,-6.67,128.736,15.262194,226.10133,28.73151,151.37964
134,1118936815000,5,-6.695,128.369,12.999196,199.86067,28.451569,147.99245
134,1118936815300,1,-6.661,128.863,6.626168,-358.88394,28.943285,144.14546
134,1118936815300,3,-6.68,128.584,15.437331,218.23288,28.73151,151.37965
134,1118936815300,5,-6.71,128.155,12.999196,184.86389,28.451569,147.99245
134,1118936815900,1,-6.67,128.736,6.626168,158.65416,28.943283,144.14546
134,1118936815900,3,-6.695,128.369,15.437331,218.23288,28.73151,151.37965
134,1118936815900,5,-6.732,127.825,13.378786,167.79778,28.451569,147.99245
134,1118936816900,1,-6.68,128.584,6.626168,158.65416,28.94328,144.14543
134,1118936816900,3,-6.71,128.155,15.437331,208.21683,28.73151,151.37965
134,1118936816900,5,-6.738,127.75,13.378786,167.79778,28.451569,147.99245
134,1118936818100,1,-6.695,128.369,6.626168,158.65416,28.943275,144.14542
134,1118936818100,3,-6.732,127.825,15.437331,205.8241,28.73151,151.37965
134,1118936818100,5,-6.739,127.737,13.378786,167.79778,28.451569,147.99245
134,1118936819800,1,-6.71,128.155,6.626168,155.92258,28.94327,144.1454
134,1118936819800,3,-6.738,127.75,15.437331,205.8241,28.73151,151.37965
134,1118936819800,5,-6.768,127.307,13.378786,167.79778,28.451569,147.99245
134,1118936821500,1,-6.732,127.825,6.626168,155.92258,28.943262,144.14537
134,1118936821500,3,-6.739,127.737,15.437331,205.8241,28.73151,151.37965
134,1118936821500,5,-6.787,127.041,13.378786,167.79778,28.451569,147.99245
134,1118936824100,1,-6.738,127.75,6.626168,155.92258,28.943253,144.14532
134,1118936824100,3,-6.768,127.307,15.2320795,205.8241,28.73151,151.37965
134,1118936824100,5,-6.82,126.564,13.378786,167.79778,28.451567,147.99243
134,1118936824700,1,-6.739,127.737,6.626168,155.92258,28.94325,144.14532
134,1118936824700,3,-6.787,127.041,15.2320795,205.8241,28.73151,151.37965
134,1118936824700,5,-6.804,126.448,13.378786,167.79778,28.451567,147.99243
134,1118936824800,1,-6.768,127.307,6.626168,155.92258,28.94325,144.14531
134,1118936824800,3,-6.82,126.564,15.2320795,205.8241,28.73151,151.37965
134,1118936824800,5,-7.012,123.8,13.378786,167.79778,28.451567,147.99243
134,1118936828200,1,-6.787,127.041,6.626168,155.92258,28.943235,144.14526
134,1118936828200,3,-6.804,126.448,15.2320795,205.8241,28.73151,151.37964
134,1118936828200,5,-7.244,120.437,13.378786,167.79778,28.451567,147.99243
134,1118936830300,1,-6.82,126.564,6.626168,155.92258,28.943228,144.14522
134,1118936830300,3,-7.012,123.8,15.2320795,205.8241,28.73151,151.37964
134,1118936830300,5,-7.368,111.389,13.378786,167.79778,28.451567,147.99243
143,1118935744400,1,17.273,571.635,16.311827,580.05164,28.94367,144.14705
143,1118935744400,3,27.504,1360.286,13.358507,462.3263,28.731522,151.37968
143,1118935744400,5,39.263,1425.801,16.743793,625.4022,28.451584,147.99254
143,1118935745400,1,14.326,712.926,18.392464,711.3677,28.94367,144.14705
143,1118935745400,3,36.772,1411.039,17.068827,843.58826,28.731522,151.37968
143,1118935745400,5,43.681,1468.521,17.04373,937.04926,28.451584,147.99254
143,1118935748700,1,27.504,1360.286,14.273125,781.61414,28.94367,144.14705
143,1118935748700,3,39.263,1425.801,15.091414,1010.22253,28.731522,151.37968
143,1118935748700,5,39.569,1601.468,15.98066,1093.5818,28.451584,147.99254
143,1118935761500,1,36.772,1411.039,28.124409,1493.4073,28.94367,144.14705
143,1118935761500,3,43.681,1468.521,27.022667,1658.3109,28.731522,151.37968
143,1118935761500,5,36.123,40.994,26.05887,1530.6545,28.451584,147.99254
143,1118935763000,1,39.263,1425.801,36.160995,1295.4022,28.94367,144.14705
143,1118935763000,3,39.569,1601.468,32.95442,1576.9199,28.731522,151.37968
143,1118935763000,5,36.123,40.994,30.458973,1457.6083,28.451584,147.99254
143,1118935763400,1,43.681,1468.521,39.537514,1280.935,28.94367,144.14705
143,1118935763400,3,36.123,40.994,37.87658,1609.2559,28.731522,151.37968
143,1118935763400,5,36.123,40.994,35.241104,1297.4216,28.451584,147.99254
143,1118935764600,1,39.569,1601.468,43.254547,1537.2158,28.94367,144.14705
143,1118935764600,3,36.123,40.994,42.543163,1558.539,28.731522,151.37968
143,1118935764600,5,36.123,40.994,40.7733,1341.516,28.451584,147.99254
143,1118935768100,1,36.123,40.994,39.514854,1604.8466,28.94367,144.14705
143,1118935768100,3,36.123,40.994,40.170486,1461.6196,28.731522,151.37968
143,1118935768100,5,36.123,40.994,39.47235,1455.877,28.451584,147.99254
143,1118936759000,1,36.123,40.994,34.179565,193.80469,28.975136,143.97453
143,1118936759000,3,36.123,40.994,33.453007,198.91205,28.731453,151.37932
143,1118936759000,5,36.123,40.994,34.947205,307.58783,28.451525,147.99222
143,1118936759100,1,36.123,40.994,34.149273,145.93794,28.974306,143.96478
143,1118936759100,3,36.123,40.994,33.72725,219.15497,28.731453,151.37932
143,1118936759100,5,30.581,44.113,35.904686,300.82043,28.451527,147.99223
143,1118936760500,1,36.123,40.994,34.2444,156.1442,28.969442,143.94176
143,1118936760500,3,36.123,40.994,33.73927,340.064,28.731451,151.37932
143,1118936760500,5,28.061,45.949,35.904686,311.3223,28.451527,147.99223
143,1118936760800,1,36.123,40.994,34.2444,187.0083,28.96359,143.91377
143,1118936760800,3,30.581,44.113,29.69356,486.8597,28.731451,151.37932
143,1118936760800,5,28.061,45.949,33.027225,364.29,28.451527,147.99223
143,1118936762300,1,36.123,40.994,34.2444,261.17007,28.95963,143.89447
143,1118936762300,3,28.061,45.949,28.57593,544.1458,28.73145,151.3793
143,1118936762300,5,28.061,45.949,32.740902,368.6843,28.451527,147.99223
143,1118936763900,1,30.581,44.113,34.2444,263.90167,28.957804,143.88533
143,1118936763900,3,28.061,45.949,28.612053,579.2407,28.731447,151.3793
143,1118936763900,5,28.061,45.949,32.743084,367.21753,28.451527,147.99223
143,1118936767600,1,28.061,45.949,30.013302,259.37344,28.9474,144.02968
143,1118936767600,3,28.061,45.949,24.389933,574.5624,28.731464,151.37936
143,1118936767600,5,28.061,45.949,26.930996,372.93683,28.45155,147.99231
143,1118936771800,1,28.061,45.949,28.33797,263.90167,28.946844,144.08774
143,1118936771800,3,28.061,45.949,23.493856,552.0969,28.731445,151.3793
143,1118936771800,5,28.061,45.949,26.11241,370.3979,28.451548,147.99232
143,1118936774700,1,28.061,45.949,28.491524,263.90167,28.948362,144.09938
143,1118936774700,3,28.061,45.949,23.496954,555.222,28.73145,151.37933
143,1118936774700,5,28.061,45.949,25.773266,370.82333,28.451544,147.99231
143,1118936777000,1,28.061,45.949,28.572477,263.90167,28.94915,144.10315
143,1118936777000,3,28.061,45.949,23.19189,583.31494,28.731455,151.37936
143,1118936777000,5,28.061,45.949,25.130255,370.82333,28.451544,147.99231
143,1118936777500,1,28.061,45.949,28.479471,263.90167,28.949518,144.1049
143,1118936777500,3,28.061,45.949,23.165472,589.12115,28.731459,151.37936
143,1118936777500,5,28.061,45.949,25.076862,370.82333,28.451544,147.99231
143,1118936777700,1,28.061,45.949,28.479471,263.90167,28.949697,144.10574
143,1118936777700,3,28.061,45.949,23.165472,582.2083,28.731462,151.37938
143,1118936777700,5,11.237,82.836,25.076862,370.82333,28.451544,147.99231
143,1118936777800,1,28.061,45.949,28.479471,263.90167,28.949776,144.10611
143,1118936777800,3,28.061,45.949,23.165472,582.2083,28.731464,151.3794
143,1118936777800,5,10.991,84.971,25.076862,369.93097,28.451544,147.99232
143,1118936780000,1,28.061,45.949,28.479471,263.90167,28.9498,144.10622
143,1118936780000,3,11.237,82.836,23.165472,582.2083,28.731468,151.37941
143,1118936780000,5,10.047,107.835,25.076862,369.93097,28.451548,147.99232
143,1118936782100,1,28.061,45.949,28.479471,263.90167,28.949802,144.10623
143,1118936782100,3,10.991,84.971,23.090769,584.0713,28.731468,151.37943
143,1118936782100,5,10.511,134.811,25.076862,369.93097,28.451548,147.99234
143,1118936783000,1,11.237,82.836,28.479471,263.90167,28.9498,144.10622
143,1118936783000,3,10.047,107.835,23.090769,584.0713,28.731468,151.37941
143,1118936783000,5,15.141,222.232,25.076862,369.93097,28.451548,147.99234
143,1118936789200,1,10.991,84.971,9.402064,259.37344,28.943563,144.14606
143,1118936789200,3,10.511,134.811,9.703207,453.54425,28.731506,151.37961
143,1118936789200,5,17.406,269.542,10.068308,284.53433,28.451574,147.9925
143,1118936789300,1,10.047,107.835,9.902995,269.7457,28.943617,144.14633
143,1118936789300,3,15.141,222.232,10.589621,382.21494,28.731506,151.37961
143,1118936789300,5,13.24,389.745,8.734191,403.554,28.45157,147.99246
143,1118936790300,1,10.511,134.811,10.543223,264.6388,28.943638,144.14684
143,1118936790300,3,17.406,269.542,10.291082,393.02316,28.731512,151.37965
143,1118936790300,5,6.392,654.898,10.693879,410.09235,28.451578,147.99252
143,1118936791300,1,15.141,222.232,10.761036,207.17778,28.943657,144.14699
143,1118936791300,3,13.24,389.745,10.865427,355.33307,28.731518,151.37967
143,1118936791300,5,16.496,996.518,10.728973,452.71875,28.451582,147.99254
143,1118936793900,1,17.406,269.542,16.719471,282.131,28.943665,144.14705
143,1118936793900,3,6.392,654.898,17.12332,387.35223,28.73152,151.37967
143,1118936793900,5,15.95,1006.361,17.669842,558.18243,28.451584,147.99254
143,1118936795000,1,13.24,389.745,18.933418,321.13745,28.943668,144.14705
143,1118936795000,3,16.496,996.518,18.810244,473.48108,28.73152,151.37967
143,1118936795000,5,17.244,1017.151,18.223503,622.6143,28.451584,147.99254
143,1118936797600,1,6.392,654.898,13.733422,455.96918,28.943668,144.14705
143,1118936797600,3,15.95,1006.361,14.470845,588.59393,28.73152,151.37968
143,1118936797600,5,15.07,1027.642,15.558677,715.55597,28.451584,147.99254
143,1118936802700,1,16.496,996.518,7.4578195,730.0214,28.943668,144.14705
143,1118936802700,3,17.244,1017.151,6.7242618,891.104,28.731522,151.37968
143,1118936802700,5,14.822,1028.963,14.428998,1027.5443,28.451584,147.99254
143,1118936809600,1,15.95,1006.361,16.014486,1064.6062,28.943668,144.14705
143,1118936809600,3,15.07,1027.642,16.556984,1249.7351,28.731522,151.37968
143,1118936809600,5,10.084,1362.539,19.389803,1334.9528,28.451584,147.99254
143,1118936810100,1,17.244,1017.151,15.686949,971.83093,28.94367,144.14705
143,1118936810100,3,14.822,1028.963,18.687424,1092.9658,28.731522,151.37968
143,1118936810100,5,17.461,1397.501,19.451189,1137.1688,28.451584,147.99254
143,1118936812700,1,15.07,1027.642,17.87126,1030.0464,28.94367,144.14705
143,1118936812700,3,10.084,1362.539,19.298399,1080.6522,28.731522,151.37968
143,1118936812700,5,17.99,1400.393,19.023754,1095.999,28.451584,147.99254
143,1118936814000,1,14.822,1028.963,14.92292,1035.7162,28.94367,144.14705
143,1118936814000,3,17.461,1397.501,15.606078,1071.6996,28.731522,151.37968
143,1118936814000,5,17.979,1398.352,16.771645,1078.5826,28.451584,147.99254
143,1118936814100,1,10.084,1362.539,14.445062,1041.6548,28.94367,144.14705
143,1118936814100,3,17.99,1400.393,14.383288,1082.1929,28.731522,151.37968
143,1118936814100,5,18.116,1400.379,16.383375,1156.7053,28.451584,147.99254
143,1118936824400,1,17.461,1397.501,10.60907,1377.5326,28.94367,144.14705
143,1118936824400,3,17.979,1398.352,9.977927,1483.6967,28.731522,151.37968
143,1118936824400,5,18.332,1403.598,9.826612,1520.9666,28.451584,147.99254
143,1118936827500,1,17.99,1400.393,18.302319,1417.1102,28.94367,144.14705
143,1118936827500,3,18.116,1400.379,18.30624,1534.5482,28.731522,151.37968
143,1118936827500,5,18.404,1566.518,17.909136,1474.1755,28.451584,147.99254
182,1118935759000,1,-25.505,1523.733,-10.383413,1342.2883,28.94367,144.14705
182,1118935759000,3,-38.444,1182.877,-0.3531363,1509.7379,28.731522,151.37968
182,1118935759000,5,-28.516,925.651,-1.0795587,1375.6185,28.451584,147.99254
182,1118935759200,1,-39.698,1302.625,-19.038242,1550.791,28.94367,144.14705
182,1118935759200,3,-41.488,1103.567,-13.846559,1651.9948,28.731522,151.37968
182,1118935759200,5,-29.33,914.653,-9.197547,1327.561,28.451584,147.99254
182,1118935763200,1,-38.444,1182.877,10.039044,930.5884,28.94367,144.14705
182,1118935763200,3,-28.516,925.651,4.128311,1174.4839,28.731522,151.37968
182,1118935763200,5,-43.663,754.437,14.508853,1167.6038,28.451584,147.99254
182,1118935765600,1,-41.488,1103.567,10.088216,735.56995,28.94367,144.14705
182,1118935765600,3,-29.33,914.653,7.630877,1180.5875,28.731522,151.37968
182,1118935765600,5,-43.44,682.679,-6.389146,1186.5468,28.451584,147.99254
182,1118935767200,1,-28.516,925.651,6.7339864,457.65277,28.94367,144.14705
182,1118935767200,3,-43.663,754.437,5.4634852,720.8317,28.731522,151.37968
182,1118935767200,5,-43.989,451.973,-6.77755,903.0917,28.451584,147.99254
182,1118935771700,1,-29.33,914.653,-24.150978,894.5075,28.94367,144.14705
182,1118935771700,3,-43.44,682.679,-21.273201,809.0217,28.731522,151.37968
182,1118935771700,5,-41.002,424.618,-17.393602,903.0001,28.451584,147.99254
182,1118935772000,1,-43.663,754.437,-26.57644,863.58,28.94367,144.14705
182,1118935772000,3,-43.989,451.973,-21.117018,744.4148,28.731522,151.37968
182,1118935772000,5,-39.542,414.844,-7.6849995,761.6841,28.451584,147.99254
182,1118935776400,1,-43.44,682.679,7.322743,180.35664,28.94367,144.14705
182,1118935776400,3,-41.002,424.618,4.8218126,346.6195,28.731522,151.37968
182,1118935776400,5,-36.579,389.354,12.723095,272.25836,28.451584,147.99254
182,1118935778400,1,-43.989,451.973,6.377041,266.5913,28.94367,144.14705
182,1118935778400,3,-39.542,414.844,13.7788105,346.05542,28.731522,151.37968
182,1118935778400,5,-27.141,210.644,1.4756207,347.48022,28.451584,147.99254
182,1118935784400,1,-41.002,424.618,4.5768824,307.9204,28.943666,144.14705
182,1118935784400,3,-36.579,389.354,6.326419,179.53346,28.731518,151.37962
182,1118935784400,5,-28.141,146.361,-0.83230084,307.50696,28.451584,147.99254
182,1118935785200,1,-39.542,414.844,4.220397,281.50317,28.94365,144.147
182,1118935785200,3,-27.141,210.644,6.547002,183.5434,28.73152,151.37965
182,1118935785200,5,-28.245,128.164,4.696008,328.07944,28.451584,147.99254
182,1118935785500,1,-36.579,389.354,0.7911271,239.48088,28.943584,144.14679
182,1118935785500,3,-28.141,146.361,-0.30231968,152.35484,28.731522,151.37967
182,1118935785500,5,-28.31,127.664,16.814907,263.6569,28.451584,147.99254
182,1118935786300,1,-27.141,210.644,1.5096692,350.9335,28.943401,144.14624
182,1118935786300,3,-28.245,128.164,2.4519718,320.78934,28.731522,151.37967
182,1118935786300,5,-27.706,121.485,14.309572,326.3088,28.451584,147.99254
182,1118935792800,1,-28.141,146.361,-20.852083,207.74803,28.942059,144.14116
182,1118935792800,3,-28.31,127.664,27.92433,216.62817,28.731419,151.37843
182,1118935792800,5,-27.799,120.153,15.085933,279.9849,28.451542,147.99225
182,1118935795900,1,-28.245,128.164,7.372512,160.43051,28.872837,143.89598
182,1118935795900,3,-27.706,121.485,32.02058,240.69284,28.730738,151.37094
182,1118935795900,5,-27.799,120.153,19.903648,288.5904,28.450962,147.98828
182,1118935797900,1,-28.31,127.664,12.619644,151.4571,28.670738,143.19083
182,1118935797900,3,-27.799,120.153,28.87717,272.23264,28.731009,151.37659
182,1118935797900,5,-27.799,120.153,21.638119,270.2303,28.450104,147.98236
182,1118935798000,1,-27.706,121.485,12.473348,151.4571,28.768412,143.48419
182,1118935798000,3,-27.799,120.153,21.784586,253.18275,28.730972,151.37686
182,1118935798000,5,-27.799,120.153,17.199728,284.64594,28.450043,147.98218
182,1118935799900,1,-27.799,120.153,12.750188,138.32071,28.776533,143.47406
182,1118935799900,3,-27.799,120.153,19.245596,247.58571,28.730844,151.37633
182,1118935799900,5,-27.799,120.153,16.153103,286.80807,28.449556,147.97905
182,1118935803600,1,-27.799,120.153,12.619644,138.32071,28.775572,143.45381
182,1118935803600,3,-27.799,120.153,18.476967,270.53503,28.730724,151.37584
182,1118935803600,5,-27.835,119.621,13.186909,293.0798,28.44875,147.97585
182,1118935805600,1,-27.799,120.153,12.6308,141.02261,28.774382,143.44582
182,1118935805600,3,-27.799,120.153,10.873544,270.69168,28.730585,151.37532
182,1118935805600,5,-28.618,91.106,10.745737,275.39496,28.446737,147.96877
182,1118935805800,1,-27.799,120.153,1.7883766,156.42627,28.774872,143.44662
182,1118935805800,3,-27.835,119.621,12.252005,295.31613,28.729582,151.3714
182,1118935805800,5,87.861,1575.578,15.559754,186.4369,28.442675,147.95442
182,1118935809200,1,-27.799,120.153,1.7883766,156.42627,28.777792,143.45667
182,1118935809200,3,-28.618,91.106,12.821417,259.24527,28.728586,151.36714
182,1118935809200,5,87.861,1575.578,17.11992,172.19656,28.43818,147.93846
182,1118935813600,1,-27.835,119.621,1.7883766,156.42627,28.779772,143.46349
182,1118935813600,3,87.861,1575.578,16.287678,210.53088,28.72763,151.36255
182,1118935813600,5,87.861,1575.578,25.146215,168.41998,28.437529,147.93623
182,1118935822900,1,-28.618,91.106,1.7883766,159.15785,28.776642,143.4495
182,1118935822900,3,87.861,1575.578,14.879102,212.92361,28.727085,151.35991
182,1118935822900,5,87.861,1575.578,24.35963,169.68576,28.436974,147.93407
182,1118935825600,1,87.861,1575.578,1.6967703,136.42325,28.581612,142.63525
182,1118935825600,3,87.861,1575.578,19.223476,178.37091,28.721226,151.32529
182,1118935825600,5,87.861,1575.578,35.788074,141.78758,28.434784,147.90883
182,1118936793500,1,87.861,1575.578,81.580345,1359.873,28.933811,144.11305
182,1118936793500,3,87.861,1575.578,70.99635,1243.6838,28.728514,151.36644
182,1118936793500,5,87.862,1575.582,72.82636,1174.8088,28.448776,147.98221
182,1118936793900,1,87.861,1575.578,82.56461,1403.7306,28.93872,144.13019
182,1118936793900,3,87.861,1575.578,71.02765,1290.2568,28.73016,151.37372
182,1118936793900,5,87.863,1575.586,70.46244,1011.3991,28.450493,147.98839
182,1118936795200,1,87.861,1575.578,82.65729,1411.2251,28.941029,144.1381
182,1118936795200,3,87.862,1575.582,70.81373,1284.506,28.730896,151.37698
182,1118936795200,5,87.865,1575.605,65.7888,925.45636,28.451073,147.99051
182,1118936795900,1,87.861,1575.578,83.306564,1407.893,28.942457,144.14284
182,1118936795900,3,87.863,1575.586,70.6541,1039.4773,28.731236,151.37843
182,1118936795900,5,87.894,1575.815,63.9434,923.38477,28.451307,147.99141
182,1118936796100,1,87.862,1575.582,83.242615,1477.9536,28.943314,144.14558
182,1118936796100,3,87.865,1575.605,70.58242,854.14557,28.731396,151.37912
182,1118936796100,5,87.899,1575.857,56.505856,955.1821,28.45141,147.99178
182,1118936798400,1,87.863,1575.586,83.242615,1407.1117,28.943571,144.14662
182,1118936798400,3,87.894,1575.815,66.42409,854.14557,28.731447,151.37933
182,1118936798400,5,87.918,1575.996,55.240883,858.4101,28.451494,147.99213
182,1118936798500,1,87.865,1575.605,83.09806,1463.1803,28.943651,144.14699
182,1118936798500,3,87.899,1575.857,66.45778,877.89264,28.731506,151.37956
182,1118936798500,5,87.918,1575.996,56.42915,936.1865,28.451565,147.99243
182,1118936798900,1,87.894,1575.815,83.33829,1463.1803,28.94367,144.14705
182,1118936798900,3,87.918,1575.996,66.548485,800.1592,28.731522,151.37968
182,1118936798900,5,87.918,1575.996,59.71885,770.73456,28.451584,147.99254
182,1118936803400,1,87.899,1575.857,83.33829,1463.1803,28.94367,144.14705
182,1118936803400,3,87.918,1575.996,66.60486,800.1592,28.731522,151.37968
182,1118936803400,5,87.918,1575.996,59.71885,765.50507,28.451584,147.99254
182,1118936804300,1,87.918,1575.996,83.33829,1463.1803,28.94367,144.14705
182,1118936804300,3,87.918,1575.996,66.60486,800.1592,28.731522,151.37968
182,1118936804300,5,16.842,1532.478,59.71885,765.50507,28.451584,147.99254
182,1118936809000,1,87.918,1575.996,83.33829,1463.1803,28.94367,144.14705
182,1118936809000,3,87.918,1575.996,66.60486,800.1592,28.731522,151.37968
182,1118936809000,5,-26.229,1416.361,59.71885,765.50507,28.451584,147.99254
182,1118936809100,1,87.918,1575.996,83.308,1463.1803,28.94367,144.14705
182,1118936809100,3,16.842,1532.478,66.60486,800.1592,28.731522,151.37968
182,1118936809100,5,-35.005,1372.796,59.71885,765.50507,28.451584,147.99254
182,1118936810200,1,87.918,1575.996,83.308,1463.1803,28.94367,144.14705
182,1118936810200,3,-26.229,1416.361,66.60486,800.1592,28.731522,151.37968
182,1118936810200,5,-37.5,1335.85,59.71885,765.50507,28.451584,147.99254
182,1118936811100,1,16.842,1532.478,83.308,1463.1803,28.94367,144.14705
182,1118936811100,3,-35.005,1372.796,66.60486,800.1592,28.731522,151.37968
182,1118936811100,5,-36.206,1246.549,59.71885,770.73456,28.451584,147.99254
182,1118936819100,1,-26.229,1416.361,16.01973,1469.8323,28.94367,144.14705
182,1118936819100,3,-37.5,1335.85,16.244648,1359.187,28.731522,151.37968
182,1118936819100,5,-30.203,1021.975,17.981098,968.1319,28.451584,147.99254
182,1118936822800,1,-35.005,1372.796,-12.192309,1393.0195,28.94367,144.14705
182,1118936822800,3,-36.206,1246.549,-1.664643,1331.8964,28.731522,151.37968
182,1118936822800,5,-26.604,967.042,2.8095107,992.7012,28.451584,147.99254
182,1118936823900,1,-37.5,1335.85,11.028959,1276.5509,28.94367,144.14705
182,1118936823900,3,-30.203,1021.975,9.554779,1282.9364,28.731522,151.37968
182,1118936823900,5,-27.184,951.972,8.840658,1026.4949,28.451584,147.99254
182,1118936824600,1,-36.206,1246.549,10.579106,1140.8156,28.94367,144.14705
182,1118936824600,3,-26.604,967.042,3.3783383,1310.4083,28.731522,151.37968
182,1118936824600,5,-30.075,893.779,-3.2627764,1032.7734,28.451584,147.99254
182,1118936826500,1,-30.203,1021.975,6.7227645,1107.0046,28.94367,144.14705
182,1118936826500,3,-27.184,951.972,3.8926117,1142.0883,28.731522,151.37968
182,1118936826500,5,-44.667,752.29,-9.233687,1100.0697,28.451584,147.99254
182,1118936831200,1,-26.604,967.042,-24.705698,946.35236,28.94367,144.14705
182,1118936831200,3,-30.075,893.779,-20.738718,886.5956,28.731522,151.37968
182,1118936831200,5,-52.246,520.484,-22.619255,964.65045,28.451584,147.99254
182,1118936832500,1,-27.184,951.972,-24.150978,933.43097,28.94367,144.14705
182,1118936832500,3,-44.667,752.29,-21.365438,823.8223,28.731522,151.37968
182,1118936832500,5,-53.945,504.733,-18.783796,941.9501,28.451584,147.99254
182,1118936832800,1,-30.075,893.779,-26.453945,915.9264,28.94367,144.14705
182,1118936832800,3,-52.246,520.484,-24.27514,820.6177,28.731522,151.37968
182,1118936832800,5,-56.134,476.899,-14.613022,838.7272,28.451584,147.99254
204,1118935772600,1,54.369,54.594,50.70534,188.83691,29.121775,143.22528
204,1118935772600,3,49.59,58.753,45.29937,288.9866,28.731499,151.37955
204,1118935772600,5,40.625,114.931,47.373158,449.70972,28.451563,147.99239
204,1118935773000,1,52.827,55.583,53.97305,-373.31235,29.126322,143.18442
204,1118935773000,3,49.238,59.296,50.006824,216.78894,28.731493,151.37952
204,1118935773000,5,39.616,136.403,52.21679,219.37018,28.451569,147.99236
204,1118935773700,1,49.59,58.753,51.910336,153.91512,29.094353,143.32056
204,1118935773700,3,40.625,114.931,52.71131,229.323,28.731493,151.37952
204,1118935773700,5,36.091,220.947,51.951023,238.7403,28.45157,147.99239
204,1118935775000,1,49.238,59.296,50.443634,156.40054,29.036852,143.62549
204,1118935775000,3,39.616,136.403,50.93182,226.97983,28.731499,151.37955
204,1118935775000,5,36.966,241.56,53.427296,268.7241,28.451574,147.99242
204,1118935775100,1,40.625,114.931,49.026924,156.47711,29.038618,143.62372
204,1118935775100,3,36.091,220.947,50.804085,231.41872,28.731491,151.37949
204,1118935775100,5,37.208,274.795,51.546387,268.80872,28.451578,147.99239
204,1118935778600,1,39.616,136.403,39.852524,170.37642,28.943983,144.1399
204,1118935778600,3,36.966,241.56,40.708263,252.23976,28.731514,151.37964
204,1118935778600,5,38.548,303.329,41.06368,300.31616,28.451582,147.99254
204,1118935779600,1,36.091,220.947,39.674088,202.06607,28.94374,144.14575
204,1118935779600,3,37.208,274.795,40.45867,306.9484,28.731512,151.37962
204,1118935779600,5,39.079,330.398,39.993458,423.03323,28.451582,147.99254
204,1118935782300,1,36.966,241.56,34.138664,274.4846,28.943638,144.1469
204,1118935782300,3,38.548,303.329,33.475056,375.01334,28.731491,151.37952
204,1118935782300,5,63.246,401.869,36.716026,543.35693,28.451576,147.99252
204,1118935782800,1,37.208,274.795,37.637917,296.08954,28.943651,144.14699
204,1118935782800,3,39.079,330.398,35.203888,438.51828,28.731504,151.37958
204,1118935782800,5,20.894,79.158,35.99173,570.07227,28.451574,147.99251
204,1118935783500,1,38.548,303.329,36.250572,369.80127,28.943657,144.147
204,1118935783500,3,63.246,401.869,35.156185,525.4011,28.731512,151.37962
204,1118935783500,5,20.142,119.642,34.8508,629.18445,28.451576,147.99252
204,1118935784200,1,39.079,330.398,39.32129,373.6352,28.94366,144.14702
204,1118935784200,3,20.894,79.158,39.11027,512.34393,28.731516,151.37965
204,1118935784200,5,23.999,188.673,38.9041,626.3526,28.45158,147.99252
204,1118935784900,1,63.246,401.869,39.46974,381.2176,28.943665,144.14703
204,1118935784900,3,20.142,119.642,39.995785,496.0104,28.731516,151.37965
204,1118935784900,5,26.687,227.131,39.367733,631.22614,28.45158,147.99252
204,1118935787200,1,20.894,79.158,62.33377,250.59659,28.943668,144.14705
204,1118935787200,3,23.999,188.673,61.03819,586.97705,28.731522,151.37968
204,1118935787200,5,27.732,244.662,61.329662,486.90744,28.451584,147.99254
204,1118936810800,1,20.142,119.642,21.307566,163.73343,28.943895,144.14574
204,1118936810800,3,26.687,227.131,22.54415,259.98965,28.731512,151.37965
204,1118936810800,5,27.732,244.662,22.801388,244.64996,28.45158,147.99251
204,1118936812200,1,23.999,188.673,20.673164,180.93832,28.943687,144.14694
204,1118936812200,3,27.732,244.662,20.913546,294.3735,28.731522,151.37968
204,1118936812200,5,27.732,244.662,20.398224,431.11026,28.451582,147.99252
204,1118936815300,1,26.687,227.131,24.974611,224.98265,28.94367,144.14705
204,1118936815300,3,27.732,244.662,25.12627,273.22214,28.731522,151.37968
204,1118936815300,5,27.732,244.662,25.311653,425.29898,28.451584,147.99254
204,1118936818000,1,27.732,244.662,28.410517,257.2936,28.94367,144.14705
204,1118936818000,3,27.732,244.662,27.856089,293.54816,28.731522,151.37968
204,1118936818000,5,27.732,244.662,27.84183,353.93604,28.451584,147.99254
204,1118936830200,1,27.732,244.662,27.91868,280.22928,28.94367,144.14705
204,1118936830200,3,27.732,244.662,28.775373,314.70178,28.731522,151.37968
204,1118936830200,5,27.732,244.662,28.007977,347.5597,28.451584,147.99254
204,1118936830300,1,27.732,244.662,27.858322,279.8593,28.94367,144.14705
204,1118936830300,3,27.732,244.662,28.3134,312.36346,28.731522,151.37968
204,1118936830300,5,27.732,244.662,28.699865,352.82715,28.451584,147.99254
204,1118936831900,1,27.732,244.662,28.149212,278.80316,28.94367,144.14705
204,1118936831900,3,27.732,244.662,28.57219,309.0509,28.731522,151.37968
204,1118936831900,5,27.732,244.662,29.228872,347.3345,28.451584,147.99254
204,1118936832100,1,27.732,244.662,27.923157,274.9481,28.943668,144.14705
204,1118936832100,3,27.732,244.662,28.331188,309.9746,28.731522,151.37968
204,1118936832100,5,27.732,244.662,28.287119,339.02676,28.451584,147.99254
204,1118936833000,1,27.732,244.662,27.923157,274.9481,28.943668,144.14705
204,1118936833000,3,27.732,244.662,28.295065,306.20636,28.731522,151.37968
204,1118936833000,5,27.732,244.662,28.33175,320.86148,28.451584,147.99254
204,1118936835700,1,27.732,244.662,27.923157,274.9481,28.94367,144.14705
204,1118936835700,3,27.732,244.662,28.238697,303.2388,28.731522,151.37968
204,1118936835700,5,27.732,244.662,28.3615,334.98978,28.451584,147.99254
204,1118936839600,1,27.732,244.662,27.923157,274.9481,28.94367,144.14705
204,1118936839600,3,27.732,244.662,28.238697,303.2388,28.731522,151.37968
204,1118936839600,5,27.732,244.662,28.447767,340.00632,28.451584,147.99254
204,1118936840100,1,27.732,244.662,27.923157,274.9481,28.94367,144.14705
204,1118936840100,3,27.732,244.662,28.27482,306.20636,28.731522,151.37968
204,1118936840100,5,27.732,244.662,28.449947,344.52744,28.451584,147.99254
204,1118936842500,1,27.732,244.662,27.923157,274.9481,28.94367,144.14705
204,1118936842500,3,27.732,244.662,28.331188,306.20636,28.731522,151.37968
204,1118936842500,5,27.732,244.662,28.449947,341.18976,28.451584,147.99254
204,1118936843600,1,27.732,244.662,27.923157,274.9481,28.94367,144.14705
204,1118936843600,3,27.732,244.662,28.331188,306.20636,28.731522,151.37968
204,1118936843600,5,27.732,244.662,28.449947,341.18976,28.451584,147.99254
204,1118936843800,1,27.732,244.662,27.923157,274.9481,28.94367,144.14705
204,1118936843800,3,27.732,244.662,28.331188,306.20636,28.731522,151.37968
204,1118936843800,5,27.732,244.662,28.449947,341.18976,28.451584,147.99254
204,1118936848500,1,27.732,244.662,27.923157,274.9481,28.94367,144.14705
204,1118936848500,3,27.732,244.662,28.331188,306.20636,28.731522,151.37968
204,1118936848500,5,27.732,244.662,28.449947,341.18976,28.451584,147.99254
204,1118936849500,1,27.732,244.662,27.923157,274.9481,28.94367,144.14705
204,1118936849500,3,27.732,244.662,28.331188,306.20636,28.731522,151.37968
204,1118936849500,5,27.732,244.662,28.449947,341.18976,28.451584,147.99254
204,1118936852400,1,27.732,244.662,27.923157,274.9481,28.94367,144.14705
204,1118936852400,3,27.732,244.662,28.331188,306.20636,28.731522,151.37968
204,1118936852400,5,27.732,244.662,28.449947,341.18976,28.451584,147.99254
204,1118936852600,1,27.732,244.662,27.923157,274.9481,28.94367,144.14705
204,1118936852600,3,27.732,244.662,28.331188,306.20636,28.731522,151.37968
204,1118936852600,5,27.732,244.662,28.449947,341.18976,28.451584,147.99254
204,1118936852800,1,27.732,244.662,27.923157,274.9481,28.94367,144.14705
204,1118936852800,3,27.732,244.662,28.331188,306.20636,28.731522,151.37968
204,1118936852800,5,27.732,244.662,28.449947,341.18976,28.451584,147.99254
204,1118936854400,1,27.732,244.662,27.923157,274.9481,28.94367,144.14705
204,1118936854400,3,27.732,244.662,28.331188,306.20636,28.731522,151.37968
204,1118936854400,5,27.732,244.662,28.449947,341.18976,28.451584,147.99254
204,1118936855200,1,27.732,244.662,27.923157,274.9481,28.94367,144.14705
204,1118936855200,3,27.732,244.662,28.331188,306.20636,28.731522,151.37968
204,1118936855200,5,27.732,244.662,28.449947,341.18976,28.451584,147.99254
204,1118936856100,1,27.732,244.662,27.923157,274.9481,28.94367,144.14705
204,1118936856100,3,27.732,244.662,28.331188,306.20636,28.731522,151.37968
204,1118936856100,5,27.732,244.662,28.449947,341.18976,28.451584,147.99254
204,1118936860700,1,27.732,244.662,27.923157,274.9481,28.94367,144.14705
204,1118936860700,3,27.732,244.662,28.331188,306.20636,28.731522,151.37968
204,1118936860700,5,27.732,244.662,28.449947,341.18976,28.451584,147.99254
204,1118936863200,1,27.732,244.662,27.923157,274.9481,28.94367,144.14705
204,1118936863200,3,27.732,244.662,28.331188,306.20636,28.731522,151.37968
204,1118936863200,5,28.391,253.187,28.449947,341.18976,28.451584,147.99254
204,1118936865800,1,27.732,244.662,27.923157,274.9481,28.94367,144.14705
204,1118936865800,3,27.732,244.662,28.331188,306.20636,28.731522,151.37968
204,1118936865800,5,28.483,259.612,28.449947,341.18976,28.451584,147.99254
204,1118936866300,1,27.732,244.662,27.923157,274.9481,28.94367,144.14705
204,1118936866300,3,28.391,253.187,28.331188,306.20636,28.731522,151.37968
204,1118936866300,5,16.177,473.196,28.449947,341.18976,28.451584,147.99254
204,1118936869900,1,27.732,244.662,27.923157,274.9481,28.94367,144.14705
204,1118936869900,3,28.483,259.612,28.331188,306.20636,28.731522,151.37968
204,1118936869900,5,28.073,818.1,28.449947,341.18976,28.451584,147.99254
204,1118936870400,1,28.391,253.187,27.923157,274.9481,28.94367,144.14705
204,1118936870400,3,16.177,473.196,28.331188,306.20636,28.731522,151.37968
204,1118936870400,5,36.95,895.998,28.449947,341.18976,28.451584,147.99254
204,1118936874500,1,28.483,259.612,28.7848,274.9481,28.94367,144.14705
204,1118936874500,3,28.073,818.1,28.359312,305.03265,28.731522,151.37968
204,1118936874500,5,30.9,1317.73,28.086166,340.5475,28.451584,147.99254
204,1118936875100,1,16.177,473.196,28.703846,280.86124,28.94367,144.14705
204,1118936875100,3,36.95,895.998,28.419718,323.8849,28.731522,151.37968
204,1118936875100,5,40.632,1414.67,28.218044,348.8133,28.451584,147.99254
204,1118936882800,1,28.073,818.1,15.725405,513.1735,28.94367,144.14705
204,1118936882800,3,30.9,1317.73,16.208761,598.6198,28.731522,151.37968
204,1118936882800,5,42.071,1426.604,16.4801,720.0661,28.451584,147.99254
204,1118936890600,1,36.95,895.998,28.877104,896.33093,28.94367,144.14705
204,1118936890600,3,40.632,1414.67,28.349476,1014.7206,28.731522,151.37968
204,1118936890600,5,42.814,1454.402,28.054941,1150.3916,28.451584,147.99254
204,1118936892100,1,30.9,1317.73,36.121964,746.7451,28.94367,144.14705
204,1118936892100,3,42.071,1426.604,34.14018,1112.8131,28.731522,151.37968
204,1118936892100,5,51.708,1476.748,33.72222,1206.1613,28.451584,147.99254
204,1118936899400,1,40.632,1414.67,30.382595,1397.12,28.94367,144.14705
204,1118936899400,3,42.814,1454.402,30.10589,1177.161,28.731522,151.37968
204,1118936899400,5,51.67,1477.064,29.154165,1271.8451,28.451584,147.99254
204,1118936901900,1,42.071,1426.604,41.078854,1385.077,28.94367,144.14705
204,1118936901900,3,51.708,1476.748,41.08262,1510.7424,28.731522,151.37968
204,1118936901900,5,51.507,1478.434,40.87279,1362.3055,28.451584,147.99254
204,1118936902200,1,42.814,1454.402,42.58211,1475.1534,28.94367,144.14705
204,1118936902200,3,51.67,1477.064,42.128696,1498.4547,28.731522,151.37968
204,1118936902200,5,51.382,1479.487,41.521706,1436.6245,28.451584,147.99254
204,1118936903300,1,51.708,1476.748,42.612686,1439.3204,28.94367,144.14705
204,1118936903300,3,51.507,1478.434,42.360455,1480.6552,28.731522,151.37968
204,1118936903300,5,51.382,1479.487,41.086803,1425.1766,28.451584,147.99254
204,1118936906000,1,51.67,1477.064,52.47893,1439.8853,28.94367,144.14705
204,1118936906000,3,51.382,1479.487,52.064346,1491.4893,28.731522,151.37968
204,1118936906000,5,51.382,1479.487,49.939854,1473.8093,28.451584,147.99254
204,1118936906600,1,51.507,1478.434,51.98853,1475.3655,28.94367,144.14705
204,1118936906600,3,51.382,1479.487,51.600502,1483.1866,28.731522,151.37968
204,1118936906600,5,51.382,1479.487,50.036106,1518.4285,28.451584,147.99254
204,1118936909200,1,51.382,1479.487,51.777603,1477.9526,28.94367,144.14705
204,1118936909200,3,51.382,1479.487,51.762436,1567.7786,28.731522,151.37968
204,1118936909200,5,51.382,1479.487,50.07295,1485.9974,28.451584,147.99254
204,1118936912600,1,51.382,1479.487,51.777603,1469.9523,28.94367,144.14705
204,1118936912600,3,51.382,1479.487,51.658737,1559.6476,28.731522,151.37968
204,1118936912600,5,51.382,1479.487,50.07077,1514.8392,28.451584,147.99254
204,1118936913800,1,51.382,1479.487,51.78876,1472.3156,28.94367,144.14705
204,1118936913800,3,51.382,1479.487,51.619534,1489.4979,28.731522,151.37968
204,1118936913800,5,51.382,1479.487,50.012577,1489.7776,28.451584,147.99254
204,1118936914900,1,51.382,1479.487,51.74235,1472.3156,28.94367,144.14705
204,1118936914900,3,51.382,1479.487,51.619534,1500.481,28.731522,151.37968
204,1118936914900,5,51.382,1479.487,50.06453,1484.0969,28.451584,147.99254
204,1118936918900,1,51.382,1479.487,51.74235,1472.3156,28.94367,144.14705
204,1118936918900,3,51.382,1479.487,51.619534,1500.481,28.731522,151.37968
204,1118936918900,5,51.382,1479.487,50.21996,1481.4302,28.451584,147.99254
204,1118936922500,1,51.382,1479.487,51.74235,1472.3156,28.94367,144.14705
204,1118936922500,3,51.382,1479.487,51.65566,1492.1842,28.731522,151.37968
204,1118936922500,5,51.382,1479.487,50.222137,1439.1345,28.451584,147.99254
204,1118936924000,1,51.382,1479.487,51.74235,1472.3156,28.94367,144.14705
204,1118936924000,3,51.382,1479.487,51.712025,1494.7738,28.731522,151.37968
204,1118936924000,5,51.382,1479.487,50.222137,1440.318,28.451584,147.99254
204,1118936924800,1,51.382,1479.487,51.74235,1472.3156,28.94367,144.14705
204,1118936924800,3,51.382,1479.487,51.712025,1494.7738,28.731522,151.37968
204,1118936924800,5,51.382,1479.487,50.222137,1440.318,28.451584,147.99254
346,1118936889200,1,12.438,146.256,10.225291,147.93982,28.943647,144.1469
346,1118936889200,3,5.132,600.976,11.242611,294.27292,28.731516,151.37965
346,1118936889200,5,8.596,1126.762,11.732142,364.18225,28.45158,147.99252
346,1118936890300,1,6.49,434.836,15.56745,230.18243,28.943663,144.14703
346,1118936890300,3,18.154,914.809,17.48423,434.7574,28.731522,151.37968
346,1118936890300,5,8.148,1341.556,17.745445,480.0318,28.451582,147.99252
346,1118936896700,1,5.132,600.976,7.9905977,510.45523,28.94367,144.14705
346,1118936896700,3,8.596,1126.762,7.904543,626.28595,28.731522,151.37968
346,1118936896700,5,8.722,1348.81,9.338669,741.5081,28.451584,147.99254
346,1118936899800,1,18.154,914.809,6.198339,686.77466,28.94367,144.14705
346,1118936899800,3,8.148,1341.556,6.8675976,865.90356,28.731522,151.37968
346,1118936899800,5,8.739,1348.916,12.553193,961.8865,28.451584,147.99254
346,1118936905200,1,8.596,1126.762,17.632488,979.4073,28.94367,144.14705
346,1118936905200,3,8.722,1348.81,18.628738,1088.3264,28.731522,151.37968
346,1118936905200,5,8.962,1350.316,22.62274,1208.3126,28.451584,147.99254
346,1118936909100,1,8.148,1341.556,8.503843,1167.726,28.94367,144.14705
346,1118936909100,3,8.739,1348.916,12.384064,1365.5183,28.731522,151.37968
346,1118936909100,5,8.975,1350.398,13.179358,1223.8824,28.451584,147.99254
346,1118936917300,1,8.722,1348.81,9.00715,1339.249,28.94367,144.14705
346,1118936917300,3,8.962,1350.316,10.856522,1428.683,28.731522,151.37968
346,1118936917300,5,8.979,1350.422,11.804087,1401.5072,28.451584,147.99254
346,1118936920000,1,8.739,1348.916,8.86928,1358.0347,28.94367,144.14705
346,1118936920000,3,8.975,1350.398,11.570504,1443.1427,28.731522,151.37968
346,1118936920000,5,9.007,1350.594,10.992824,1433.108,28.451584,147.99254
346,1118936921300,1,8.962,1350.316,9.02996,1352.6179,28.943668,144.14705
346,1118936921300,3,8.979,1350.422,9.749493,1422.7352,28.731522,151.37968
346,1118936921300,5,9.008,1350.602,9.76692,1523.8992,28.451584,147.99254
346,1118936938400,1,8.975,1350.398,8.738431,1363.2396,28.94367,144.14705
346,1118936938400,3,9.007,1350.594,9.647342,1443.6547,28.731522,151.37968
346,1118936938400,5,9.038,1350.79,8.361103,1538.0043,28.451584,147.99254
346,1118936939400,1,8.979,1350.422,9.233682,1359.4498,28.94367,144.14705
346,1118936939400,3,9.008,1350.602,9.611218,1459.619,28.731522,151.37968
346,1118936939400,5,9.046,1350.84,8.133164,1459.4056,28.451584,147.99254
346,1118936939700,1,9.007,1350.594,9.233682,1357.9144,28.94367,144.14705
346,1118936939700,3,9.038,1350.79,9.539516,1435.204,28.731522,151.37968
346,1118936939700,5,9.083,1351.077,7.927848,1341.2819,28.451584,147.99254
346,1118936941800,1,9.008,1350.602,9.233682,1357.9144,28.94367,144.14705
346,1118936941800,3,9.046,1350.84,9.595884,1426.5839,28.731522,151.37968
346,1118936941800,5,9.137,1351.422,7.8586445,1464.0521,28.451584,147.99254
346,1118936941900,1,9.038,1350.79,9.233682,1360.29,28.94367,144.14705
346,1118936941900,3,9.083,1351.077,9.546814,1446.8374,28.731522,151.37968
346,1118936941900,5,9.171,1355.919,8.024404,1486.482,28.451584,147.99254
346,1118936944200,1,9.046,1350.84,9.233682,1360.29,28.94367,144.14705
346,1118936944200,3,9.137,1351.422,9.526569,1442.0688,28.731522,151.37968
346,1118936944200,5,9.119,1357.324,8.026585,1453.4052,28.451584,147.99254
346,1118936944800,1,9.083,1351.077,9.233682,1360.29,28.94367,144.14705
346,1118936944800,3,9.171,1355.919,9.582937,1445.0364,28.731522,151.37968
346,1118936944800,5,8.998,1361.233,8.026585,1457.9263,28.451584,147.99254
346,1118936947700,1,9.137,1351.422,9.233682,1360.29,28.94367,144.14705
346,1118936947700,3,9.119,1357.324,9.582937,1445.0364,28.731522,151.37968
346,1118936947700,5,9.964,1364.099,8.026585,1457.9263,28.451584,147.99254
346,1118936950500,1,9.171,1355.919,9.233682,1360.29,28.94367,144.14705
346,1118936950500,3,8.998,1361.233,9.582937,1445.0364,28.731522,151.37968
346,1118936950500,5,13.194,1380.296,8.026585,1457.9263,28.451584,147.99254
346,1118936951400,1,9.119,1357.324,9.233682,1367.4097,28.94367,144.14705
346,1118936951400,3,9.964,1364.099,9.856985,1445.0364,28.731522,151.37968
346,1118936951400,5,22.504,1450.442,8.398715,1457.9263,28.451584,147.99254
346,1118936951600,1,8.998,1361.233,9.142076,1367.4097,28.94367,144.14705
346,1118936951600,3,13.194,1380.296,9.826871,1442.1836,28.731522,151.37968
346,1118936951600,5,29.053,1507.763,8.770383,1457.5009,28.451584,147.99254
346,1118936952100,1,9.964,1364.099,9.158195,1370.7418,28.94367,144.14705
346,1118936952100,3,22.504,1450.442,9.826871,1445.4961,28.731522,151.37968
346,1118936952100,5,20.961,1549.472,8.770383,1457.5009,28.451584,147.99254
354,1118935896000,1,-30.364,1270.365,-3.510808,1578.7714,28.94367,144.14705
354,1118935896000,3,-24.542,1054.618,4.88575,1512.7609,28.731522,151.37968
354,1118935896000,5,-20.469,930.852,7.742996,1490.1724,28.451584,147.99254
354,1118935898800,1,-29.083,1212.177,-21.680275,1281.5133,28.94367,144.14705
354,1118935898800,3,-20.161,1027.476,-9.4002695,1363.0288,28.731522,151.37968
354,1118935898800,5,-22.53,892.708,-2.2520368,1282.7124,28.451584,147.99254
354,1118935899900,1,-24.542,1054.618,-20.430933,1190.4618,28.94367,144.14705
354,1118935899900,3,-20.469,930.852,-17.738583,1226.4698,28.731522,151.37968
354,1118935899900,5,-26.518,810.058,-17.969118,1248.2378,28.451584,147.99254
354,1118935903400,1,-20.161,1027.476,-20.05122,1034.8588,28.94367,144.14705
354,1118935903400,3,-22.53,892.708,-19.700672,958.94934,28.731522,151.37968
354,1118935903400,5,-27.438,795.096,-19.34598,1059.8593,28.451584,147.99254
354,1118935904100,1,-20.469,930.852,-20.395506,1004.28973,28.94367,144.14705
354,1118935904100,3,-26.518,810.058,-19.152798,892.28296,28.731522,151.37968
354,1118935904100,5,-27.598,791.389,-17.50792,931.55084,28.451584,147.99254
354,1118935906500,1,-22.53,892.708,-20.083258,879.39716,28.94367,144.14705
354,1118935906500,3,-27.438,795.096,-17.909153,758.882,28.731522,151.37968
354,1118935906500,5,-28.853,762.421,-1.717829,844.97437,28.451584,147.99254
354,1118935907400,1,-26.518,810.058,-22.0101,849.59235,28.94367,144.14705
354,1118935907400,3,-27.598,791.389,-18.999048,729.6124,28.731522,151.37968
354,1118935907400,5,-25.634,707.137,-15.258431,790.95667,28.451584,147.99254
354,1118935909500,1,-27.438,795.096,-26.548115,779.6235,28.94367,144.14705
354,1118935909500,3,-28.853,762.421,-2.9414866,599.9085,28.731522,151.37968
354,1118935909500,5,-24.593,674.842,-15.698271,575.4465,28.451584,147.99254
354,1118935909900,1,-27.598,791.389,-16.443634,760.5405,28.94367,144.14705
354,1118935909900,3,-25.634,707.137,-24.015036,630.7292,28.731522,151.37968
354,1118935909900,5,-25.009,543.702,-26.509483,550.8959,28.451584,147.99254
354,1118935910000,1,-28.853,762.421,-26.997416,751.71606,28.94367,144.14705
354,1118935910000,3,-24.593,674.842,-24.09095,628.8683,28.731522,151.37968
354,1118935910000,5,-25.01,543.435,-27.191868,552.79956,28.451584,147.99254
354,1118935910700,1,-25.634,707.137,-26.548115,727.4127,28.94367,144.14705
354,1118935910700,3,-25.009,543.702,-24.589306,618.58105,28.731522,151.37968
354,1118935910700,5,-25.003,541.952,-27.082102,535.4072,28.451584,147.99254
354,1118935912300,1,-24.593,674.842,-24.310186,684.2922,28.94367,144.14705
354,1118935912300,3,-25.01,543.435,-23.13975,592.00726,28.731522,151.37968
354,1118935912300,5,-25.015,542.035,-23.060865,529.7025,28.451584,147.99254
354,1118935913300,1,-25.009,543.702,-22.80916,653.43823,28.94367,144.14705
354,1118935913300,3,-25.003,541.952,-22.522457,582.2518,28.731522,151.37968
354,1118935913300,5,-25.015,542.03,-19.071302,537.63196,28.451584,147.99254
354,1118935922300,1,-25.01,543.435,-24.24224,518.2418,28.94367,144.14705
354,1118935922300,3,-25.015,542.035,-19.931894,480.84412,28.731522,151.37968
354,1118935922300,5,-25.015,542.03,-17.6497,483.3279,28.451584,147.99254
354,1118935922500,1,-25.003,541.952,-24.231085,514.4857,28.94367,144.14705
354,1118935922500,3,-25.015,542.03,-21.573578,505.5433,28.731522,151.37968
354,1118935922500,5,-25.015,542.03,-20.158928,470.00385,28.451584,147.99254
354,1118935924500,1,-25.015,542.035,-24.231085,517.69806,28.94367,144.14705
354,1118935924500,3,-25.015,542.03,-19.719511,506.32605,28.731522,151.37968
354,1118935924500,5,-25.015,542.03,-22.662285,478.54608,28.451584,147.99254
354,1118935924800,1,-25.015,542.03,-24.24224,517.69806,28.94367,144.14705
354,1118935924800,3,-25.015,542.03,-19.25938,506.32605,28.731522,151.37968
354,1118935924800,5,-25.015,542.03,-23.989002,472.80975,28.451584,147.99254
354,1118935928400,1,-25.015,542.03,-24.200792,538.3795,28.94367,144.14705
354,1118935928400,3,-25.015,542.03,-21.386543,525.9395,28.731522,151.37968
354,1118935928400,5,-25.015,542.03,-22.99226,510.50327,28.451584,147.99254
354,1118935929200,1,-25.015,542.03,-24.231085,536.4448,28.94367,144.14705
354,1118935929200,3,-25.015,542.03,-23.741814,518.00134,28.731522,151.37968
354,1118935929200,5,-25.015,542.03,-11.853319,486.2126,28.451584,147.99254
354,1118935929300,1,-25.015,542.03,-24.231085,538.3795,28.94367,144.14705
354,1118935929300,3,-25.015,542.03,-21.063787,526.65704,28.731522,151.37968
354,1118935929300,5,-25.015,542.03,-11.851139,500.9124,28.451584,147.99254
354,1118935933200,1,-25.015,542.03,-24.231085,541.11115,28.94367,144.14705
354,1118935933200,3,-25.015,542.03,-14.581883,527.62085,28.731522,151.37968
354,1118935933200,5,-25.015,542.03,2.493897,519.162,28.451584,147.99254
354,1118935933400,1,-25.015,542.03,-24.231085,541.11115,28.94367,144.14705
354,1118935933400,3,-25.015,542.03,-14.581883,529.62463,28.731522,151.37968
354,1118935933400,5,-25.015,542.03,2.493897,519.162,28.451584,147.99254
354,1118935933900,1,-25.015,542.03,-24.231085,541.11115,28.94367,144.14705
354,1118935933900,3,-25.015,542.03,-14.376631,532.01733,28.731522,151.37968
354,1118935933900,5,-25.015,542.03,2.493897,519.162,28.451584,147.99254
354,1118935935800,1,-25.015,542.03,-24.231085,541.11115,28.94367,144.14705
354,1118935935800,3,-25.015,542.03,-14.376631,532.01733,28.731522,151.37968
354,1118935935800,5,-16.571,514.902,2.8734863,519.162,28.451584,147.99254
354,1118935938700,1,-25.015,542.03,-24.231085,541.11115,28.94367,144.14705
354,1118935938700,3,-25.015,542.03,-14.376631,532.01733,28.731522,151.37968
354,1118935938700,5,-14.465,507.558,2.8734863,519.162,28.451584,147.99254
354,1118935939900,1,-25.015,542.03,-24.231085,541.11115,28.94367,144.14705
354,1118935939900,3,-16.571,514.902,-14.376631,532.01733,28.731522,151.37968
354,1118935939900,5,74.149,394.707,2.8734863,519.162,28.451584,147.99254
354,1118935941300,1,-25.015,542.03,-24.231085,541.11115,28.94367,144.14705
354,1118935941300,3,-14.465,507.558,-14.376631,532.01733,28.731522,151.37968
354,1118935941300,5,-18.687,1359.943,2.8734863,519.162,28.451584,147.99254
354,1118935945000,1,-16.571,514.902,-24.231085,541.11115,28.94367,144.14705
354,1118935945000,3,74.149,394.707,-14.376631,532.01733,28.731522,151.37968
354,1118935945000,5,-18.145,1335.611,2.8734863,519.162,28.451584,147.99254
354,1118935954900,1,-14.465,507.558,-14.428438,525.6398,28.94367,144.14705
354,1118935954900,3,-18.687,1359.943,-6.383894,489.17783,28.731522,151.37968
354,1118935954900,5,-18.603,1309.468,7.0375886,480.30096,28.451584,147.99254
354,1118935955400,1,74.149,394.707,-10.940737,486.67358,28.94367,144.14705
354,1118935955400,3,-18.145,1335.611,-4.2140627,447.2401,28.731522,151.37968
354,1118935955400,5,-18.397,1279.278,12.400861,470.6365,28.451584,147.99254
354,1118935962200,1,-18.687,1359.943,74.39863,383.25354,28.94367,144.14705
354,1118935962200,3,-18.603,1309.468,72.9086,229.24161,28.731522,151.37968
354,1118935962200,5,-17.285,1270.717,78.147255,291.4088,28.451584,147.99254
354,1118936898100,1,-18.145,1335.611,-8.516042,1304.1796,28.94367,144.14705
354,1118936898100,3,-18.397,1279.278,2.7891164,1331.6405,28.731522,151.37968
354,1118936898100,5,-18.175,1153.714,15.054454,1151.1885,28.451584,147.99254
354,1118936898600,1,-18.603,1309.468,-12.259006,1339.0272,28.94367,144.14705
354,1118936898600,3,-17.285,1270.717,-1.6468801,1311.925,28.731522,151.37968
354,1118936898600,5,-11.012,1027.899,14.027545,1191.3927,28.451584,147.99254
354,1118936899200,1,-18.397,1279.278,-13.414804,1297.9398,28.94367,144.14705
354,1118936899200,3,-18.175,1153.714,-6.4229674,1203.2119,28.731522,151.37968
354,1118936899200,5,-9.803,1020.046,1.5938121,1195.0536,28.451584,147.99254
354,1118936899800,1,-17.285,1270.717,-15.123749,1220.4695,28.94367,144.14705
354,1118936899800,3,-11.012,1027.899,-9.6354885,1186.2224,28.731522,151.37968
354,1118936899800,5,-9.007,932.187,-7.0189238,1145.3386,28.451584,147.99254
354,1118936900000,1,-18.175,1153.714,-11.892823,1231.2131,28.94367,144.14705
354,1118936900000,3,-9.803,1020.046,-9.622368,1174.4829,28.731522,151.37968
354,1118936900000,5,-9.375,929.189,-2.3830388,1158.3464,28.451584,147.99254
354,1118936902800,1,-11.012,1027.899,-14.320301,1113.0074,28.94367,144.14705
354,1118936902800,3,-9.007,932.187,-12.415157,1029.8304,28.731522,151.37968
354,1118936902800,5,-16.943,850.638,3.139046,990.2706,28.451584,147.99254
354,1118936905800,1,-9.803,1020.046,-10.421328,1007.8943,28.94367,144.14705
354,1118936905800,3,-9.375,929.189,-10.394684,879.7232,28.731522,151.37968
354,1118936905800,5,-20.643,817.239,-4.0956407,939.1795,28.451584,147.99254
354,1118936906000,1,-9.007,932.187,-10.134121,954.8159,28.94367,144.14705
354,1118936906000,3,-16.943,850.638,-7.0805593,841.04785,28.731522,151.37968
354,1118936906000,5,-26.258,763.819,-6.0533013,854.11554,28.451584,147.99254
354,1118936908400,1,-9.375,929.189,-6.357679,903.5856,28.94367,144.14705
354,1118936908400,3,-20.643,817.239,-7.809525,770.09973,28.731522,151.37968
354,1118936908400,5,-26.141,749.376,-12.549872,740.5407,28.451584,147.99254
354,1118936908500,1,-16.943,850.638,-7.242949,895.95575,28.94367,144.14705
354,1118936908500,3,-26.258,763.819,-10.694777,763.6738,28.731522,151.37968
354,1118936908500,5,-25.8,740.488,-15.759958,855.13715,28.451584,147.99254
354,1118936911000,1,-20.643,817.239,-16.001604,824.2628,28.94367,144.14705
354,1118936911000,3,-26.141,749.376,-15.609439,659.9977,28.731522,151.37968
354,1118936911000,5,-25.808,599.536,-21.02318,627.889,28.451584,147.99254
354,1118936912100,1,-26.258,763.819,-22.470837,780.1339,28.94367,144.14705
354,1118936912100,3,-25.8,740.488,-21.521246,656.21204,28.731522,151.37968
354,1118936912100,5,-25.849,597.31,-22.547062,630.0569,28.451584,147.99254
354,1118936913800,1,-26.141,749.376,-25.791117,727.4127,28.94367,144.14705
354,1118936913800,3,-25.808,599.536,-24.773806,621.5486,28.731522,151.37968
354,1118936913800,5,-25.89,595.06,-22.802351,541.34564,28.451584,147.99254
354,1118936914200,1,-25.8,740.488,-25.663746,716.4534,28.94367,144.14705
354,1118936914200,3,-25.849,597.31,-23.738499,610.69965,28.731522,151.37968
354,1118936914200,5,-26.002,590.832,-18.862293,541.15314,28.451584,147.99254
354,1118936914500,1,-25.808,599.536,-24.310186,716.4534,28.94367,144.14705
354,1118936914500,3,-25.89,595.06,-22.921335,613.01447,28.731522,151.37968
354,1118936914500,5,-24.319,562.295,-20.77301,537.0677,28.451584,147.99254
354,1118936919700,1,-25.849,597.31,-25.069857,576.16925,28.94367,144.14705
354,1118936919700,3,-26.002,590.832,-23.426054,511.7043,28.731522,151.37968
354,1118936919700,5,-25.487,556.715,-22.787857,486.51236,28.451584,147.99254
354,1118936919800,1,-25.89,595.06,-25.161463,576.8527,28.94367,144.14705
354,1118936919800,3,-24.319,562.295,-24.22879,494.59167,28.731522,151.37968
354,1118936919800,5,-25.48,556.637,-22.241106,481.62314,28.451584,147.99254
354,1118936919900,1,-26.002,590.832,-25.161463,570.35333,28.94367,144.14705
354,1118936919900,3,-25.487,556.715,-23.615051,494.59167,28.731522,151.37968
354,1118936919900,5,-25.481,556.515,-19.054712,463.90677,28.451584,147.99254
354,1118936920100,1,-24.319,562.295,-25.22731,566.7742,28.94367,144.14705
354,1118936920100,3,-25.48,556.637,-22.959448,494.59167,28.731522,151.37968
354,1118936920100,5,-25.482,556.179,-18.929745,463.50134,28.451584,147.99254
354,1118936922300,1,-25.487,556.715,-23.449444,537.6674,28.94367,144.14705
354,1118936922300,3,-25.481,556.515,-17.876158,482.83337,28.731522,151.37968
354,1118936922300,5,-25.488,554.74,-14.099465,448.70505,28.451584,147.99254
354,1118936923400,1,-25.48,556.637,-24.776928,522.1193,28.94367,144.14705
354,1118936923400,3,-25.482,556.179,-20.167048,465.34808,28.731522,151.37968
354,1118936923400,5,-25.489,554.491,-4.2798223,436.99408,28.451584,147.99254
354,1118936923800,1,-25.481,556.515,-24.619474,527.9007,28.94367,144.14705
354,1118936923800,3,-25.488,554.74,-20.075384,504.10056,28.731522,151.37968
354,1118936923800,5,-25.49,554.356,-8.330597,473.19107,28.451584,147.99254
354,1118936924200,1,-25.482,556.179,-24.619474,530.6026,28.94367,144.14705
354,1118936924200,3,-25.489,554.491,-19.799887,515.34937,28.731522,151.37968
354,1118936924200,5,-25.494,553.363,-6.8324485,472.30295,28.451584,147.99254
354,1118936925300,1,-25.488,554.74,-24.619474,530.6026,28.94367,144.14705
354,1118936925300,3,-25.49,554.356,-19.769772,507.4327,28.731522,151.37968
354,1118936925300,5,-25.495,553.195,-11.838796,472.8407,28.451584,147.99254
354,1118936930000,1,-25.489,554.491,-24.619474,530.6026,28.94367,144.14705
354,1118936930000,3,-25.494,553.363,-20.189121,506.32605,28.731522,151.37968
354,1118936930000,5,-25.495,553.095,-11.816171,469.06412,28.451584,147.99254
354,1118936931900,1,-25.49,554.356,-24.619474,530.6026,28.94367,144.14705
354,1118936931900,3,-25.495,553.195,-23.28635,506.32605,28.731522,151.37968
354,1118936931900,5,-25.497,552.603,-6.1514316,470.32993,28.451584,147.99254
354,1118936933100,1,-25.494,553.363,-24.619474,530.6026,28.94367,144.14705
354,1118936933100,3,-25.495,553.095,-16.39876,512.3818,28.731522,151.37968
354,1118936933100,5,-25.497,552.537,2.493897,485.91562,28.451584,147.99254
354,1118936942000,1,-25.495,553.195,-24.619474,530.6026,28.94367,144.14705
354,1118936942000,3,-25.497,552.603,-14.762922,515.34937,28.731522,151.37968
354,1118936942000,5,-25.499,552.112,2.493897,487.0991,28.451584,147.99254
354,1118936943500,1,-25.495,553.095,-24.619474,530.6026,28.94367,144.14705
354,1118936943500,3,-25.497,552.537,-14.762922,515.34937,28.731522,151.37968
354,1118936943500,5,-25.499,552.112,2.493897,490.43677,28.451584,147.99254
354,1118936944400,1,-25.497,552.603,-24.619474,530.6026,28.94367,144.14705
354,1118936944400,3,-25.499,552.112,-14.762922,515.34937,28.731522,151.37968
354,1118936944400,5,-25.499,552.112,2.493897,487.0991,28.451584,147.99254
354,1118936948800,1,-25.497,552.537,-24.619474,530.6026,28.94367,144.14705
354,1118936948800,3,-25.499,552.112,-14.762922,515.34937,28.731522,151.37968
354,1118936948800,5,-25.499,552.112,2.493897,487.0991,28.451584,147.99254
354,1118936949400,1,-25.499,552.112,-24.619474,530.6026,28.94367,144.14705
354,1118936949400,3,-25.499,552.112,-14.762922,515.34937,28.731522,151.37968
354,1118936949400,5,-25.499,552.114,2.493897,487.0991,28.451584,147.99254
354,1118936955400,1,-25.499,552.112,-24.619474,530.6026,28.94367,144.14705
354,1118936955400,3,-25.499,552.112,-14.762922,515.34937,28.731522,151.37968
354,1118936955400,5,-25.499,552.13,2.8734863,487.0991,28.451584,147.99254
354,1118936958600,1,-25.499,552.112,-24.619474,530.6026,28.94367,144.14705
354,1118936958600,3,-25.499,552.114,-14.762922,515.34937,28.731522,151.37968
354,1118936958600,5,-25.544,541.317,2.8734863,487.0991,28.451584,147.99254
354,1118936958700,1,-25.499,552.112,-24.619474,551.28406,28.94367,144.14705
354,1118936958700,3,-25.499,552.13,-14.762922,519.6086,28.731522,151.37968
354,1118936958700,5,-25.665,511.133,2.8734863,502.09586,28.451584,147.99254
354,1118936959000,1,-25.499,552.114,-24.619474,551.28406,28.94367,144.14705
354,1118936959000,3,-25.544,541.317,-14.762922,525.2281,28.731522,151.37968
354,1118936959000,5,-15.073,374.565,2.8734863,519.162,28.451584,147.99254
354,1118936961000,1,-25.499,552.13,-24.619474,551.28406,28.94367,144.14705
354,1118936961000,3,-25.665,511.133,-14.762922,529.62463,28.731522,151.37968
354,1118936961000,5,-12.172,352.111,2.8734863,519.162,28.451584,147.99254
354,1118936961100,1,-25.544,541.317,-24.619474,554.0156,28.94367,144.14705
354,1118936961100,3,-15.073,374.565,-14.403455,532.01733,28.731522,151.37968
354,1118936961100,5,-9.422,287.732,2.8734863,519.162,28.451584,147.99254
354,1118936963500,1,-25.665,511.133,-25.050722,541.11115,28.94367,144.14705
354,1118936963500,3,-12.172,352.111,-14.587784,511.29282,28.731522,151.37968
354,1118936963500,5,-8.51,263.66,4.6597395,497.414,28.451584,147.99254
354,1118936965400,1,-15.073,374.565,-25.081013,486.67358,28.94367,144.14705
354,1118936965400,3,-9.422,287.732,-12.850997,453.94733,28.731522,151.37968
354,1118936965400,5,-7.354,149.993,8.323947,456.82355,28.451584,147.99254
354,1118936970400,1,-12.172,352.111,-12.332829,359.3213,28.94367,144.14705
354,1118936970400,3,-8.51,263.66,-4.671553,339.86163,28.731522,151.37968
354,1118936970400,5,-7.511,106.54,13.348356,330.8668,28.451584,147.99254
354,1118936971100,1,-9.422,287.732,-9.954263,340.8595,28.94367,144.14705
354,1118936971100,3,-7.354,149.993,-2.8880177,316.16983,28.731522,151.37968
354,1118936971100,5,-7.568,84.166,10.889028,313.61383,28.451584,147.99254
376,1118935917500,1,-44.202,1634.439,21.570766,1274.333,28.94367,144.14705
376,1118935917500,3,-44.202,1634.439,24.768599,1045.4583,28.731522,151.37968
376,1118935917500,5,-44.622,1625.734,19.709572,1114.6173,28.451584,147.99254
376,1118935918500,1,-44.202,1634.439,16.126041,1183.2113,28.94367,144.14705
376,1118935918500,3,-44.092,1634.16,11.354921,1111.3295,28.731522,151.37968
376,1118935918500,5,-42.935,1560.429,13.444032,1185.4541,28.451584,147.99254
376,1118935919000,1,-44.202,1634.439,11.348016,1168.9921,28.94367,144.14705
376,1118935919000,3,-44.622,1625.734,5.2588677,1059.9745,28.731522,151.37968
376,1118935919000,5,-39.36,1544.538,1.8154317,1291.5552,28.451584,147.99254
376,1118935921200,1,-44.092,1634.16,10.094824,1241.1356,28.94367,144.14705
376,1118935921200,3,-42.935,1560.429,4.226797,1161.4174,28.731522,151.37968
376,1118935921200,5,-33.788,1502.957,-3.0989044,1326.5552,28.451584,147.99254
376,1118935925300,1,-44.622,1625.734,9.7998295,1209.8264,28.94367,144.14705
376,1118935925300,3,-39.36,1544.538,2.8338912,1169.6163,28.731522,151.37968
376,1118935925300,5,-38.454,1418.119,5.554714,1184.9039,28.451584,147.99254
376,1118935926200,1,-42.935,1560.429,8.592225,1202.2314,28.94367,144.14705
376,1118935926200,3,-33.788,1502.957,3.429775,1182.2878,28.731522,151.37968
376,1118935926200,5,-47.949,1321.664,13.724984,1215.1606,28.451584,147.99254
376,1118935928800,1,-39.36,1544.538,4.6996093,1175.2637,28.94367,144.14705
376,1118935928800,3,-38.454,1418.119,16.503195,1137.2167,28.731522,151.37968
376,1118935928800,5,-44.635,1240.168,17.207829,1082.7378,28.451584,147.99254
376,1118935929500,1,-33.788,1502.957,5.191498,1178.0927,28.94367,144.14705
376,1118935929500,3,-47.949,1321.664,16.844736,1111.4186,28.731522,151.37968
376,1118935929500,5,-44.616,1138.628,14.24947,947.7227,28.451584,147.99254
376,1118935930900,1,-38.454,1418.119,2.36466,1306.6637,28.94367,144.14705
376,1118935930900,3,-44.635,1240.168,16.815504,1376.805,28.731522,151.37968
376,1118935930900,5,-38.79,819.06,25.210165,1091.5776,28.451584,147.99254
376,1118935933300,1,-47.949,1321.664,3.2213466,1170.8724,28.94367,144.14705
376,1118935933300,3,-44.616,1138.628,16.61476,1333.9705,28.731522,151.37968
376,1118935933300,5,-43.8,776.642,26.874586,1117.608,28.451584,147.99254
376,1118935935500,1,-44.635,1240.168,6.336941,853.97595,28.94367,144.14705
376,1118935935500,3,-38.79,819.06,25.831379,957.7407,28.731522,151.37968
376,1118935935500,5,-44.526,733.162,14.225298,945.93286,28.451584,147.99254
376,1118935937300,1,-44.616,1138.628,8.319389,706.97675,28.94367,144.14705
376,1118935937300,3,-43.8,776.642,21.250051,883.61444,28.731522,151.37968
376,1118935937300,5,-43.958,685.756,17.09932,868.63947,28.451584,147.99254
376,1118935939900,1,-38.79,819.06,4.342822,481.58936,28.94367,144.14705
376,1118935939900,3,-44.526,733.162,14.169112,781.6889,28.731522,151.37968
376,1118935939900,5,-44.094,680.093,13.5151,794.99066,28.451584,147.99254
376,1118935947700,1,-43.8,776.642,3.8984869,385.9019,28.94367,144.14705
376,1118935947700,3,-43.958,685.756,10.078002,631.1667,28.731522,151.37968
376,1118935947700,5,-44.094,680.096,5.4094834,547.4626,28.451584,147.99254
376,1118935948900,1,-44.526,733.162,2.622934,171.87576,28.94367,144.14705
376,1118935948900,3,-44.094,680.093,10.91238,374.0905,28.731522,151.37968
376,1118935948900,5,-44.096,680.042,5.2932954,408.69696,28.451584,147.99254
376,1118935950200,1,-43.958,685.756,7.5175896,183.90451,28.94367,144.14705
376,1118935950200,3,-44.094,680.096,13.375785,376.9617,28.731522,151.37968
376,1118935950200,5,-44.139,680.083,1.215342,333.23517,28.451584,147.99254
376,1118935953100,1,-44.094,680.093,4.92461,307.5781,28.94367,144.14705
376,1118935953100,3,-44.096,680.042,10.735723,367.59055,28.731522,151.37968
376,1118935953100,5,-44.158,680.08,3.9703624,397.83725,28.451584,147.99254
376,1118935955100,1,-44.094,680.096,7.7451305,305.0152,28.94367,144.14705
376,1118935955100,3,-44.139,680.083,12.880651,402.74484,28.731522,151.37968
376,1118935955100,5,-44.278,680.054,7.044748,422.69812,28.451584,147.99254
376,1118935960100,1,-44.096,680.042,6.4468336,264.52896,28.94367,144.14705
376,1118935960100,3,-44.158,680.08,12.530199,399.4772,28.731522,151.37968
376,1118935960100,5,-43.87,680.068,5.284102,446.48172,28.451584,147.99254
376,1118935960800,1,-44.139,680.083,6.5231624,287.91232,28.94367,144.14705
376,1118935960800,3,-44.278,680.054,13.247597,409.94592,28.731522,151.37968
376,1118935960800,5,-43.52,667.689,5.2302623,426.4724,28.451584,147.99254
376,1118935961700,1,-44.158,680.08,7.462807,255.48508,28.943668,144.14705
376,1118935961700,3,-43.87,680.068,14.316264,408.33865,28.731522,151.37968
376,1118935961700,5,-43.428,638.833,10.631542,460.17438,28.451584,147.99254
376,1118935962100,1,-44.278,680.054,6.6260157,263.29523,28.943666,144.14705
376,1118935962100,3,-43.52,667.689,16.56254,408.0115,28.731522,151.37968
376,1118935962100,5,-45.502,601.545,11.282625,421.5125,28.451584,147.99254
376,1118935964700,1,-43.87,680.068,7.7166615,264.09213,28.943666,144.14705
376,1118935964700,3,-43.428,638.833,16.425613,404.97528,28.731522,151.37968
376,1118935964700,5,-45.127,471.679,19.700165,432.40466,28.451584,147.99254
376,1118935969800,1,-43.52,667.689,7.8472056,261.36053,28.943668,144.14705
376,1118935969800,3,-45.502,601.545,23.892971,409.3718,28.731522,151.37968
376,1118935969800,5,-31.953,347.831,34.04738,405.33228,28.451584,147.99254
376,1118935974600,1,-43.428,638.833,6.885031,251.29543,28.943663,144.14702
376,1118935974600,3,-45.127,471.679,24.181145,351.9547,28.731522,151.37968
376,1118935974600,5,-29.502,291.747,36.804443,320.53513,28.451584,147.99254
376,1118935975900,1,-45.502,601.545,4.0594554,197.24878,28.94366,144.147
376,1118935975900,3,-31.953,347.831,22.584711,316.85727,28.731522,151.37968
376,1118935975900,5,-28.002,125.641,36.962746,351.33102,28.451584,147.99254
376,1118935977600,1,-45.127,471.679,4.7119765,171.07394,28.94366,144.147
376,1118935977600,3,-29.502,291.747,23.187761,267.08008,28.731522,151.37968
376,1118935977600,5,-28.926,80.888,33.60669,296.4087,28.451584,147.99254
376,1118935981600,1,-31.953,347.831,7.862898,162.6382,28.943653,144.14699
376,1118935981600,3,-28.002,125.641,20.75833,160.61711,28.731522,151.37967
376,1118935981600,5,38.941,119.847,30.113821,237.14655,28.451584,147.99254
376,1118935985100,1,-29.502,291.747,2.1163366,326.69406,28.943634,144.14693
376,1118935985100,3,-28.926,80.888,12.111017,296.23077,28.731518,151.37962
376,1118935985100,5,40.663,142.278,14.787762,291.7601,28.451584,147.99254
376,1118935986700,1,-28.002,125.641,-12.646213,301.36438,28.943571,144.14671
376,1118935986700,3,38.941,119.847,-0.79214555,275.2038,28.731493,151.37933
376,1118935986700,5,50.425,266.55,28.622248,246.8317,28.451582,147.99251
376,1118935991900,1,-28.926,80.888,4.348461,143.7855,28.872755,143.8488
376,1118935991900,3,40.663,142.278,28.827492,156.26677,28.706533,151.07306
376,1118935991900,5,50.756,305.307,31.821064,282.47467,28.449858,147.98053
376,1118935993500,1,38.941,119.847,12.473348,130.47931,28.522787,142.32759
376,1118935993500,3,50.425,266.55,27.946285,173.74066,28.635323,150.22707
376,1118935993500,5,50.211,315.185,31.229252,271.06537,28.435663,147.88164
376,1118936908900,1,40.663,142.278,38.747112,137.81027,28.930086,144.10179
376,1118936908900,3,50.756,305.307,41.897446,255.05351,28.731483,151.37952
376,1118936908900,5,50.587,319.591,47.761574,296.5244,28.451523,147.99226
376,1118936909700,1,50.425,266.55,44.400246,197.76688,28.923311,144.08047
376,1118936909700,3,50.211,315.185,44.293377,351.6272,28.731462,151.37943
376,1118936909700,5,52.649,336.491,53.247044,485.8794,28.451494,147.99216
378,1118935922700,1,-32.032,1633.72,16.024387,1085.1298,28.94367,144.14705
378,1118935922700,3,-32.032,1633.72,22.688549,1282.6322,28.731522,151.37968
378,1118935922700,5,-37.398,1593.125,5.696392,1312.83,28.451584,147.99254
378,1118935922800,1,-32.032,1633.72,5.8036723,1485.6117,28.94367,144.14705
378,1118935922800,3,-31.446,1634.397,7.337257,1573.6835,28.731522,151.37968
378,1118935922800,5,-25.409,1432.83,-0.64343095,1265.535,28.451584,147.99254
378,1118935923200,1,-32.032,1633.72,1.8330033,1484.6956,28.94367,144.14705
378,1118935923200,3,-37.398,1593.125,0.46176115,1532.0923,28.731522,151.37968
378,1118935923200,5,-25.757,1429.702,-9.672942,1365.4061,28.451584,147.99254
378,1118935924300,1,-31.446,1634.397,-0.5411259,1527.307,28.94367,144.14705
378,1118935924300,3,-25.409,1432.83,0.22765173,1482.9011,28.731522,151.37968
378,1118935924300,5,-38.281,1287.13,-11.934434,1465.5107,28.451584,147.99254
378,1118935925100,1,-37.398,1593.125,-25.927908,1590.4186,28.94367,144.14705
378,1118935925100,3,-25.757,1429.702,-16.14829,1456.9291,28.731522,151.37968
378,1118935925100,5,-36.151,1261.109,-5.027698,1397.4314,28.451584,147.99254
378,1118935927300,1,-25.409,1432.83,5.336323,1459.331,28.94367,144.14705
378,1118935927300,3,-38.281,1287.13,1.9114206,1514.2163,28.731522,151.37968
378,1118935927300,5,-35.567,1225.544,15.019756,1245.412,28.451584,147.99254
378,1118935932300,1,-25.757,1429.702,-25.814356,1416.5679,28.94367,144.14705
378,1118935932300,3,-36.151,1261.109,-1.9757218,1456.651,28.731522,151.37968
378,1118935932300,5,-33.131,872.339,-8.195213,1308.9502,28.451584,147.99254
378,1118935932400,1,-38.281,1287.13,-20.842852,1403.687,28.94367,144.14705
378,1118935932400,3,-35.567,1225.544,-3.322985,1378.7875,28.731522,151.37968
378,1118935932400,5,-44.416,772.808,-6.744647,1084.1743,28.451584,147.99254
378,1118935935200,1,-36.151,1261.109,7.349281,907.3382,28.94367,144.14705
378,1118935935200,3,-33.131,872.339,18.128626,1267.0079,28.731522,151.37968
378,1118935935200,5,-44.299,710.688,11.8925905,1109.4497,28.451584,147.99254
378,1118935935700,1,-35.567,1225.544,6.287563,969.9371,28.94367,144.14705
378,1118935935700,3,-44.416,772.808,17.81458,1186.6665,28.731522,151.37968
378,1118935935700,5,-43.713,658.127,7.405551,1114.0706,28.451584,147.99254
378,1118935936400,1,-33.131,872.339,3.463996,1007.3777,28.94367,144.14705
378,1118935936400,3,-44.299,710.688,14.850309,1144.51,28.731522,151.37968
378,1118935936400,5,-43.656,656.596,8.572248,1060.5045,28.451584,147.99254
378,1118935943100,1,-44.416,772.808,8.766352,733.76086,28.94367,144.14705
378,1118935943100,3,-43.713,658.127,14.559432,743.7411,28.731522,151.37968
378,1118935943100,5,-43.717,654.826,-11.422445,618.6848,28.451584,147.99254
378,1118935945500,1,-44.299,710.688,4.4462714,178.75214,28.94367,144.14705
378,1118935945500,3,-43.656,656.596,-3.0466201,379.68475,28.731522,151.37968
378,1118935945500,5,-43.923,648.274,-0.4764894,421.1503,28.451584,147.99254
378,1118935947200,1,-43.713,658.127,7.35608,293.4983,28.94367,144.14705
378,1118935947200,3,-43.717,654.826,-0.023417631,373.9672,28.731522,151.37968
378,1118935947200,5,-43.969,647.33,-0.870197,345.7036,28.451584,147.99254
378,1118935949900,1,-43.656,656.596,5.09764,311.2982,28.94367,144.14705
378,1118935949900,3,-43.923,648.274,11.2168865,366.56305,28.731522,151.37968
378,1118935949900,5,-45.062,633.735,2.96212,378.05475,28.451584,147.99254
378,1118935950100,1,-43.717,654.826,7.3322043,247.97195,28.94367,144.14705
378,1118935950100,3,-43.969,647.33,11.342307,358.07254,28.731522,151.37968
378,1118935950100,5,-45.062,633.762,5.613731,423.39423,28.451584,147.99254
378,1118935950300,1,-43.923,648.274,5.811757,251.06418,28.94367,144.14705
378,1118935950300,3,-45.062,633.735,11.667416,346.9494,28.731522,151.37968
378,1118935950300,5,-45.062,633.762,6.778195,424.58783,28.451584,147.99254
378,1118935950900,1,-43.969,647.33,7.009023,244.32996,28.94367,144.14705
378,1118935950900,3,-45.062,633.762,12.912122,351.30978,28.731522,151.37968
378,1118935950900,5,-45.062,633.76,6.545625,426.65878,28.451584,147.99254
378,1118935951000,1,-45.062,633.735,6.762558,244.32996,28.943668,144.14705
378,1118935951000,3,-45.062,633.762,13.838654,340.21808,28.731522,151.37968
378,1118935951000,5,-45.062,633.764,7.2618628,432.86154,28.451584,147.99254
378,1118935953300,1,-45.062,633.762,7.559883,198.97629,28.943665,144.14705
378,1118935953300,3,-45.062,633.76,17.07348,317.89188,28.73152,151.37968
378,1118935953300,5,-44.378,515.697,7.3692513,417.74258,28.451584,147.99254
378,1118935961500,1,-45.062,633.762,6.4468336,187.3581,28.943666,144.14705
378,1118935961500,3,-45.062,633.764,14.839372,347.25873,28.731522,151.37968
378,1118935961500,5,-44.485,488.912,14.040047,380.9266,28.451584,147.99254
378,1118935969100,1,-45.062,633.76,6.5231624,206.41235,28.943666,144.14705
378,1118935969100,3,-44.378,515.697,15.5872135,357.57367,28.731522,151.37968
378,1118935969100,5,-31.681,342.012,19.85795,392.97458,28.451584,147.99254
378,1118935970100,1,-45.062,633.764,6.801313,206.41235,28.943665,144.14702
378,1118935970100,3,-44.485,488.912,23.500174,336.66638,28.731522,151.37968
378,1118935970100,5,-30.987,334.92,32.932396,412.55148,28.451584,147.99254
378,1118935970200,1,-44.378,515.697,6.606881,204.47766,28.943665,144.14703
378,1118935970200,3,-31.681,342.012,24.217215,339.77124,28.731522,151.37968
378,1118935970200,5,-27.865,167.354,33.85003,398.73816,28.451584,147.99254
378,1118935976800,1,-44.485,488.912,5.082583,188.78738,28.943666,144.14703
378,1118935976800,3,-30.987,334.92,17.603157,252.37059,28.731522,151.37968
378,1118935976800,5,-27.631,121.821,33.589733,355.33078,28.451584,147.99254
378,1118935977600,1,-31.681,342.012,4.8412976,141.40288,28.943651,144.147
378,1118935977600,3,-27.865,167.354,16.767765,192.08275,28.731522,151.37967
378,1118935977600,5,15.289,7.336,34.14827,356.97464,28.451584,147.99254
378,1118935981700,1,-30.987,334.92,2.1163366,307.65128,28.943619,144.14687
378,1118935981700,3,-27.631,121.821,12.111017,263.09515,28.731516,151.37961
378,1118935981700,5,15.289,7.336,14.989117,262.53455,28.451584,147.99254
378,1118935981900,1,-27.865,167.354,-12.646213,301.27106,28.943575,144.14673
378,1118935981900,3,15.289,7.336,0.2669906,278.6377,28.731516,151.37961
378,1118935981900,5,15.289,7.336,15.256377,261.7895,28.451584,147.99254
378,1118935986500,1,-27.631,121.821,-0.7069765,187.50706,28.935442,144.11313
378,1118935986500,3,15.289,7.336,29.019064,181.82642,28.7218,151.25989
378,1118935986500,5,15.289,7.336,26.000866,252.88396,28.451298,147.99057
378,1118935987800,1,15.289,7.336,12.638944,136.55714,28.863483,143.81187
378,1118935987800,3,15.289,7.336,30.18597,156.26677,28.679934,150.74498
378,1118935987800,5,15.289,7.336,31.989689,288.8885,28.449392,147.97714
378,1118936907500,1,15.289,7.336,11.387338,131.73244,28.162916,140.92665
378,1118936907500,3,15.289,7.336,29.28253,202.68602,28.716518,151.29416
378,1118936907500,5,15.289,7.336,40.04856,374.7224,28.443995,147.95302
378,1118936913400,1,15.289,7.336,15.141199,134.94478,26.214865,133.52293
378,1118936913400,3,15.289,7.336,20.233896,269.2969,28.716305,151.2938
378,1118936913400,5,15.289,7.336,29.937496,358.99115,28.443895,147.95256
378,1118936914500,1,15.289,7.336,15.413743,154.94162,25.80573,131.10614
378,1118936914500,3,15.289,7.336,14.259377,427.33365,28.713541,151.28017
378,1118936914500,5,15.289,7.336,17.043974,415.66522,28.443531,147.95091
378,1118936915700,1,15.289,7.336,16.440037,202.68216,25.760696,130.65176
378,1118936915700,3,15.289,7.336,13.12425,474.27258,28.708553,151.2555
378,1118936915700,5,15.326,19.413,13.732878,438.1632,28.443325,147.9499
378,1118936917900,1,15.289,7.336,16.440037,202.68216,25.753345,130.55771
378,1118936917900,3,15.289,7.336,11.941578,521.7743,28.703663,151.23117
378,1118936917900,5,15.339,20.543,9.696489,492.93204,28.443491,147.95058
378,1118936918100,1,15.289,7.336,16.440037,263.90167,25.750744,130.53488
378,1118936918100,3,15.326,19.413,12.135862,555.5705,28.70052,151.21576
378,1118936918100,5,16.507,45.777,10.124237,411.73862,28.443699,147.95114
378,1118936924600,1,15.289,7.336,15.648518,263.90167,25.746351,130.51868
378,1118936924600,3,15.339,20.543,12.661122,552.70404,28.698853,151.20784
378,1118936924600,5,18.417,81.414,10.162963,390.17358,28.443872,147.95229
378,1118936926400,1,15.326,19.413,15.648518,263.90167,25.738846,130.48569
378,1118936926400,3,16.507,45.777,11.683923,530.4712,28.700918,151.21767
378,1118936926400,5,19.416,98.077,13.601755,346.78363,28.443886,147.95242
378,1118936929700,1,15.339,20.543,15.648518,263.90167,25.94151,133.4506
378,1118936929700,3,18.417,81.414,11.742383,530.4712,28.724665,151.34506
378,1118936929700,5,24.809,183.313,13.728615,343.44592,28.45049,147.98688
378,1118936929800,1,16.507,45.777,15.627923,264.79465,25.940125,134.21301
378,1118936929800,3,19.416,98.077,11.772452,504.12045,28.728222,151.36299
378,1118936929800,5,25.933,199.557,13.860493,354.10272,28.450573,147.98698
378,1118936931900,1,18.417,81.414,16.517933,268.1268,26.067225,135.1976
378,1118936931900,3,24.809,183.313,12.124497,506.15823,28.730988,151.37698
378,1118936931900,5,26.328,205.256,14.502371,352.2143,28.451458,147.99184
378,1118936934100,1,19.416,98.077,18.977533,275.5782,27.608667,140.02893
378,1118936934100,3,25.933,199.557,18.002035,402.29044,28.731354,151.37885
378,1118936934100,5,26.204,210.725,17.18487,308.72684,28.451527,147.99225
378,1118936934900,1,24.809,183.313,20.551676,278.12897,28.87216,143.92458
378,1118936934900,3,26.328,205.256,18.9827,344.75513,28.731436,151.37927
378,1118936934900,5,26.233,211.098,18.501568,373.9133,28.451542,147.99234
378,1118936939100,1,25.933,199.557,24.644371,232.33537,28.941633,144.14037
378,1118936939100,3,26.204,210.725,24.102848,376.1417,28.731474,151.37944
378,1118936939100,5,26.614,211.734,24.354692,388.3895,28.451553,147.99239
378,1118936940500,1,26.328,205.256,25.62849,227.52455,28.943565,144.14665
378,1118936940500,3,26.233,211.098,24.485142,317.37735,28.731499,151.37955
378,1118936940500,5,26.799,211.721,24.221613,318.03473,28.451563,147.99245
378,1118936941500,1,26.204,210.725,26.359993,230.41313,28.943653,144.14699
378,1118936941500,3,26.614,211.734,25.171415,282.7872,28.731514,151.37965
378,1118936941500,5,26.775,211.723,24.362411,296.21896,28.451578,147.99252
378,1118936943300,1,26.233,211.098,25.753355,237.46129,28.943665,144.14703
378,1118936943300,3,26.799,211.721,24.860384,283.56982,28.731516,151.37967
378,1118936943300,5,26.775,211.723,24.362411,299.81772,28.45158,147.99252
378,1118936943600,1,26.614,211.734,25.824871,236.40514,28.943668,144.14705
378,1118936943600,3,26.775,211.723,24.782652,279.0167,28.73152,151.37968
378,1118936943600,5,26.775,211.723,24.76355,322.12433,28.451582,147.99254
378,1118936950800,1,26.799,211.721,27.36913,236.40514,28.943668,144.14705
378,1118936950800,3,26.775,211.723,27.995647,271.34164,28.731522,151.37968
378,1118936950800,5,26.442,211.747,28.178534,306.97638,28.451584,147.99254
378,1118936951000,1,26.775,211.723,28.606897,236.40514,28.943668,144.14705
378,1118936951000,3,26.775,211.723,28.438745,268.11914,28.731522,151.37968
378,1118936951000,5,26.453,211.745,28.5494,305.56528,28.451584,147.99254
378,1118936953200,1,26.775,211.723,27.422808,217.14644,28.94367,144.14705
378,1118936953200,3,26.442,211.747,28.184082,264.7198,28.731522,151.37968
378,1118936953200,5,26.271,211.758,28.596212,291.82523,28.451584,147.99254
378,1118936953900,1,26.775,211.723,27.433964,236.38403,28.94367,144.14705
378,1118936953900,3,26.453,211.745,28.214197,262.40955,28.731522,151.37968
378,1118936953900,5,26.626,211.728,27.91718,298.22308,28.451584,147.99254
378,1118936956500,1,26.442,211.747,27.433964,232.5501,28.94367,144.14705
378,1118936956500,3,26.271,211.758,28.25032,263.63254,28.731522,151.37968
378,1118936956500,5,26.646,211.76,27.833092,315.72842,28.451584,147.99254
378,1118936965800,1,26.453,211.745,26.915844,229.8185,28.94367,144.14705
378,1118936965800,3,26.626,211.728,25.2128,268.60388,28.731522,151.37968
378,1118936965800,5,27.148,217.025,25.128845,304.30087,28.451584,147.99254
378,1118936966600,1,26.271,211.758,26.927,232.5501,28.94367,144.14705
378,1118936966600,3,26.646,211.76,25.22267,270.9966,28.731522,151.37968
378,1118936966600,5,27.852,234.524,25.098368,303.862,28.451584,147.99254
378,1118936968800,1,26.626,211.728,26.353313,232.09207,28.94367,144.14705
378,1118936968800,3,27.148,217.025,25.2128,266.7374,28.731522,151.37968
378,1118936968800,5,28.838,265.501,25.175657,289.70554,28.451584,147.99254
378,1118936970500,1,26.646,211.76,27.494324,232.5501,28.94367,144.14705
378,1118936970500,3,27.852,234.524,28.28039,266.75427,28.731522,151.37968
378,1118936970500,5,29.137,285.859,27.91936,285.40903,28.451584,147.99254
378,1118936971800,1,27.148,217.025,27.433964,228.17955,28.94367,144.14705
378,1118936971800,3,28.838,265.501,28.306688,263.29083,28.731522,151.37968
378,1118936971800,5,29.218,337.751,28.714409,288.653,28.451584,147.99254
378,1118936974600,1,27.852,234.524,27.494324,245.17531,28.94367,144.14705
378,1118936974600,3,29.137,285.859,28.334812,271.80615,28.731522,151.37968
378,1118936974600,5,15.933,479.711,28.086166,321.17355,28.451584,147.99254
378,1118936976900,1,28.838,265.501,28.218302,254.92033,28.94367,144.14705
378,1118936976900,3,29.218,337.751,28.614197,295.1624,28.731522,151.37968
378,1118936976900,5,17.646,557.393,28.218044,342.23776,28.451584,147.99254
378,1118936978700,1,29.137,285.859,28.719965,291.12186,28.94367,144.14705
378,1118936978700,3,15.933,479.711,28.978912,339.67508,28.731522,151.37968
378,1118936978700,5,20.073,616.607,28.882141,396.2754,28.451584,147.99254
378,1118936979600,1,29.218,337.751,28.719965,342.33646,28.94367,144.14705
378,1118936979600,3,17.646,557.393,28.978912,446.7366,28.731522,151.37968
378,1118936979600,5,22.26,657.68,28.904638,530.5124,28.451584,147.99254
378,1118936981900,1,15.933,479.711,29.358093,359.58707,28.94367,144.14705
378,1118936981900,3,20.073,616.607,29.285063,457.3362,28.731522,151.37968
378,1118936981900,5,23.77,763.39,28.97166,535.1132,28.451584,147.99254
378,1118936986700,1,17.646,557.393,14.705338,519.622,28.94367,144.14705
378,1118936986700,3,22.26,657.68,16.152393,628.10596,28.731522,151.37968
378,1118936986700,5,52.26,954.909,17.186636,743.0904,28.451584,147.99254
378,1118936988700,1,20.073,616.607,17.950714,630.4695,28.94367,144.14705
378,1118936988700,3,23.77,763.39,19.838717,759.07153,28.731522,151.37968
378,1118936988700,5,35.998,1117.585,19.377441,878.5347,28.451584,147.99254
378,1118936990200,1,22.26,657.68,21.007061,685.33704,28.94367,144.14705
378,1118936990200,3,52.26,954.909,19.732208,840.19147,28.731522,151.37968
378,1118936990200,5,35.203,1232.452,19.542921,964.2541,28.451584,147.99254
378,1118936991200,1,23.77,763.39,23.885847,731.2526,28.94367,144.14705
378,1118936991200,3,35.998,1117.585,24.334723,885.8855,28.731522,151.37968
378,1118936991200,5,41.965,1319.993,24.982548,988.4364,28.451584,147.99254
378,1118936993700,1,52.26,954.909,23.48374,840.706,28.94367,144.14705
378,1118936993700,3,35.203,1232.452,24.46268,976.1836,28.731522,151.37968
378,1118936993700,5,41.246,1324.674,25.098564,1085.6711,28.451584,147.99254
378,1118936998300,1,35.998,1117.585,52.48143,762.1865,28.94367,144.14705
378,1118936998300,3,41.965,1319.993,52.23436,1180.0162,28.731522,151.37968
378,1118936998300,5,40.998,1326.247,51.594654,1185.6943,28.451584,147.99254
378,1118937002100,1,35.203,1232.452,32.709003,1205.0428,28.94367,144.14705
378,1118937002100,3,41.246,1324.674,32.67103,1320.5177,28.731522,151.37968
378,1118937002100,5,39.29,1361.623,33.73223,1404.1984,28.451584,147.99254
378,1118937006000,1,41.965,1319.993,34.01107,1262.8348,28.94367,144.14705
378,1118937006000,3,40.998,1326.247,33.652843,1401.8158,28.731522,151.37968
378,1118937006000,5,40.111,1362.382,34.766605,1463.795,28.451584,147.99254
378,1118937009800,1,41.246,1324.674,42.435387,1354.0055,28.94367,144.14705
378,1118937009800,3,39.29,1361.623,42.015736,1420.8416,28.731522,151.37968
378,1118937009800,5,42.115,1378.113,41.955532,1511.5515,28.451584,147.99254
378,1118937010100,1,40.998,1326.247,40.489017,1344.4427,28.94367,144.14705
378,1118937010100,3,40.111,1362.382,39.94461,1443.6792,28.731522,151.37968
378,1118937010100,5,42.479,1378.988,40.42515,1603.6857,28.451584,147.99254
378,1118937010200,1,39.29,1361.623,40.27679,1348.2766,28.94367,144.14705
378,1118937010200,3,42.115,1378.113,39.93961,1455.5085,28.731522,151.37968
378,1118937010200,5,42.499,1379.038,40.419506,1525.8306,28.451584,147.99254
378,1118937014300,1,40.111,1362.382,39.317776,1371.0781,28.94367,144.14705
378,1118937014300,3,42.479,1378.988,39.384315,1486.9961,28.731522,151.37968
378,1118937014300,5,43.067,1380.425,39.817886,1493.043,28.451584,147.99254
378,1118937014800,1,42.115,1378.113,40.755123,1371.5885,28.94367,144.14705
378,1118937014800,3,42.499,1379.038,40.325798,1484.5723,28.731522,151.37968
378,1118937014800,5,43.067,1380.425,40.077827,1469.7068,28.451584,147.99254
378,1118937017700,1,42.479,1378.988,42.016502,1403.2574,28.94367,144.14705
378,1118937017700,3,43.067,1380.425,42.42471,1458.88,28.731522,151.37968
378,1118937017700,5,43.067,1380.425,41.18075,1459.7672,28.451584,147.99254
378,1118937019500,1,42.499,1379.038,42.568848,1406.7676,28.94367,144.14705
378,1118937019500,3,43.067,1380.425,42.28843,1454.3622,28.731522,151.37968
378,1118937019500,5,43.067,1380.425,41.38646,1441.0248,28.451584,147.99254
378,1118937019600,1,43.067,1380.425,42.568848,1401.9003,28.94367,144.14705
378,1118937019600,3,43.067,1380.425,42.268185,1446.2825,28.731522,151.37968
378,1118937019600,5,43.067,1380.425,41.38864,1446.1919,28.451584,147.99254
378,1118937024200,1,43.067,1380.425,42.568848,1399.6016,28.94367,144.14705
378,1118937024200,3,43.067,1380.425,42.200607,1448.1761,28.731522,151.37968
378,1118937024200,5,43.067,1380.425,41.341827,1432.8525,28.451584,147.99254
378,1118937030300,1,43.067,1380.425,42.508488,1399.0786,28.94367,144.14705
378,1118937030300,3,43.067,1380.425,42.094475,1447.2262,28.731522,151.37968
378,1118937030300,5,43.067,1380.425,40.90853,1437.2025,28.451584,147.99254
378,1118937031000,1,43.067,1380.425,42.46208,1399.0786,28.94367,144.14705
378,1118937031000,3,43.067,1380.425,42.05835,1447.2262,28.731522,151.37968
378,1118937031000,5,43.042,1380.767,40.9842,1418.0184,28.451584,147.99254
378,1118937031800,1,43.067,1380.425,42.46208,1399.0786,28.94367,144.14705
378,1118937031800,3,43.067,1380.425,42.001984,1442.475,28.731522,151.37968
378,1118937031800,5,43.014,1381.14,40.9842,1419.0778,28.451584,147.99254
378,1118937035500,1,43.067,1380.425,42.46208,1399.0786,28.94367,144.14705
378,1118937035500,3,43.042,1380.767,42.001984,1442.475,28.731522,151.37968
378,1118937035500,5,64.473,1488.637,41.03101,1422.1263,28.451584,147.99254
378,1118937035700,1,43.067,1380.425,42.46208,1399.0786,28.94367,144.14705
378,1118937035700,3,43.014,1381.14,42.001984,1447.2262,28.731522,151.37968
378,1118937035700,5,55.524,1559.357,41.06076,1422.1263,28.451584,147.99254
378,1118937040300,1,43.042,1380.767,42.46208,1399.0786,28.94367,144.14705
378,1118937040300,3,64.473,1488.637,42.001984,1447.2262,28.731522,151.37968
378,1118937040300,5,51.697,1585.074,41.147026,1424.5345,28.451584,147.99254
442,1118935949100,1,36.937,1148.637,34.633095,1188.929,28.94367,144.14705
442,1118935949100,3,37.171,1308.728,30.102297,1152.9556,28.731522,151.37968
442,1118935949100,5,55.187,1456.151,35.911022,1227.9926,28.451584,147.99254
442,1118935950000,1,37.125,1157.043,37.0389,1227.5867,28.94367,144.14705
442,1118935950000,3,43.895,1390.521,33.1914,1402.8779,28.731522,151.37968
442,1118935950000,5,60.188,1515.22,35.11621,1406.1703,28.451584,147.99254
442,1118935950200,1,37.171,1308.728,36.72643,1222.4888,28.94367,144.14705
442,1118935950200,3,55.187,1456.151,35.232018,1370.8619,28.731522,151.37968
442,1118935950200,5,59.38,1519.692,35.1438,1491.4569,28.451584,147.99254
442,1118935954200,1,43.895,1390.521,36.190212,1420.7859,28.94367,144.14705
442,1118935954200,3,60.188,1515.22,35.321507,1581.3988,28.731522,151.37968
442,1118935954200,5,54.24,1547.171,34.754463,1591.5732,28.451584,147.99254
442,1118935956200,1,55.187,1456.151,43.188816,1529.0886,28.94367,144.14705
442,1118935956200,3,59.38,1519.692,42.243893,1604.5792,28.731522,151.37968
442,1118935956200,5,17.728,54.471,42.59768,1562.6213,28.451584,147.99254
442,1118935957500,1,60.188,1515.22,54.23337,1310.1857,28.94367,144.14705
442,1118935957500,3,54.24,1547.171,51.796703,1676.7852,28.731522,151.37968
442,1118935957500,5,18.242,74.371,49.476944,1449.8987,28.451584,147.99254
442,1118935958700,1,59.38,1519.692,57.773632,1584.1699,28.94367,144.14705
442,1118935958700,3,17.728,54.471,54.807438,1606.5624,28.731522,151.37968
442,1118935958700,5,19.779,106.354,46.982327,1255.9358,28.451584,147.99254
442,1118935958800,1,54.24,1547.171,53.010937,1552.2792,28.94367,144.14705
442,1118935958800,3,18.242,74.371,51.537724,1515.6603,28.731522,151.37968
442,1118935958800,5,20.078,110.95,47.17525,1218.6643,28.451584,147.99254
442,1118935959500,1,17.728,54.471,52.496243,1570.6667,28.94367,144.14705
442,1118935959500,3,19.779,106.354,51.44788,1438.9441,28.731522,151.37968
442,1118935959500,5,21.361,127.723,48.030903,1189.5581,28.451584,147.99254
442,1118936945000,1,18.242,74.371,18.336086,139.55075,28.944254,144.1415
442,1118936945000,3,20.078,110.95,19.483734,245.7869,28.73149,151.3795
442,1118936945000,5,21.38,127.997,18.20608,315.36548,28.451563,147.99242
442,1118936945900,1,19.779,106.354,18.704475,158.16556,28.943878,144.14554
442,1118936945900,3,21.361,127.723,18.578339,287.2869,28.73151,151.37962
442,1118936945900,5,21.524,129.95,17.753714,406.50104,28.45157,147.99243
442,1118936947600,1,20.078,110.95,19.586414,173.16594,28.943703,144.14685
442,1118936947600,3,21.38,127.997,18.617771,284.9623,28.731518,151.37967
442,1118936947600,5,21.762,131.347,19.697407,359.81247,28.451582,147.99252
442,1118936948100,1,21.361,127.723,20.717379,146.52884,28.943691,144.14691
442,1118936948100,3,21.524,129.95,19.838161,228.11095,28.731518,151.37967
442,1118936948100,5,22.004,132.766,20.395557,233.20871,28.451582,147.99252
442,1118936951200,1,21.38,127.997,21.3166,181.55647,28.943678,144.14699
442,1118936951200,3,21.762,131.347,22.283342,239.26057,28.731522,151.37968
442,1118936951200,5,22.214,135.182,23.045269,250.21388,28.451582,147.99254
442,1118936951300,1,21.524,129.95,21.333378,182.82983,28.943678,144.147
442,1118936951300,3,22.004,132.766,21.833134,251.0426,28.731522,151.37968
442,1118936951300,5,22.214,135.182,22.322454,275.36755,28.451582,147.99254
442,1118936952900,1,21.762,131.347,22.05022,182.50604,28.943678,144.147
442,1118936952900,3,22.214,135.182,22.238941,248.25607,28.731522,151.37968
442,1118936952900,5,22.214,135.182,22.150143,261.90088,28.451582,147.99254
442,1118936959200,1,22.004,132.766,23.61976,182.50604,28.943678,144.147
442,1118936959200,3,22.214,135.182,24.497847,241.15715,28.731522,151.37968
442,1118936959200,5,28.706,360.988,24.928995,262.7093,28.451582,147.99254
442,1118936965600,1,22.214,135.182,23.61976,191.47945,28.943678,144.147
442,1118936965600,3,22.214,135.182,24.724575,241.33366,28.731522,151.37968
442,1118936965600,5,25.586,381.347,25.807878,261.60947,28.451582,147.99254
442,1118936969300,1,22.214,135.182,23.603642,187.6244,28.943678,144.14702
442,1118936969300,3,28.706,360.988,24.954046,241.33366,28.731522,151.37968
442,1118936969300,5,25.336,383.693,25.642433,282.52075,28.451582,147.99254
442,1118936972500,1,22.214,135.182,23.603642,187.6244,28.943678,144.14702
442,1118936972500,3,25.586,381.347,24.943125,241.33366,28.731522,151.37968
442,1118936972500,5,14.965,470.569,25.483826,305.37457,28.451582,147.99254
442,1118936972800,1,28.706,360.988,23.700714,187.6244,28.943678,144.14702
442,1118936972800,3,25.336,383.693,24.943125,241.33366,28.731522,151.37968
442,1118936972800,5,14.951,507.607,25.08939,307.88538,28.451582,147.99254
442,1118936987900,1,25.586,381.347,28.7848,387.4018,28.94367,144.14705
442,1118936987900,3,14.965,470.569,28.521706,413.38593,28.731522,151.37968
442,1118936987900,5,14.366,556.4,27.844196,473.77792,28.451584,147.99254
442,1118936988800,1,25.336,383.693,22.164139,406.39252,28.94367,144.14705
442,1118936988800,3,14.951,507.607,24.136444,503.9527,28.731522,151.37968
442,1118936988800,5,14.415,584.67,24.853523,606.3857,28.451584,147.99254
442,1118936988900,1,14.965,470.569,22.88167,422.3197,28.94367,144.14705
442,1118936988900,3,14.366,556.4,24.17366,513.4924,28.731522,151.37968
442,1118936988900,5,14.734,632.974,24.853523,615.75476,28.451584,147.99254
442,1118936992000,1,14.951,507.607,13.854354,516.41205,28.94367,144.14705
442,1118936992000,3,14.415,584.67,15.967175,613.25116,28.731522,151.37968
442,1118936992000,5,14.336,675.483,17.014376,746.915,28.451584,147.99254
442,1118936993100,1,14.366,556.4,15.265924,574.9036,28.94367,144.14705
442,1118936993100,3,14.734,632.974,16.718601,671.7095,28.731522,151.37968
442,1118936993100,5,25.377,882.053,17.922249,844.36975,28.451584,147.99254
442,1118936994600,1,14.415,584.67,14.355091,613.1113,28.94367,144.14705
442,1118936994600,3,14.336,675.483,15.478007,722.50256,28.731522,151.37968
442,1118936994600,5,28.319,957.98,17.552668,851.16095,28.451584,147.99254
442,1118936995400,1,14.734,632.974,14.446697,637.508,28.94367,144.14705
442,1118936995400,3,25.377,882.053,15.52863,761.82086,28.731522,151.37968
442,1118936995400,5,28.151,974.816,17.5444,909.93555,28.451584,147.99254
442,1118936996700,1,14.336,675.483,15.22918,689.92004,28.94367,144.14705
442,1118936996700,3,28.319,957.98,16.09271,828.0564,28.731522,151.37968
442,1118936996700,5,28.887,985.373,17.54658,977.33936,28.451584,147.99254
442,1118936997700,1,25.377,882.053,14.355091,753.96893,28.94367,144.14705
442,1118936997700,3,28.151,974.816,15.523724,911.2728,28.731522,151.37968
442,1118936997700,5,27.514,1019.824,17.145441,1021.8125,28.451584,147.99254
442,1118937002900,1,28.319,957.98,23.885847,959.39526,28.94367,144.14705
442,1118937002900,3,28.887,985.373,23.875885,1097.3992,28.731522,151.37968
442,1118937002900,5,27.272,1019.738,24.226683,1226.4839,28.451584,147.99254
442,1118937005400,1,28.151,974.816,28.942469,973.301,28.94367,144.14705
442,1118937005400,3,27.514,1019.824,27.435926,1140.3802,28.731522,151.37968
442,1118937005400,5,27.175,1019.703,27.008152,1231.8367,28.451584,147.99254
442,1118937006400,1,28.887,985.373,28.32303,1004.73615,28.94367,144.14705
442,1118937006400,3,27.272,1019.738,27.832436,1062.6478,28.731522,151.37968
442,1118937006400,5,27.409,1019.808,27.0819,1104.4558,28.451584,147.99254
442,1118937007300,1,27.514,1019.824,28.719965,988.1605,28.94367,144.14705
442,1118937007300,3,27.175,1019.703,28.41351,1050.705,28.731522,151.37968
442,1118937007300,5,27.558,1019.868,28.189255,1121.2434,28.451584,147.99254
442,1118937014500,1,27.272,1019.738,27.766716,1040.2445,28.94367,144.14705
442,1118937014500,3,27.409,1019.808,27.720793,1075.0007,28.731522,151.37968
442,1118937014500,5,27.664,1019.91,27.18735,1119.8776,28.451584,147.99254
442,1118937015500,1,27.175,1019.703,27.277523,1041.9977,28.94367,144.14705
442,1118937015500,3,27.558,1019.868,27.201464,1061.0149,28.731522,151.37968
442,1118937015500,5,27.728,1019.937,27.01787,1072.3724,28.451584,147.99254
442,1118937015900,1,27.409,1019.808,27.247232,1018.3661,28.94367,144.14705
442,1118937015900,3,27.664,1019.91,27.517754,1053.1211,28.731522,151.37968
442,1118937015900,5,27.685,1020.789,27.10698,1082.8048,28.451584,147.99254
442,1118937024300,1,27.558,1019.868,27.32272,1015.034,28.94367,144.14705
442,1118937024300,3,27.728,1019.937,27.537775,1037.413,28.731522,151.37968
442,1118937024300,5,27.11,1025.784,27.228642,1047.1138,28.451584,147.99254
442,1118937025700,1,27.664,1019.91,27.87227,1036.576,28.94367,144.14705
442,1118937025700,3,27.685,1020.789,27.987936,1044.1627,28.731522,151.37968
442,1118937025700,5,26.749,1028.905,27.412283,1060.8447,28.451584,147.99254
442,1118937026700,1,27.728,1019.937,27.902561,1033.8445,28.94367,144.14705
442,1118937026700,3,27.11,1025.784,28.00818,1048.5562,28.731522,151.37968
442,1118937026700,5,21.286,1069.948,27.52612,1080.3601,28.451584,147.99254
442,1118937027300,1,27.685,1020.789,27.902561,1033.8445,28.94367,144.14705
442,1118937027300,3,26.749,1028.905,27.987936,1049.9851,28.731522,151.37968
442,1118937027300,5,20.769,1073.165,27.5283,1073.3691,28.451584,147.99254
442,1118937028200,1,27.11,1025.784,27.831047,1036.576,28.94367,144.14705
442,1118937028200,3,21.286,1069.948,28.108063,1055.3453,28.731522,151.37968
442,1118937028200,5,18.137,1104.427,27.845577,1082.3538,28.451584,147.99254
442,1118937030600,1,26.749,1028.905,27.261404,1036.576,28.94367,144.14705
442,1118937030600,3,20.769,1073.165,28.173262,1051.8569,28.731522,151.37968
442,1118937030600,5,20.831,1134.219,28.060846,1081.9283,28.451584,147.99254
442,1118937032100,1,21.286,1069.948,27.277523,1036.576,28.94367,144.14705
442,1118937032100,3,18.137,1104.427,28.173262,1051.8569,28.731522,151.37968
442,1118937032100,5,26.564,1221.444,27.971174,1081.9283,28.451584,147.99254
442,1118937036100,1,20.769,1073.165,20.791046,1079.8896,28.94367,144.14705
442,1118937036100,3,20.831,1134.219,21.026102,1103.0526,28.731522,151.37968
442,1118937036100,5,26.853,1262.997,21.869135,1180.9946,28.451584,147.99254
442,1118937036200,1,18.137,1104.427,19.81996,1134.2682,28.94367,144.14705
442,1118937036200,3,26.564,1221.444,20.886774,1225.5205,28.731522,151.37968
442,1118937036200,5,26.263,1269.457,21.71481,1343.7766,28.451584,147.99254
442,1118937037300,1,20.831,1134.219,17.697376,1145.1884,28.94367,144.14705
442,1118937037300,3,26.853,1262.997,18.517326,1215.1234,28.731522,151.37968
442,1118937037300,5,25.42,1279.18,18.978573,1298.4923,28.451584,147.99254
442,1118937038200,1,26.564,1221.444,21.72193,1213.6548,28.94367,144.14705
442,1118937038200,3,26.263,1269.457,21.578716,1302.3431,28.731522,151.37968
442,1118937038200,5,25.528,1296.311,21.08883,1388.6509,28.451584,147.99254
442,1118937040700,1,26.853,1262.997,27.14503,1304.7395,28.94367,144.14705
442,1118937040700,3,25.42,1279.18,25.151455,1405.3823,28.731522,151.37968
442,1118937040700,5,32.978,1387.735,26.797792,1476.7637,28.451584,147.99254
442,1118937041900,1,26.263,1269.457,27.42949,1337.8818,28.94367,144.14705
442,1118937041900,3,25.528,1296.311,28.108158,1446.829,28.731522,151.37968
442,1118937041900,5,33.378,1389.721,28.014992,1512.1537,28.451584,147.99254
442,1118937042100,1,25.42,1279.18,24.325008,1328.9255,28.94367,144.14705
442,1118937042100,3,32.978,1387.735,24.406092,1447.6023,28.731522,151.37968
442,1118937042100,5,44.978,1535.383,24.653873,1522.762,28.451584,147.99254
442,1118937042400,1,25.528,1296.311,22.283009,1337.4695,28.94367,144.14705
442,1118937042400,3,33.378,1389.721,24.162672,1457.4841,28.731522,151.37968
442,1118937042400,5,33.867,1587.078,24.205923,1521.3186,28.451584,147.99254
449,1118935952700,1,-26.962,1430.383,15.642627,1120.2754,28.94367,144.14705
449,1118935952700,3,-34.197,1066.219,15.676124,1434.618,28.731522,151.37968
449,1118935952700,5,-28.82,923.936,6.0543947,1314.4031,28.451584,147.99254
449,1118935954900,1,-35.438,1073.869,-20.703127,1472.8381,28.94367,144.14705
449,1118935954900,3,-33.67,1062.248,-13.598086,1558.3495,28.731522,151.37968
449,1118935954900,5,-30.491,906.613,-7.404697,1341.9061,28.451584,147.99254
449,1118935962400,1,-34.197,1066.219,10.913103,972.8944,28.94367,144.14705
449,1118935962400,3,-28.82,923.936,2.779881,988.47504,28.731522,151.37968
449,1118935962400,5,-34.773,853.116,3.6388361,1122.4254,28.451584,147.99254
449,1118935962600,1,-33.67,1062.248,5.433208,915.168,28.94367,144.14705
449,1118935962600,3,-30.491,906.613,5.505885,950.0152,28.731522,151.37968
449,1118935962600,5,-34.773,853.116,-9.262243,1002.08276,28.451584,147.99254
449,1118935962700,1,-28.82,923.936,3.735303,807.30457,28.94367,144.14705
449,1118935962700,3,-34.773,853.116,2.0253215,908.4478,28.731522,151.37968
449,1118935962700,5,-34.831,851.942,10.604971,889.4228,28.451584,147.99254
449,1118935966700,1,-30.491,906.613,-24.305588,862.0282,28.94367,144.14705
449,1118935966700,3,-34.773,853.116,-18.587038,802.13385,28.731522,151.37968
449,1118935966700,5,-34.987,851.01,-1.3286849,856.24475,28.451584,147.99254
449,1118935967400,1,-34.773,853.116,-26.742588,863.0696,28.94367,144.14705
449,1118935967400,3,-34.831,851.942,7.014759,704.86334,28.731522,151.37968
449,1118935967400,5,-35.918,845.943,-2.9332273,785.03253,28.451584,147.99254
449,1118935975000,1,-34.773,853.116,7.914554,714.6909,28.94367,144.14705
449,1118935975000,3,-34.987,851.01,9.83031,655.5894,28.731522,151.37968
449,1118935975000,5,-37.894,828.518,12.777407,593.2805,28.451584,147.99254
449,1118935978300,1,-34.831,851.942,2.645286,730.40936,28.94367,144.14705
449,1118935978300,3,-35.918,845.943,11.450605,734.37964,28.731522,151.37968
449,1118935978300,5,-40.077,808.156,-0.52755314,653.98706,28.451584,147.99254
449,1118935979700,1,-34.987,851.01,4.736536,755.6867,28.94367,144.14705
449,1118935979700,3,-37.894,828.518,12.176938,765.73706,28.731522,151.37968
449,1118935979700,5,-44.454,737.108,-4.6716704,667.53577,28.451584,147.99254
449,1118935980700,1,-35.918,845.943,3.5351493,719.90076,28.94367,144.14705
449,1118935980700,3,-40.077,808.156,11.439202,733.8481,28.731522,151.37968
449,1118935980700,5,-44.461,698.547,5.9009795,647.9708,28.451584,147.99254
449,1118935982000,1,-37.894,828.518,3.634041,693.904,28.94367,144.14705
449,1118935982000,3,-44.454,737.108,-1.6942226,713.41174,28.731522,151.37968
449,1118935982000,5,-45.515,569.948,2.994164,633.2169,28.451584,147.99254
449,1118935983800,1,-40.077,808.156,6.5617995,343.42773,28.94367,144.14705
449,1118935983800,3,-44.461,698.547,12.8644905,671.5171,28.731522,151.37968
449,1118935983800,5,-41.123,422.771,4.710837,587.48785,28.451584,147.99254
449,1118935985100,1,-44.454,737.108,7.0609236,170.43524,28.94367,144.14705
449,1118935985100,3,-45.515,569.948,15.849031,421.4975,28.731522,151.37968
449,1118935985100,5,-29.942,267.285,8.194218,469.19266,28.451584,147.99254
449,1118935988300,1,-44.461,698.547,6.0768046,121.81987,28.94367,144.14705
449,1118935988300,3,-41.123,422.771,19.795975,362.31235,28.731522,151.37968
449,1118935988300,5,-27.626,247.652,14.18531,388.3743,28.451584,147.99254
449,1118935989700,1,-45.515,569.948,6.622573,257.72757,28.94367,144.14705
449,1118935989700,3,-29.942,267.285,19.674915,345.78268,28.731522,151.37968
449,1118935989700,5,-28.11,211.377,14.6159315,299.9754,28.451584,147.99254
449,1118935993100,1,-41.123,422.771,3.8078017,144.73792,28.943668,144.14705
449,1118935993100,3,-27.626,247.652,11.404017,238.7353,28.731522,151.37967
449,1118935993100,5,-28.201,208.0,12.130481,299.9685,28.451584,147.99254
449,1118935996800,1,-29.942,267.285,4.84122,245.96689,28.94366,144.14703
449,1118935996800,3,-28.11,211.377,13.07584,118.911705,28.731512,151.37956
449,1118935996800,5,-28.194,207.847,11.975515,172.68083,28.451584,147.99254
449,1118936001300,1,-27.626,247.652,-13.896972,252.70056,28.943533,144.14653
449,1118936001300,3,-28.201,208.0,-3.6451411,227.19107,28.731428,151.37854
449,1118936001300,5,-28.194,207.847,5.5313873,277.4043,28.451576,147.99248
449,1118936002200,1,-28.11,211.377,-13.896972,247.87971,28.943432,144.14612
449,1118936002200,3,-28.194,207.847,-7.5166745,217.42366,28.731516,151.37962
449,1118936002200,5,-28.194,207.847,-0.20758478,277.65433,28.45157,147.99245
449,1118936005400,1,-28.201,208.0,-10.749691,205.3562,28.942396,144.14175
449,1118936005400,3,-28.194,207.847,26.553497,196.21095,28.731512,151.37961
449,1118936005400,5,-28.194,207.847,21.857496,236.72006,28.451536,147.99222
449,1118936006200,1,-28.194,207.847,7.5642066,199.56116,28.941423,144.13805
449,1118936006200,3,-28.194,207.847,26.239067,210.28445,28.731512,151.37962
449,1118936006200,5,-28.194,207.847,22.303137,242.17398,28.451525,147.99213
449,1118936008800,1,-28.194,207.847,7.575363,199.56116,28.9403,144.13419
449,1118936008800,3,-28.194,207.847,23.943384,236.8472,28.73151,151.37962
449,1118936008800,5,-28.194,207.847,15.3351345,261.33685,28.45152,147.99211
449,1118936009300,1,-28.194,207.847,7.575363,202.7735,28.941103,144.13657
449,1118936009300,3,-28.194,207.847,21.08837,271.30896,28.731497,151.37958
449,1118936009300,5,-28.194,207.847,11.023153,257.5248,28.451498,147.992
449,1118936011700,1,-28.194,207.847,7.575363,218.17715,28.941425,144.13766
449,1118936011700,3,-28.194,207.847,14.581805,278.93155,28.731476,151.37947
449,1118936011700,5,-28.417,204.641,12.623061,299.6328,28.45148,147.99193
449,1118936012400,1,-28.194,207.847,-3.2670612,218.17715,28.941498,144.13792
449,1118936012400,3,-28.194,207.847,11.252775,278.22015,28.731487,151.37949
449,1118936012400,5,-28.639,200.992,11.838655,264.8035,28.451492,147.99199
449,1118936014200,1,-28.194,207.847,-3.2670612,218.17715,28.94151,144.13797
449,1118936014200,3,-28.417,204.641,13.294743,256.03964,28.731495,151.37955
449,1118936014200,5,-28.611,184.564,17.166735,253.9338,28.45149,147.99197
449,1118936015200,1,-28.194,207.847,-3.2670612,220.90875,28.941515,144.13797
449,1118936015200,3,-28.639,200.992,17.236721,244.2105,28.731495,151.37955
449,1118936015200,5,-40.662,1593.684,24.36181,255.11726,28.451471,147.9919
449,1118936018200,1,-28.417,204.641,-3.2670612,220.90875,28.941519,144.13799
449,1118936018200,3,-28.611,184.564,17.441975,244.2105,28.731497,151.37958
449,1118936018200,5,-32.676,1558.531,24.36181,255.11726,28.451471,147.99193
449,1118936020300,1,-28.639,200.992,-3.2782176,220.90875,28.941128,144.13632
449,1118936020300,3,-40.662,1593.684,17.41186,240.60127,28.731497,151.37956
449,1118936020300,5,-27.307,1523.079,25.742434,254.69179,28.451464,147.99187
449,1118936021300,1,-28.611,184.564,-3.3586674,198.62195,28.94064,144.13428
449,1118936021300,3,-32.676,1558.531,17.41186,200.8877,28.731493,151.37955
449,1118936021300,5,-24.591,1500.665,29.704905,223.11223,28.451458,147.9918
449,1118936022800,1,-40.662,1593.684,-3.2670612,190.32227,28.937622,144.12164
449,1118936022800,3,-27.307,1523.079,19.934563,199.97118,28.73147,151.37938
449,1118936022800,5,-30.62,1405.93,35.91567,206.47157,28.451393,147.99132
449,1118936950400,1,-32.676,1558.531,16.47368,1003.6192,28.943605,144.14682
449,1118936950400,3,-24.591,1500.665,15.825246,1132.6123,28.731508,151.37962
449,1118936950400,5,-34.314,1385.651,27.78746,839.20166,28.45156,147.99245
449,1118936951700,1,-27.307,1523.079,-2.4649675,1283.0177,28.943611,144.14684
449,1118936951700,3,-30.62,1405.93,6.9753695,1364.9401,28.73151,151.37962
449,1118936951700,5,-38.028,1314.683,13.0952015,1143.4907,28.451565,147.99246
449,1118936952900,1,-24.591,1500.665,-25.44319,1493.843,28.943615,144.14685
449,1118936952900,3,-34.314,1385.651,-11.689376,1373.8312,28.73151,151.37964
449,1118936952900,5,-41.539,793.96,16.459526,1002.11597,28.451569,147.99248
449,1118936953600,1,-30.62,1405.93,-25.126436,1476.4076,28.943605,144.14682
449,1118936953600,3,-38.028,1314.683,-12.336408,1359.3124,28.731512,151.37964
449,1118936953600,5,-42.479,787.033,16.219992,1116.5142,28.451569,147.99248
449,1118936956300,1,-34.314,1385.651,-27.809105,1312.7372,28.94358,144.14674
449,1118936956300,3,-41.539,793.96,-5.0127573,1312.6375,28.731512,151.37964
449,1118936956300,5,-44.308,679.713,24.747433,1132.5161,28.451569,147.99248
449,1118936956900,1,-38.028,1314.683,2.7026956,1152.924,28.943623,144.14687
449,1118936956900,3,-42.479,787.033,15.199177,1273.4081,28.73151,151.37962
449,1118936956900,5,-44.467,538.633,26.940573,1101.0367,28.451567,147.99246
449,1118936958700,1,-41.539,793.96,6.139498,995.1676,28.943655,144.14699
449,1118936958700,3,-44.308,679.713,21.93595,1225.5529,28.731512,151.37962
449,1118936958700,5,-44.408,534.708,22.652534,1124.3406,28.45157,147.99248
449,1118936972600,1,-42.479,787.033,7.814931,262.89227,28.94367,144.14705
449,1118936972600,3,-44.467,538.633,16.06252,374.47717,28.731522,151.37968
449,1118936972600,5,-30.103,294.522,3.6655698,311.02747,28.451584,147.99254
449,1118936972800,1,-44.308,679.713,2.710906,214.66556,28.94367,144.14705
449,1118936972800,3,-44.408,534.708,-3.7764187,389.09607,28.731522,151.37968
449,1118936972800,5,-28.541,255.888,0.18783882,400.81476,28.451584,147.99254
449,1118936975500,1,-44.467,538.633,6.2253385,270.28885,28.94367,144.14705
449,1118936975500,3,-30.103,294.522,-1.8958175,316.73355,28.731522,151.37968
449,1118936975500,5,-28.304,213.449,0.627645,287.7866,28.451584,147.99254
449,1118936978800,1,-44.408,534.708,3.6963804,164.0215,28.943668,144.14705
449,1118936978800,3,-28.541,255.888,5.3685966,234.03183,28.731522,151.37967
449,1118936978800,5,-28.395,135.351,3.8855062,377.99017,28.451584,147.99254
449,1118936978900,1,-30.103,294.522,3.8969274,165.33165,28.94366,144.14703
449,1118936978900,3,-28.304,213.449,7.2416816,251.22395,28.731522,151.37967
449,1118936978900,5,-27.997,111.553,5.5182843,367.85605,28.451584,147.99254
449,1118936985200,1,-28.541,255.888,-13.896972,301.79068,28.943602,144.14684
449,1118936985200,3,-28.395,135.351,-3.703157,275.2038,28.731459,151.3789
449,1118936985200,5,-27.543,84.355,-5.087605,262.29944,28.45158,147.99251
449,1118936986200,1,-28.304,213.449,-13.802802,247.68042,28.94336,144.146
449,1118936986200,3,-27.997,111.553,-2.3459785,226.92564,28.73124,151.37622
449,1118936986200,5,-27.316,70.756,6.857306,273.9383,28.451572,147.99246
478,1118935969500,1,33.89,73.618,39.010715,139.53618,28.955732,144.08446
478,1118935969500,3,32.476,75.317,38.020725,276.3054,28.731512,151.37964
478,1118935969500,5,28.858,80.142,39.37807,362.47397,28.451574,147.9925
478,1118935972000,1,32.88,74.832,31.11236,-370.98038,28.947287,144.12822
478,1118935972000,3,29.184,79.459,28.633026,226.49,28.731514,151.37965
478,1118935972000,5,22.857,172.177,28.888168,293.9092,28.451578,147.99251
478,1118935972500,1,32.476,75.317,30.457977,153.91512,28.946407,144.13277
478,1118935972500,3,28.858,80.142,28.915936,230.76436,28.731518,151.37965
478,1118935972500,5,23.449,186.817,30.11422,259.60718,28.451578,147.99252
478,1118935972700,1,29.184,79.459,30.536652,154.02483,28.946154,144.1341
478,1118935972700,3,22.857,172.177,29.408518,218.98239,28.731518,151.37965
478,1118935972700,5,25.602,228.654,29.599005,236.19734,28.451578,147.99252
478,1118935974300,1,28.858,80.142,28.435415,154.62431,28.944782,144.1412
478,1118935974300,3,23.449,186.817,28.258629,220.22412,28.731518,151.37965
478,1118935974300,5,27.904,295.867,28.194702,280.07095,28.45158,147.99252
478,1118935974400,1,22.857,172.177,27.16528,157.00003,28.94484,144.14093
478,1118935974400,3,25.602,228.654,27.652292,229.77318,28.731514,151.37965
478,1118935974400,5,27.088,356.551,27.787758,274.64233,28.45158,147.99251
478,1118935979700,1,23.449,186.817,23.92604,216.35587,28.943668,144.14705
478,1118935979700,3,27.904,295.867,25.385893,267.37628,28.731522,151.37968
478,1118935979700,5,13.787,463.401,25.293322,339.8101,28.451584,147.99254
478,1118935980300,1,25.602,228.654,24.857529,228.50143,28.943666,144.14705
478,1118935980300,3,27.088,356.551,25.311287,332.30347,28.73152,151.37967
478,1118935980300,5,13.033,638.624,25.489967,449.06085,28.451584,147.99254
478,1118935981900,1,27.904,295.867,27.00228,267.73676,28.943668,144.14705
478,1118935981900,3,13.787,463.401,25.412477,366.6044,28.73152,151.37967
478,1118935981900,5,12.045,749.941,25.436575,475.50305,28.451584,147.99254
478,1118935983900,1,27.088,356.551,28.653307,369.4217,28.943668,144.14705
478,1118935983900,3,13.033,638.624,28.632092,477.07162,28.73152,151.37967
478,1118935983900,5,16.912,810.918,28.21214,591.66925,28.451584,147.99254
478,1118935985300,1,13.787,463.401,27.211676,430.59976,28.943668,144.14705
478,1118935985300,3,12.045,749.941,28.417973,547.96216,28.73152,151.37968
478,1118935985300,5,20.878,843.708,28.172192,674.7731,28.451584,147.99254
478,1118935987800,1,13.033,638.624,13.13223,541.4101,28.943668,144.14705
478,1118935987800,3,16.912,810.918,14.956195,682.71375,28.731522,151.37968
478,1118935987800,5,26.975,911.425,17.002274,809.3043,28.451584,147.99254
478,1118935991400,1,12.045,749.941,14.066761,702.05365,28.943668,144.14705
478,1118935991400,3,20.878,843.708,15.617188,878.3334,28.731522,151.37968
478,1118935991400,5,30.134,999.865,18.3791,997.94836,28.451584,147.99254
478,1118935993600,1,16.912,810.918,13.958502,819.9857,28.94367,144.14705
478,1118935993600,3,26.975,911.425,15.038529,977.5233,28.731522,151.37968
478,1118935993600,5,30.117,1007.351,16.29446,1087.4562,28.451584,147.99254
478,1118935994800,1,20.878,843.708,17.776981,896.3245,28.94367,144.14705
478,1118935994800,3,30.134,999.865,17.26823,1039.4058,28.731522,151.37968
478,1118935994800,5,23.617,1236.752,20.885033,1195.1871,28.451584,147.99254
478,1118935995400,1,26.975,911.425,21.271343,900.2099,28.94367,144.14705
478,1118935995400,3,30.117,1007.351,20.98239,1047.118,28.731522,151.37968
478,1118935995400,5,24.22,1257.266,23.394455,1148.3713,28.451584,147.99254
478,1118935996600,1,30.134,999.865,27.59377,946.5061,28.94367,144.14705
478,1118935996600,3,23.617,1236.752,28.019745,1108.7374,28.731522,151.37968
478,1118935996600,5,26.811,1366.282,28.341257,1058.1171,28.451584,147.99254
478,1118935998000,1,30.117,1007.351,30.755535,1065.7307,28.94367,144.14705
478,1118935998000,3,24.22,1257.266,30.343975,1087.7426,28.731522,151.37968
478,1118935998000,5,31.987,1395.796,29.300333,984.3508,28.451584,147.99254
478,1118935998100,1,23.617,1236.752,31.838982,1105.287,28.94367,144.14705
478,1118935998100,3,26.811,1366.282,29.317642,1225.0125,28.731522,151.37968
478,1118935998100,5,32.223,1397.965,34.45539,950.831,28.451584,147.99254
478,1118936001900,1,24.22,1257.266,23.645132,1071.5188,28.94367,144.14705
478,1118936001900,3,31.987,1395.796,23.85462,1233.4216,28.731522,151.37968
478,1118936001900,5,35.282,1410.941,24.127216,1165.7716,28.451584,147.99254
478,1118936002300,1,26.811,1366.282,24.321968,1302.038,28.94367,144.14705
478,1118936002300,3,32.223,1397.965,25.832142,1461.7314,28.731522,151.37968
478,1118936002300,5,38.481,1422.898,24.726564,1312.3043,28.451584,147.99254
478,1118936004800,1,31.987,1395.796,27.836592,1432.3942,28.94367,144.14705
478,1118936004800,3,35.282,1410.941,28.672367,1452.212,28.731522,151.37968
478,1118936004800,5,40.34,1440.574,28.728035,1483.6138,28.451584,147.99254
478,1118936006000,1,32.223,1397.965,31.915121,1323.3962,28.94367,144.14705
478,1118936006000,3,38.481,1422.898,30.712574,1499.7609,28.731522,151.37968
478,1118936006000,5,40.536,1441.252,30.227648,1366.2539,28.451584,147.99254
478,1118936006100,1,35.282,1410.941,31.769047,1398.0044,28.94367,144.14705
478,1118936006100,3,40.34,1440.574,30.578564,1504.3405,28.731522,151.37968
478,1118936006100,5,40.775,1442.073,27.638712,1471.6469,28.451584,147.99254
478,1118936006900,1,38.481,1422.898,34.596252,1438.5498,28.94367,144.14705
478,1118936006900,3,40.536,1441.252,34.03672,1523.2234,28.731522,151.37968
478,1118936006900,5,41.164,1443.407,35.30696,1452.3068,28.451584,147.99254
478,1118936007700,1,40.34,1440.574,39.32129,1392.4636,28.94367,144.14705
478,1118936007700,3,40.775,1442.073,38.97036,1523.8252,28.731522,151.37968
478,1118936007700,5,41.164,1443.407,39.030556,1532.6112,28.451584,147.99254
478,1118936009000,1,40.536,1441.252,41.072323,1454.782,28.94367,144.14705
478,1118936009000,3,41.164,1443.407,40.35338,1541.2511,28.731522,151.37968
478,1118936009000,5,41.206,1444.316,39.99825,1556.709,28.451584,147.99254
478,1118936009700,1,40.775,1442.073,40.736855,1453.889,28.94367,144.14705
478,1118936009700,3,41.164,1443.407,40.012833,1553.0485,28.731522,151.37968
478,1118936009700,5,41.761,1455.134,39.959633,1509.9581,28.451584,147.99254
478,1118936010500,1,41.164,1443.407,40.87667,1449.1538,28.94367,144.14705
478,1118936010500,3,41.206,1444.316,40.95877,1493.4591,28.731522,151.37968
478,1118936010500,5,45.981,1476.189,40.953674,1465.1915,28.451584,147.99254
478,1118936013000,1,41.164,1443.407,41.22162,1444.255,28.94367,144.14705
478,1118936013000,3,41.761,1455.134,40.93811,1493.4447,28.731522,151.37968
478,1118936013000,5,48.897,1527.905,41.045544,1477.9672,28.451584,147.99254
478,1118936013700,1,41.206,1444.316,41.161263,1444.2426,28.94367,144.14705
478,1118936013700,3,45.981,1476.189,40.784096,1495.9084,28.731522,151.37968
478,1118936013700,5,48.7,1530.594,40.728268,1477.9094,28.451584,147.99254
481,1118935970000,1,45.29,28.896,40.88716,148.94722,29.115265,142.70654
481,1118935970000,3,45.29,28.896,38.883495,261.75775,28.731022,151.3766
481,1118935970000,5,45.29,28.896,37.93531,463.36246,28.4512,147.99045
481,1118935970900,1,45.29,28.896,42.1685,-374.56546,29.06578,141.77306
481,1118935970900,3,45.29,28.896,39.84614,224.50227,28.73085,151.37567
481,1118935970900,5,45.29,28.896,42.537956,290.36993,28.451288,147.99081
481,1118935971300,1,45.29,28.896,42.58524,158.67279,29.036766,141.61845
481,1118935971300,3,45.29,28.896,41.33881,231.8031,28.730158,151.37242
481,1118935971300,5,45.29,28.896,43.691673,282.78653,28.45125,147.9907
481,1118935971500,1,45.29,28.896,42.75149,187.16118,29.030067,141.56418
481,1118935971500,3,45.29,28.896,38.040424,510.01324,28.72882,151.36577
481,1118935971500,5,45.29,28.896,40.188114,363.54474,28.451248,147.99068
481,1118935977900,1,45.29,28.896,42.735374,205.41376,29.027006,141.5438
481,1118935977900,3,45.29,28.896,37.017662,556.77155,28.727238,151.35791
481,1118935977900,5,45.29,28.896,39.923344,376.06998,28.451246,147.99066
481,1118935979500,1,45.29,28.896,42.735374,263.90167,29.023731,141.53014
481,1118935979500,3,45.29,28.896,37.035995,590.4827,28.725792,151.35072
481,1118935979500,5,45.29,28.896,39.6375,374.5417,28.451242,147.99065
481,1118935983400,1,45.29,28.896,42.735374,263.90167,29.0185,141.51314
481,1118935983400,3,45.29,28.896,36.991318,582.45557,28.723822,151.34094
481,1118935983400,5,45.29,28.896,39.68298,366.51315,28.45124,147.99062
481,1118935986200,1,45.29,28.896,42.735374,263.90167,29.015617,141.50409
481,1118935986200,3,45.29,28.896,37.114246,581.1155,28.720402,151.32404
481,1118935986200,5,45.29,28.896,40.13926,366.04245,28.451195,147.9904
481,1118935986700,1,45.29,28.896,42.735374,263.90167,29.017904,141.51154
481,1118935986700,3,45.29,28.896,37.114246,581.1155,28.720203,151.32304
481,1118935986700,5,45.29,28.896,40.13926,366.04245,28.4512,147.99042
481,1118935990900,1,45.29,28.896,42.735374,263.90167,29.017008,141.50888
481,1118935990900,3,45.29,28.896,37.114246,581.1155,28.72043,151.32416
481,1118935990900,5,45.29,28.896,40.13926,366.04245,28.4512,147.99043
481,1118935993200,1,45.29,28.896,42.735374,263.90167,29.017008,141.50888
481,1118935993200,3,45.29,28.896,37.114246,581.1155,28.72043,151.32416
481,1118935993200,5,33.293,32.418,40.13926,366.04245,28.4512,147.99043
481,1118935996600,1,45.29,28.896,42.735374,263.90167,29.017008,141.50888
481,1118935996600,3,45.29,28.896,37.114246,581.1155,28.72043,151.32416
481,1118935996600,5,9.597,128.892,40.13926,366.04245,28.4512,147.99043
481,1118935998300,1,45.29,28.896,42.735374,263.90167,29.017008,141.50888
481,1118935998300,3,33.293,32.418,37.114246,581.1155,28.72043,151.32416
481,1118935998300,5,11.901,167.038,40.13926,366.04245,28.4512,147.99043
481,1118935999500,1,45.29,28.896,42.735374,263.90167,29.017008,141.50888
481,1118935999500,3,9.597,128.892,37.114246,581.1155,28.72043,151.32416
481,1118935999500,5,14.028,190.766,40.13926,366.04245,28.4512,147.99043
481,1118935999900,1,33.293,32.418,42.735374,263.90167,29.017008,141.50888
481,1118935999900,3,11.901,167.038,37.114246,581.1155,28.72043,151.32416
481,1118935999900,5,16.362,217.182,40.13926,366.04245,28.4512,147.99043
481,1118936002100,1,9.597,128.892,29.730175,259.37344,29.003433,142.55757
481,1118936002100,3,14.028,190.766,24.52039,573.2335,28.726616,151.355
481,1118936002100,5,16.607,220.722,26.85908,370.66165,28.451405,147.99144
481,1118936967800,1,11.901,167.038,10.198016,195.18056,28.948936,143.93735
481,1118936967800,3,16.362,217.182,10.782704,401.44077,28.730423,151.37425
481,1118936967800,5,18.669,246.602,11.734266,281.23962,28.45155,147.99236
481,1118936971000,1,14.028,190.766,14.315634,213.43268,28.944088,144.11685
481,1118936971000,3,16.607,220.722,15.985887,298.66278,28.73121,151.37813
481,1118936971000,5,24.617,298.941,14.250353,316.83792,28.451557,147.9924
481,1118936975800,1,16.362,217.182,14.567824,218.61879,28.943592,144.14247
481,1118936975800,3,18.669,246.602,15.732609,312.48676,28.73141,151.3791
481,1118936975800,5,15.604,384.93,17.727982,334.23907,28.451561,147.99243
481,1118936978100,1,16.607,220.722,17.235556,249.40044,28.9436,144.14621
481,1118936978100,3,24.617,298.941,16.993177,301.78943,28.731472,151.37943
481,1118936978100,5,6.446,464.054,17.44035,366.27518,28.451565,147.99246
481,1118936978300,1,18.669,246.602,18.535505,256.85184,28.94363,144.14682
481,1118936978300,3,15.604,384.93,18.036247,314.14667,28.731493,151.37953
481,1118936978300,5,6.139,474.048,18.167133,411.3993,28.451567,147.99248
481,1118936979700,1,24.617,298.941,20.39564,293.00934,28.943653,144.14697
481,1118936979700,3,6.446,464.054,19.502287,349.44714,28.731506,151.37961
481,1118936979700,5,5.809,523.298,18.962772,424.23016,28.451572,147.9925
481,1118936982100,1,15.604,384.93,23.885847,346.6933,28.943665,144.14703
481,1118936982100,3,6.139,474.048,24.099203,453.41556,28.731516,151.37965
481,1118936982100,5,5.641,578.141,23.893147,532.6376,28.451578,147.99252
481,1118936985500,1,6.446,464.054,14.263706,429.22482,28.94367,144.14705
481,1118936985500,3,5.809,523.298,15.459504,524.8789,28.731522,151.37968
481,1118936985500,5,5.125,717.331,16.281206,643.8185,28.451584,147.99254
481,1118936988300,1,6.139,474.048,6.492437,517.1444,28.94367,144.14705
481,1118936988300,3,5.641,578.141,6.735069,619.7993,28.731522,151.37968
481,1118936988300,5,4.435,746.595,7.869609,755.8392,28.451584,147.99254
481,1118936988600,1,5.809,523.298,6.2789435,536.38007,28.94367,144.14705
481,1118936988600,3,5.125,717.331,6.9299493,649.803,28.731522,151.37968
481,1118936988600,5,8.373,805.394,8.154891,769.2035,28.451584,147.99254
481,1118936990000,1,5.641,578.141,6.111355,589.2333,28.94367,144.14705
481,1118936990000,3,4.435,746.595,6.742678,708.1132,28.731522,151.37968
481,1118936990000,5,10.683,828.336,8.154891,844.9026,28.451584,147.99254
481,1118936991400,1,5.125,717.331,6.111355,640.4199,28.94367,144.14705
481,1118936991400,3,8.373,805.394,6.8247166,762.3922,28.731522,151.37968
481,1118936991400,5,14.717,870.833,7.456622,903.1686,28.451584,147.99254
481,1118936994500,1,4.435,746.595,6.111355,803.238,28.94367,144.14705
481,1118936994500,3,10.683,828.336,6.733372,955.9614,28.731522,151.37968
481,1118936994500,5,19.936,957.675,7.4934254,1071.9503,28.451584,147.99254
481,1118936995100,1,8.373,805.394,5.9895916,821.5989,28.94367,144.14705
481,1118936995100,3,14.717,870.833,7.0314655,963.5164,28.731522,151.37968
481,1118936995100,5,20.969,982.679,8.2229805,1078.7834,28.451584,147.99254
481,1118936996400,1,10.683,828.336,8.644911,869.9999,28.94367,144.14705
481,1118936996400,3,19.936,957.675,8.756621,1031.998,28.731522,151.37968
481,1118936996400,5,21.496,1004.951,9.9816475,1168.9458,28.451584,147.99254
481,1118936996900,1,14.717,870.833,10.066041,899.08527,28.94367,144.14705
481,1118936996900,3,20.969,982.679,11.865909,1053.9446,28.731522,151.37968
481,1118936996900,5,21.359,1011.776,10.718275,1207.6932,28.451584,147.99254
481,1118936997800,1,19.936,957.675,15.767096,943.178,28.94367,144.14705
481,1118936997800,3,21.496,1004.951,17.192308,1102.7433,28.731522,151.37968
481,1118936997800,5,21.306,1011.946,18.359076,1250.4509,28.451584,147.99254
481,1118937000100,1,20.969,982.679,20.039597,1030.7452,28.94367,144.14705
481,1118937000100,3,21.359,1011.776,20.184855,1164.6178,28.731522,151.37968
481,1118937000100,5,20.735,1015.814,21.705187,1294.0774,28.451584,147.99254
481,1118937001600,1,21.496,1004.951,21.120996,1022.08136,28.94367,144.14705
481,1118937001600,3,21.306,1011.946,21.752417,1061.0293,28.731522,151.37968
481,1118937001600,5,20.49,1016.841,23.10849,1148.3082,28.451584,147.99254
481,1118937003900,1,21.359,1011.776,21.658236,1014.3045,28.94367,144.14705
481,1118937003900,3,20.735,1015.814,21.682703,1061.5184,28.731522,151.37968
481,1118937003900,5,20.08,1017.635,22.815983,1105.6576,28.451584,147.99254
481,1118937006500,1,21.306,1011.946,21.262638,1023.3263,28.94367,144.14705
481,1118937006500,3,20.49,1016.841,21.574844,1052.5607,28.731522,151.37968
481,1118937006500,5,19.875,1018.031,21.97257,1079.5599,28.451584,147.99254
481,1118937006900,1,20.735,1015.814,21.167856,1025.9268,28.94367,144.14705
481,1118937006900,3,20.08,1017.635,21.277994,1047.5165,28.731522,151.37968
481,1118937006900,5,19.566,1018.625,21.34129,1112.2633,28.451584,147.99254
481,1118937008700,1,20.49,1016.841,21.167856,1023.51294,28.94367,144.14705
481,1118937008700,3,19.875,1018.031,21.345139,1037.916,28.731522,151.37968
481,1118937008700,5,19.485,1018.783,21.703812,1093.5558,28.451584,147.99254
481,1118937009900,1,20.08,1017.635,21.167856,1020.18085,28.94367,144.14705
481,1118937009900,3,19.566,1018.625,21.47813,1042.5995,28.731522,151.37968
481,1118937009900,5,19.382,1018.981,22.211828,1052.9238,28.451584,147.99254
481,1118937011900,1,19.875,1018.031,20.551859,1025.3657,28.94367,144.14705
481,1118937011900,3,19.485,1018.783,20.185497,1050.6903,28.731522,151.37968
481,1118937011900,5,18.583,1020.524,19.728952,1077.9188,28.451584,147.99254
481,1118937012900,1,19.566,1018.625,19.570063,1022.5565,28.94367,144.14705
481,1118937012900,3,19.382,1018.981,19.44695,1048.8894,28.731522,151.37968
481,1118937012900,5,17.906,1021.828,19.388975,1074.5822,28.451584,147.99254
481,1118937014400,1,19.485,1018.783,19.125448,1022.0336,28.94367,144.14705
481,1118937014400,3,18.583,1020.524,18.831903,1048.8894,28.731522,151.37968
481,1118937014400,5,17.804,1022.026,19.21843,1071.243,28.451584,147.99254
481,1118937014800,1,19.382,1018.981,19.125448,1022.0336,28.94367,144.14705
481,1118937014800,3,17.906,1021.828,18.888271,1051.8569,28.731522,151.37968
481,1118937014800,5,17.414,1022.776,19.21843,1072.4265,28.451584,147.99254
481,1118937015300,1,18.583,1020.524,19.125448,1022.0336,28.94367,144.14705
481,1118937015300,3,17.804,1022.026,18.888271,1051.8569,28.731522,151.37968
481,1118937015300,5,17.005,1023.565,19.21843,1072.4265,28.451584,147.99254
481,1118937019200,1,17.906,1021.828,18.969414,1036.576,28.94367,144.14705
481,1118937019200,3,17.414,1022.776,18.888271,1051.8569,28.731522,151.37968
481,1118937019200,5,15.591,1026.285,19.21843,1085.4103,28.451584,147.99254
481,1118937022500,1,17.804,1022.026,17.89154,1036.576,28.94367,144.14705
481,1118937022500,3,17.005,1023.565,18.545942,1051.8569,28.731522,151.37968
481,1118937022500,5,15.124,1027.175,19.21843,1085.4103,28.451584,147.99254
481,1118937023000,1,17.414,1022.776,17.89154,1036.576,28.94367,144.14705
481,1118937023000,3,15.591,1026.285,18.545942,1051.8569,28.731522,151.37968
481,1118937023000,5,8.839,1201.305,19.21843,1085.4103,28.451584,147.99254
481,1118937024900,1,17.005,1023.565,17.507193,1036.576,28.94367,144.14705
481,1118937024900,3,15.124,1027.175,18.124279,1051.8569,28.731522,151.37968
481,1118937024900,5,10.707,1349.478,19.21843,1085.4103,28.451584,147.99254
481,1118937026900,1,15.591,1026.285,17.190495,1036.576,28.94367,144.14705
481,1118937026900,3,8.839,1201.305,17.504984,1051.8569,28.731522,151.37968
481,1118937026900,5,10.947,1364.458,19.10873,1082.325,28.451584,147.99254
481,1118937033800,1,15.124,1027.175,15.475958,1036.576,28.94367,144.14705
481,1118937033800,3,10.707,1349.478,16.426441,1051.8569,28.731522,151.37968
481,1118937033800,5,18.393,1405.496,17.41663,1082.325,28.451584,147.99254
481,1118937036100,1,8.839,1201.305,15.269279,1036.576,28.94367,144.14705
481,1118937036100,3,10.947,1364.458,16.143345,1051.8569,28.731522,151.37968
481,1118937036100,5,24.24,1471.998,16.908613,1082.325,28.451584,147.99254
485,1118935981000,1,-2.305,1518.108,3.1229794,1591.8202,28.94367,144.14705
485,1118935981000,3,-18.509,1293.774,7.8966026,1566.3215,28.731522,151.37968
485,1118935981000,5,-14.392,1258.122,9.534661,1498.9227,28.451584,147.99254
485,1118935981800,1,-6.541,1438.34,-0.88681835,1487.8201,28.94367,144.14705
485,1118935981800,3,-14.444,1262.888,-0.8619074,1576.3226,28.731522,151.37968
485,1118935981800,5,-15.737,1194.662,3.6188917,1436.0023,28.451584,147.99254
485,1118935983300,1,-18.509,1293.774,-2.7735264,1412.4113,28.94367,144.14705
485,1118935983300,3,-14.392,1258.122,-5.8946724,1472.8827,28.731522,151.37968
485,1118935983300,5,-5.698,1020.587,-5.373395,1409.4143,28.451584,147.99254
485,1118935986100,1,-14.444,1262.888,-12.714524,1278.5918,28.94367,144.14705
485,1118935986100,3,-15.737,1194.662,-12.8798685,1368.1514,28.731522,151.37968
485,1118935986100,5,-21.189,798.706,-14.861758,1408.345,28.451584,147.99254
485,1118935986700,1,-14.392,1258.122,-8.633207,1204.1865,28.94367,144.14705
485,1118935986700,3,-5.698,1020.587,-13.482424,1200.556,28.731522,151.37968
485,1118935986700,5,-26.515,614.623,-14.229165,1300.424,28.451584,147.99254
485,1118935986800,1,-15.737,1194.662,-10.347871,1258.3116,28.94367,144.14705
485,1118935986800,3,-21.189,798.706,-9.814736,1193.4784,28.731522,151.37968
485,1118935986800,5,-25.68,489.477,-16.568766,1285.9502,28.451584,147.99254
485,1118935988100,1,-5.698,1020.587,-13.851093,1170.6521,28.94367,144.14705
485,1118935988100,3,-26.515,614.623,-13.929719,1102.6985,28.731522,151.37968
485,1118935988100,5,-25.477,487.947,-14.848002,1138.2551,28.451584,147.99254
485,1118935991900,1,-21.189,798.706,-5.3752723,1001.1722,28.94367,144.14705
485,1118935991900,3,-25.68,489.477,-10.932777,837.4712,28.731522,151.37968
485,1118935991900,5,-25.676,487.948,-10.291518,839.08185,28.451584,147.99254
485,1118935997400,1,-26.515,614.623,-21.39183,760.5405,28.94367,144.14705
485,1118935997400,3,-25.477,487.947,-22.568302,633.3853,28.731522,151.37968
485,1118935997400,5,-25.477,487.947,-23.786032,567.27216,28.451584,147.99254
485,1118936002800,1,-25.68,489.477,-26.351608,594.8751,28.94367,144.14705
485,1118936002800,3,-25.676,487.948,-20.534094,537.4612,28.731522,151.37968
485,1118936002800,5,-25.479,487.472,-24.920364,542.5293,28.451584,147.99254
485,1118936010500,1,-25.477,487.947,-25.39977,470.44876,28.94367,144.14705
485,1118936010500,3,-25.477,487.947,-23.206589,435.345,28.731522,151.37968
485,1118936010500,5,-25.48,487.421,-23.013494,467.89554,28.451584,147.99254
485,1118936013400,1,-25.676,487.948,-25.162945,471.70346,28.94367,144.14705
485,1118936013400,3,-25.479,487.472,-24.666077,460.23987,28.731522,151.37968
485,1118936013400,5,-25.487,485.447,-21.368874,502.02835,28.451584,147.99254
485,1118936019200,1,-25.477,487.947,-25.081013,474.40536,28.94367,144.14705
485,1118936019200,3,-25.48,487.421,-23.854506,467.35355,28.731522,151.37968
485,1118936019200,5,-25.487,485.447,-22.87687,503.69644,28.451584,147.99254
485,1118936022600,1,-25.479,487.472,-24.619474,495.08682,28.94367,144.14705
485,1118936022600,3,-25.487,485.447,-23.890669,482.497,28.731522,151.37968
485,1118936022600,5,-25.487,485.447,-23.200317,517.0123,28.451584,147.99254
485,1118936024300,1,-25.48,487.421,-24.619474,493.15213,28.94367,144.14705
485,1118936024300,3,-25.487,485.447,-23.796143,480.88974,28.731522,151.37968
485,1118936024300,5,-25.487,485.447,-18.672596,517.465,28.451584,147.99254
485,1118936024700,1,-25.487,485.447,-24.619474,474.40536,28.94367,144.14705
485,1118936024700,3,-25.487,485.447,-20.949072,488.2538,28.731522,151.37968
485,1118936024700,5,-25.487,485.447,-22.242287,516.5456,28.451584,147.99254
485,1118936033000,1,-25.487,485.447,-24.619474,477.13693,28.943668,144.14705
485,1118936033000,3,-25.487,485.447,-20.976517,478.69608,28.731522,151.37968
485,1118936033000,5,-25.487,485.447,-10.938553,456.26794,28.451584,147.99254
485,1118936034100,1,-25.487,485.447,-24.619474,477.13693,28.94367,144.14705
485,1118936034100,3,-25.487,485.447,-16.606169,474.29956,28.731522,151.37968
485,1118936034100,5,-25.487,485.447,2.4917166,459.60562,28.451584,147.99254
485,1118936034600,1,-25.487,485.447,-24.619474,495.08682,28.94367,144.14705
485,1118936034600,3,-25.487,485.447,-15.022455,476.16608,28.731522,151.37968
485,1118936034600,5,-25.49,484.945,2.4797542,488.86078,28.451584,147.99254
485,1118936035300,1,-25.487,485.447,-24.619474,495.08682,28.94367,144.14705
485,1118936035300,3,-25.487,485.447,-14.546737,481.78558,28.731522,151.37968
485,1118936035300,5,-25.49,484.947,2.8713062,488.33084,28.451584,147.99254
485,1118936035900,1,-25.487,485.447,-24.619474,495.08682,28.94367,144.14705
485,1118936035900,3,-25.49,484.945,-15.227708,486.1821,28.731522,151.37968
485,1118936035900,5,-25.49,484.947,2.8734863,505.9269,28.451584,147.99254
485,1118936037400,1,-25.487,485.447,-24.619474,497.8184,28.94367,144.14705
485,1118936037400,3,-25.49,484.947,-14.751989,488.57486,28.731522,151.37968
485,1118936037400,5,-25.995,483.447,2.493897,502.5892,28.451584,147.99254
485,1118936037600,1,-25.49,484.945,-24.619474,497.8184,28.94367,144.14705
485,1118936037600,3,-25.49,484.947,-14.751989,488.57486,28.731522,151.37968
485,1118936037600,5,-25.492,483.921,2.8734863,502.5892,28.451584,147.99254
485,1118936039400,1,-25.49,484.947,-24.619474,497.8184,28.94367,144.14705
485,1118936039400,3,-25.995,483.447,-14.546737,488.57486,28.731522,151.37968
485,1118936039400,5,-25.493,483.947,3.4949305,502.5892,28.451584,147.99254
485,1118936040400,1,-25.49,484.947,-24.619474,477.13693,28.94367,144.14705
485,1118936040400,3,-25.492,483.921,-14.546737,484.3156,28.731522,151.37968
485,1118936040400,5,-25.493,483.947,2.8734863,487.59244,28.451584,147.99254
485,1118936042700,1,-25.995,483.447,-24.619474,497.8184,28.94367,144.14705
485,1118936042700,3,-25.493,483.947,-14.546737,482.95532,28.731522,151.37968
485,1118936042700,5,-25.493,483.947,2.8734863,485.5231,28.451584,147.99254
485,1118936047200,1,-25.492,483.921,-25.081013,476.2926,28.94367,144.14705
485,1118936047200,3,-25.493,483.947,-14.576852,460.97903,28.731522,151.37968
485,1118936047200,5,-25.493,483.947,3.8745198,468.37457,28.451584,147.99254
485,1118936047800,1,-25.493,483.947,-24.500086,452.87955,28.94367,144.14705
485,1118936047800,3,-25.493,483.947,-10.535031,448.4255,28.731522,151.37968
485,1118936047800,5,-25.493,483.947,6.546066,453.16098,28.451584,147.99254
485,1118936049500,1,-25.493,483.947,-24.589184,476.2926,28.94367,144.14705
485,1118936049500,3,-25.493,483.947,-15.742355,460.706,28.731522,151.37968
485,1118936049500,5,-25.493,483.947,4.5743065,450.98883,28.451584,147.99254
485,1118936049800,1,-25.493,483.947,-24.256752,477.5354,28.94367,144.14705
485,1118936049800,3,-25.493,483.947,-14.751989,460.97903,28.731522,151.37968
485,1118936049800,5,-25.493,483.947,2.8734863,470.33383,28.451584,147.99254
485,1118936052900,1,-25.493,483.947,-24.619474,473.561,28.94367,144.14705
485,1118936052900,3,-25.493,483.947,-14.546737,462.98282,28.731522,151.37968
485,1118936052900,5,-25.493,483.947,2.493897,468.26227,28.451584,147.99254
485,1118936054000,1,-25.493,483.947,-24.619474,476.2926,28.94367,144.14705
485,1118936054000,3,-25.493,483.947,-14.546737,465.37555,28.731522,151.37968
485,1118936054000,5,-25.493,483.947,4.307495,468.80002,28.451584,147.99254
485,1118936054200,1,-25.493,483.947,-24.619474,476.2926,28.94367,144.14705
485,1118936054200,3,-25.493,483.947,-14.751989,465.37555,28.731522,151.37968
485,1118936054200,5,-25.493,483.947,2.7574704,465.02344,28.451584,147.99254
485,1118936054900,1,-25.493,483.947,-24.619474,476.2926,28.94367,144.14705
485,1118936054900,3,-25.493,483.947,-15.925198,465.37555,28.731522,151.37968
485,1118936054900,5,-25.536,480.823,2.4917166,452.03085,28.451584,147.99254
485,1118936056000,1,-25.493,483.947,-24.619474,476.2926,28.94367,144.14705
485,1118936056000,3,-25.493,483.947,-15.022455,462.408,28.731522,151.37968
485,1118936056000,5,-25.314,476.657,2.8734863,467.61658,28.451584,147.99254
485,1118936058600,1,-25.493,483.947,-24.619474,476.2926,28.94367,144.14705
485,1118936058600,3,-25.536,480.823,-14.546737,465.37555,28.731522,151.37968
485,1118936058600,5,-25.454,470.533,2.8734863,468.80002,28.451584,147.99254
485,1118936058900,1,-25.493,483.947,-24.619474,476.2926,28.94367,144.14705
485,1118936058900,3,-25.314,476.657,-14.546737,465.37555,28.731522,151.37968
485,1118936058900,5,-16.877,396.604,2.8734863,468.80002,28.451584,147.99254
485,1118936059100,1,-25.536,480.823,-24.619474,476.2926,28.94367,144.14705
485,1118936059100,3,-25.454,470.533,-14.546737,465.37555,28.731522,151.37968
485,1118936059100,5,-9.392,299.444,2.8734863,468.80002,28.451584,147.99254
485,1118936060600,1,-25.314,476.657,-24.933218,476.2926,28.94367,144.14705
485,1118936060600,3,-16.877,396.604,-14.576852,444.651,28.731522,151.37968
485,1118936060600,5,-6.733,188.773,4.19122,447.05206,28.451584,147.99254
485,1118936061100,1,-25.454,470.533,-24.500086,451.65613,28.94367,144.14705
485,1118936061100,3,-9.392,299.444,-12.082368,430.0937,28.731522,151.37968
485,1118936061100,5,-6.516,173.033,8.323947,422.81757,28.451584,147.99254
485,1118936061600,1,-16.877,396.604,-24.71108,448.44617,28.94367,144.14705
485,1118936061600,3,-6.733,188.773,-12.831845,401.96936,28.731522,151.37968
485,1118936061600,5,-6.585,169.189,9.118997,405.22318,28.451584,147.99254
496,1118935999100,1,-22.418,886.769,-3.4353285,971.1569,28.94367,144.14705
496,1118935999100,3,-24.183,863.5,3.8756313,1001.3851,28.731522,151.37968
496,1118935999100,5,-34.109,561.285,3.3882875,1057.943,28.451584,147.99254
496,1118936000700,1,-22.747,882.029,-15.968383,885.20935,28.94367,144.14705
496,1118936000700,3,-33.468,652.18,-13.509569,784.01117,28.731522,151.37968
496,1118936000700,5,-34.073,559.89,-5.269744,857.34314,28.451584,147.99254
496,1118936000800,1,-24.183,863.5,-20.889338,852.45825,28.94367,144.14705
496,1118936000800,3,-34.109,561.285,-18.92284,750.34564,28.731522,151.37968
496,1118936000800,5,-34.05,556.056,-14.667196,795.636,28.451584,147.99254
496,1118936001200,1,-33.468,652.18,-24.225462,826.3723,28.94367,144.14705
496,1118936001200,3,-34.073,559.89,-20.412487,737.4878,28.731522,151.37968
496,1118936001200,5,-34.05,556.058,-19.638424,752.0001,28.451584,147.99254
496,1118936006700,1,-34.109,561.285,5.6420965,475.52817,28.94367,144.14705
496,1118936006700,3,-34.05,556.056,2.13914,512.58606,28.731522,151.37968
496,1118936006700,5,-34.05,556.058,-6.697467,547.9224,28.451584,147.99254
496,1118936012500,1,-34.073,559.89,4.960918,379.6426,28.94367,144.14705
496,1118936012500,3,-34.05,556.058,4.5771136,472.36792,28.731522,151.37968
496,1118936012500,5,-34.05,556.058,-3.3455372,490.84848,28.451584,147.99254
496,1118936012700,1,-34.05,556.056,2.8106835,392.00507,28.94367,144.14705
496,1118936012700,3,-34.05,556.058,3.6957116,468.22708,28.731522,151.37968
496,1118936012700,5,-34.05,556.058,-0.27758095,483.7979,28.451584,147.99254
496,1118936014400,1,-34.05,556.058,2.5971265,401.1511,28.94367,144.14705
496,1118936014400,3,-34.05,556.058,0.8471005,462.99808,28.731522,151.37968
496,1118936014400,5,-34.05,556.058,-3.1960444,470.03738,28.451584,147.99254
496,1118936016700,1,-34.05,556.058,2.395305,401.1511,28.94367,144.14705
496,1118936016700,3,-34.05,556.058,-1.4284577,496.06064,28.731522,151.37968
496,1118936016700,5,-34.05,556.058,-5.5376744,520.00104,28.451584,147.99254
496,1118936016900,1,-34.05,556.058,2.395305,412.78867,28.94367,144.14705
496,1118936016900,3,-34.05,556.058,-0.80827916,509.34314,28.731522,151.37968
496,1118936016900,5,-34.05,556.058,-2.0450168,542.51483,28.451584,147.99254
496,1118936017500,1,-34.05,556.058,3.4298244,399.91736,28.94367,144.14705
496,1118936017500,3,-34.05,556.058,6.726891,514.9627,28.731522,151.37968
496,1118936017500,5,-34.05,556.058,4.0982533,554.53406,28.451584,147.99254
496,1118936021100,1,-34.05,556.058,4.9124317,399.91736,28.943666,144.14705
496,1118936021100,3,-34.05,556.058,10.554088,513.02826,28.731522,151.37968
496,1118936021100,5,-34.05,556.058,14.179452,501.07074,28.451584,147.99254
496,1118936023900,1,-34.05,556.058,4.9124317,402.64893,28.943668,144.14705
496,1118936023900,3,-34.05,556.058,15.710126,515.421,28.731522,151.37968
496,1118936023900,5,-34.05,556.058,28.638323,501.07074,28.451584,147.99254
496,1118936024100,1,-34.05,556.058,5.190582,402.64893,28.943668,144.14705
496,1118936024100,3,-34.05,556.058,16.612867,515.421,28.731522,151.37968
496,1118936024100,5,-34.05,556.058,28.640503,499.88727,28.451584,147.99254
496,1118936024600,1,-34.05,556.058,5.190582,402.64893,28.943668,144.14705
496,1118936024600,3,-34.05,556.058,17.293839,515.421,28.731522,151.37968
496,1118936024600,5,-34.05,556.058,29.514847,504.40842,28.451584,147.99254
496,1118936025000,1,-34.05,556.058,5.190582,402.64893,28.943666,144.14703
496,1118936025000,3,-34.05,556.058,17.293839,515.421,28.731522,151.37968
496,1118936025000,5,-34.05,556.058,28.853548,501.07074,28.451584,147.99254
496,1118936029800,1,-34.05,556.058,5.190582,402.64893,28.943666,144.14703
496,1118936029800,3,-34.05,556.058,17.293839,515.421,28.731522,151.37968
496,1118936029800,5,-34.05,556.058,28.853548,501.07074,28.451584,147.99254
496,1118936031400,1,-34.05,556.058,5.190582,402.64893,28.943666,144.14703
496,1118936031400,3,-34.05,556.058,17.293839,515.421,28.731522,151.37968
496,1118936031400,5,-33.548,556.554,28.853548,501.07074,28.451584,147.99254
496,1118936031800,1,-34.05,556.058,5.190582,402.64893,28.943666,144.14703
496,1118936031800,3,-34.05,556.058,17.293839,515.421,28.731522,151.37968
496,1118936031800,5,-33.548,556.556,28.853548,501.07074,28.451584,147.99254
496,1118936037100,1,-34.05,556.058,5.190582,402.64893,28.943666,144.14703
496,1118936037100,3,-33.548,556.554,17.293839,515.421,28.731522,151.37968
496,1118936037100,5,-33.548,556.556,28.853548,501.07074,28.451584,147.99254
496,1118936045700,1,-34.05,556.058,5.190582,402.64893,28.943666,144.14703
496,1118936045700,3,-33.548,556.556,17.293839,515.421,28.731522,151.37968
496,1118936045700,5,-33.548,556.556,28.853548,501.07074,28.451584,147.99254
496,1118936045800,1,-33.548,556.554,5.190582,402.64893,28.943666,144.14703
496,1118936045800,3,-33.548,556.556,17.293839,515.421,28.731522,151.37968
496,1118936045800,5,-33.548,556.556,28.853548,501.07074,28.451584,147.99254
496,1118936048200,1,-33.548,556.556,5.3099694,402.64893,28.943666,144.14703
496,1118936048200,3,-33.548,556.556,17.840942,514.1462,28.731522,151.37968
496,1118936048200,5,-33.548,556.556,28.853548,500.42847,28.451584,147.99254
496,1118936049400,1,-33.548,556.556,5.220873,402.64893,28.943666,144.14703
496,1118936049400,3,-33.548,556.556,17.293839,516.371,28.731522,151.37968
496,1118936049400,5,-33.55,556.083,29.648598,500.32565,28.451584,147.99254
496,1118936055600,1,-33.548,556.556,5.190582,402.64893,28.943666,144.14703
496,1118936055600,3,-33.548,556.556,17.293839,515.421,28.731522,151.37968
496,1118936055600,5,-33.56,553.739,29.67315,502.60452,28.451584,147.99254
496,1118936056200,1,-33.548,556.556,5.190582,402.64893,28.943666,144.14703
496,1118936056200,3,-33.55,556.083,17.293839,515.421,28.731522,151.37968
496,1118936056200,5,-33.683,523.072,28.853548,500.53296,28.451584,147.99254
496,1118936056600,1,-33.548,556.556,5.190582,402.64893,28.943666,144.14703
496,1118936056600,3,-33.56,553.739,17.293839,515.421,28.731522,151.37968
496,1118936056600,5,-33.718,514.4,28.806736,501.07074,28.451584,147.99254
496,1118936060400,1,-33.55,556.083,5.190582,402.64893,28.943666,144.14703
496,1118936060400,3,-33.683,523.072,17.293839,515.421,28.731522,151.37968
496,1118936060400,5,-33.726,512.521,28.737532,501.07074,28.451584,147.99254
496,1118936061700,1,-33.56,553.739,5.190582,402.64893,28.943666,144.14703
496,1118936061700,3,-33.718,514.4,15.915379,515.421,28.731522,151.37968
496,1118936061700,5,-33.789,496.733,29.35117,501.07074,28.451584,147.99254
496,1118936063100,1,-33.683,523.072,5.1794257,381.96747,28.943666,144.14703
496,1118936063100,3,-33.726,512.521,16.788006,499.6688,28.731522,151.37968
496,1118936063100,5,-33.807,492.507,29.35335,484.8905,28.451584,147.99254
496,1118936066000,1,-33.718,514.4,5.1794257,352.3385,28.943668,144.14703
496,1118936066000,3,-33.789,496.733,18.434393,454.9542,28.731522,151.37968
496,1118936066000,5,-34.369,477.19,29.226284,428.6943,28.451584,147.99254
496,1118936066500,1,-33.726,512.521,2.4588492,349.6366,28.943668,144.14703
496,1118936066500,3,-33.807,492.507,16.81938,435.0763,28.731522,151.37968
496,1118936066500,5,-33.703,454.694,29.226284,421.66617,28.451584,147.99254
496,1118936066600,1,-33.789,496.733,2.3825204,346.905,28.943668,144.14703
496,1118936066600,3,-34.369,477.19,16.81938,432.68356,28.731522,151.37968
496,1118936066600,5,-19.113,307.066,29.226284,421.66617,28.451584,147.99254
496,1118936067400,1,-33.807,492.507,2.3825204,319.08365,28.943668,144.14703
496,1118936067400,3,-33.703,454.694,16.81938,410.08124,28.731522,151.37968
496,1118936067400,5,-18.942,303.575,27.182236,421.66617,28.451584,147.99254
496,1118936067600,1,-34.369,477.19,2.298802,319.08365,28.943668,144.14703
496,1118936067600,3,-19.113,307.066,16.614128,410.08124,28.731522,151.37968
496,1118936067600,5,-16.829,214.515,27.182236,421.66617,28.451584,147.99254
496,1118936068300,1,-33.703,454.694,1.0315679,297.7722,28.943668,144.14703
496,1118936068300,3,-18.942,303.575,16.204084,375.7598,28.731522,151.37968
496,1118936068300,5,-16.802,211.205,26.605297,387.87698,28.451584,147.99254
496,1118936069100,1,-19.113,307.066,1.3084089,419.4485,28.943668,144.14705
496,1118936069100,3,-16.829,214.515,16.972713,373.36145,28.731522,151.37968
496,1118936069100,5,-25.224,1498.023,26.22947,382.23593,28.451584,147.99254
496,1118936074300,1,-18.942,303.575,-21.15574,301.36438,28.943665,144.14705
496,1118936074300,3,-16.802,211.205,-4.629841,274.09717,28.731522,151.37967
496,1118936074300,5,-26.247,1430.905,7.7902455,276.14987,28.451584,147.99254
496,1118936074400,1,-16.829,214.515,-20.246422,301.36438,28.943663,144.14705
496,1118936074400,3,-25.224,1498.023,-2.9113078,275.2038,28.731522,151.37967
496,1118936074400,5,-39.292,1143.346,14.868762,277.6837,28.451584,147.99254
496,1118936077000,1,-16.802,211.205,-15.012504,216.90015,28.943624,144.14688
496,1118936077000,3,-26.247,1430.905,21.324785,209.4251,28.731508,151.37953
496,1118936077000,5,-29.352,1009.335,25.870337,276.0013,28.45158,147.99251
496,1118936077100,1,-25.224,1498.023,-2.8347094,205.3562,28.943619,144.14687
496,1118936077100,3,-39.292,1143.346,22.250462,209.4251,28.73151,151.37955
496,1118936077100,5,-31.403,895.535,24.082642,276.0013,28.45158,147.99251
496,1118936972700,1,-26.247,1430.905,-12.778454,1396.0051,28.943663,144.14703
496,1118936972700,3,-29.352,1009.335,-3.158425,1426.4688,28.73152,151.37968
496,1118936972700,5,-38.717,816.199,-17.503857,1273.4812,28.451584,147.99254
496,1118936974500,1,-39.292,1143.346,-16.804514,1377.4994,28.94366,144.14702
496,1118936974500,3,-31.403,895.535,-6.5924997,1385.074,28.73152,151.37968
496,1118936974500,5,-44.712,753.207,-4.034558,1201.6226,28.451584,147.99254
496,1118936982600,1,-29.352,1009.335,5.18488,554.8447,28.943655,144.147
496,1118936982600,3,-38.717,816.199,0.089007616,809.01605,28.73152,151.37967
496,1118936982600,5,-44.212,729.616,-3.654908,818.331,28.451582,147.99254
496,1118936986300,1,-31.403,895.535,-23.488636,970.63074,28.943651,144.14699
496,1118936986300,3,-44.712,753.207,-24.548471,857.7099,28.731518,151.37965
496,1118936986300,5,-44.049,724.736,-24.830091,798.6311,28.45158,147.99252
496,1118936989400,1,-38.717,816.199,-24.986393,859.43115,28.943642,144.14696
496,1118936989400,3,-44.212,729.616,-24.62736,746.02985,28.73151,151.37962
496,1118936989400,5,-44.197,685.288,-18.925406,695.8912,28.45157,147.9925
496,1118936991900,1,-44.712,753.207,2.1761017,345.541,28.94365,144.14699
496,1118936991900,3,-44.049,724.736,-3.5491853,624.3999,28.731503,151.37956
496,1118936991900,5,-44.173,683.033,0.02802765,580.2674,28.451567,147.99246
496,1118936993800,1,-44.212,729.616,6.1075745,137.3505,28.94366,144.14703
496,1118936993800,3,-44.197,685.288,2.2173722,345.57843,28.731514,151.37961
496,1118936993800,5,-45.49,615.33,10.663699,312.3941,28.451578,147.99251
496,1118936994700,1,-44.049,724.736,7.948664,273.7245,28.94367,144.14705
496,1118936994700,3,-44.173,683.033,5.9797087,372.39505,28.731522,151.37968
496,1118936994700,5,-45.54,602.646,7.568717,287.53577,28.451584,147.99254
496,1118936994900,1,-44.197,685.288,4.0526695,269.22287,28.94367,144.14705
496,1118936994900,3,-45.49,615.33,11.67357,410.18576,28.731522,151.37968
496,1118936994900,5,-45.635,582.343,4.2297673,437.2287,28.451584,147.99254
496,1118936996600,1,-44.173,683.033,3.8108993,282.65683,28.94367,144.14705
496,1118936996600,3,-45.54,602.646,-2.1152744,379.5309,28.731522,151.37968
496,1118936996600,5,-44.947,507.24,6.946851,411.79175,28.451584,147.99254
496,1118936996700,1,-45.49,615.33,3.9414434,274.33914,28.94367,144.14705
496,1118936996700,3,-45.635,582.343,11.197874,372.59225,28.731522,151.37968
496,1118936996700,5,-44.967,502.483,6.356774,415.26602,28.451584,147.99254
496,1118936999300,1,-45.54,602.646,4.6812506,246.88449,28.94367,144.14705
496,1118936999300,3,-44.947,507.24,12.58716,352.4688,28.731522,151.37968
496,1118936999300,5,-44.97,501.666,6.8274984,390.764,28.451584,147.99254
496,1118936999800,1,-45.635,582.343,4.7617,238.13583,28.94367,144.14705
496,1118936999800,3,-44.967,502.483,12.325652,336.91818,28.731522,151.37968
496,1118936999800,5,-44.97,501.616,5.9567924,380.6697,28.451584,147.99254
496,1118937000600,1,-44.947,507.24,3.7304494,167.44734,28.943666,144.14705
496,1118937000600,3,-44.97,501.666,13.000129,284.1753,28.731522,151.37968
496,1118937000600,5,-44.97,501.654,13.910429,371.138,28.451584,147.99254
496,1118937004400,1,-44.967,502.483,5.0623803,183.51427,28.943665,144.14705
496,1118937004400,3,-44.97,501.616,8.058545,222.83273,28.731522,151.37968
496,1118937004400,5,-44.969,501.972,17.97551,343.3427,28.451584,147.99254
496,1118937005600,1,-44.97,501.666,6.435677,171.27573,28.943665,144.14705
496,1118937005600,3,-44.97,501.654,8.5906105,232.14487,28.731522,151.37968
496,1118937005600,5,-44.969,501.804,16.27799,320.56757,28.451584,147.99254
496,1118937007900,1,-44.97,501.616,6.4468336,171.27573,28.943665,144.14703
496,1118937007900,3,-44.969,501.972,7.9086013,249.95256,28.731522,151.37968
496,1118937007900,5,-44.969,501.79,14.811558,346.1825,28.451584,147.99254
496,1118937011300,1,-44.97,501.654,6.5231624,162.9143,28.943659,144.14703
496,1118937011300,3,-44.969,501.804,8.841225,246.985,28.731522,151.37968
496,1118937011300,5,-44.97,501.62,14.313936,344.23322,28.451584,147.99254
496,1118937011600,1,-44.969,501.972,7.6440997,177.74857,28.943653,144.147
496,1118937011600,3,-44.969,501.79,10.18735,247.88412,28.73152,151.37968
496,1118937011600,5,-44.97,501.669,14.464474,345.95444,28.451584,147.99254
496,1118937012500,1,-44.969,501.804,7.758109,171.85,28.943644,144.14697
496,1118937012500,3,-44.97,501.62,10.18735,257.7629,28.73152,151.37968
496,1118937012500,5,-44.969,501.796,20.839867,353.606,28.451582,147.99254
496,1118937013800,1,-44.969,501.79,7.758109,158.97868,28.943642,144.14697
496,1118937013800,3,-44.97,501.669,8.331279,257.7629,28.73152,151.37968
496,1118937013800,5,-44.97,501.602,21.403688,370.6721,28.451582,147.99254
496,1118937014900,1,-44.97,501.62,7.727818,141.02881,28.943642,144.14694
496,1118937014900,3,-44.969,501.796,9.964616,257.90018,28.731518,151.37967
496,1118937014900,5,-44.97,501.835,19.997355,354.49185,28.451582,147.99254
496,1118937015800,1,-44.97,501.669,8.005968,155.86305,28.943651,144.14696
496,1118937015800,3,-44.97,501.602,16.974834,225.75383,28.73152,151.37967
496,1118937015800,5,-44.97,501.603,30.014648,269.21094,28.45158,147.99254
496,1118937016300,1,-44.969,501.796,8.005968,141.02881,28.943651,144.14696
496,1118937016300,3,-44.97,501.835,17.539553,226.97685,28.73152,151.37967
496,1118937016300,5,-44.969,501.753,29.394827,269.21094,28.45158,147.99252
496,1118937017800,1,-44.97,501.602,8.03626,158.97868,28.943651,144.14697
496,1118937017800,3,-44.97,501.603,17.539553,225.61655,28.73152,151.37967
496,1118937017800,5,-44.97,501.615,25.3453,284.2077,28.45158,147.99252
496,1118937018900,1,-44.97,501.835,8.03626,161.71027,28.943651,144.14697
496,1118937018900,3,-44.969,501.753,17.180086,231.23608,28.73152,151.37967
496,1118937018900,5,-44.97,501.618,29.35335,301.27383,28.45158,147.99252
496,1118937019500,1,-44.97,501.603,8.005968,138.29723,28.943651,144.14696
496,1118937019500,3,-44.97,501.615,18.881659,231.37337,28.73152,151.37967
496,1118937019500,5,-44.972,501.119,29.812075,286.27704,28.451578,147.99252
496,1118937025500,1,-44.969,501.753,8.03626,161.71027,28.943651,144.14697
496,1118937025500,3,-44.97,501.618,17.180086,230.01306,28.73152,151.37967
496,1118937025500,5,-44.974,500.618,31.36356,284.2077,28.45158,147.99252
496,1118937035100,1,-44.97,501.615,8.005968,141.02881,28.943651,144.14696
496,1118937035100,3,-44.972,501.119,16.974834,226.97685,28.73152,151.37967
496,1118937035100,5,-44.98,499.145,28.853548,286.27704,28.45158,147.99252
496,1118937035500,1,-44.97,501.618,8.005968,158.97868,28.943651,144.14697
496,1118937035500,3,-44.974,500.618,17.149973,230.01306,28.73152,151.37967
496,1118937035500,5,-45.011,491.498,29.894629,284.2077,28.45158,147.99252
496,1118937037400,1,-44.972,501.119,8.005968,141.02881,28.943651,144.14697
496,1118937037400,3,-44.98,499.145,17.180086,217.95357,28.73152,151.37967
496,1118937037400,5,-45.069,477.16,28.853548,286.27704,28.45158,147.99252
496,1118937042900,1,-44.974,500.618,8.005968,158.97868,28.943651,144.14696
496,1118937042900,3,-45.011,491.498,16.974834,230.01306,28.73152,151.37967
496,1118937042900,5,-38.904,397.207,25.3453,284.2077,28.45158,147.99252
496,1118937044400,1,-44.98,499.145,8.005968,141.02881,28.943651,144.14697
496,1118937044400,3,-45.069,477.16,17.298231,226.97685,28.73152,151.37967
496,1118937044400,5,-29.759,327.516,29.894629,292.65936,28.45158,147.99252
496,1118937052900,1,-45.011,491.498,8.005968,138.29723,28.943651,144.14696
496,1118937052900,3,-38.904,397.207,17.180086,216.73055,28.73152,151.37967
496,1118937052900,5,-29.515,266.971,29.35335,269.21094,28.451578,147.99252
496,1118937054500,1,-45.069,477.16,7.994812,141.02881,28.943651,144.14696
496,1118937054500,3,-29.759,327.516,17.149973,200.63275,28.73152,151.37967
496,1118937054500,5,-29.015,259.631,26.630322,279.53116,28.451582,147.99252
496,1118937055600,1,-38.904,397.207,7.994812,112.8164,28.943651,144.14696
496,1118937055600,3,-29.515,266.971,18.60919,160.04248,28.73152,151.37967
496,1118937055600,5,-27.974,201.174,33.983406,243.10338,28.451582,147.99252
499,1118936974800,1,-12.999,1463.156,-2.7550068,1589.0348,28.94367,144.14705
499,1118936974800,3,-28.795,1323.225,3.2985797,1659.9308,28.731522,151.37968
499,1118936974800,5,-28.905,1183.265,7.941111,1563.7207,28.451584,147.99254
499,1118936975600,1,-15.756,1426.11,-8.369623,1490.9624,28.94367,144.14705
499,1118936975600,3,-27.129,1253.427,-4.9373965,1569.2734,28.731522,151.37968
499,1118936975600,5,-28.453,1171.617,2.9970913,1486.8823,28.451584,147.99254
499,1118936976500,1,-28.795,1323.225,-12.835709,1442.4635,28.94367,144.14705
499,1118936976500,3,-28.905,1183.265,-10.629965,1467.0127,28.731522,151.37968
499,1118936976500,5,-28.619,1163.747,-7.9686003,1397.6294,28.451584,147.99254
499,1118936979000,1,-27.129,1253.427,-27.401321,1364.3983,28.94367,144.14705
499,1118936979000,3,-28.453,1171.617,-17.881092,1386.968,28.731522,151.37968
499,1118936979000,5,-21.81,1033.572,-17.290197,1348.093,28.451584,147.99254
499,1118936980600,1,-28.905,1183.265,-26.717031,1295.1903,28.94367,144.14705
499,1118936980600,3,-28.619,1163.747,-19.448505,1207.5,28.731522,151.37968
499,1118936980600,5,-17.941,1002.628,-19.01329,1365.6779,28.451584,147.99254
499,1118936982300,1,-28.453,1171.617,-25.316881,1173.9988,28.94367,144.14705
499,1118936982300,3,-21.81,1033.572,-22.344826,1063.8451,28.731522,151.37968
499,1118936982300,5,-24.015,858.235,-19.710714,1161.1602,28.451584,147.99254
499,1118936982600,1,-28.619,1163.747,-25.320028,1123.5367,28.94367,144.14705
499,1118936982600,3,-17.941,1002.628,-21.886534,1042.5708,28.731522,151.37968
499,1118936982600,5,-34.737,711.511,-21.418217,1126.3993,28.451584,147.99254
499,1118936982800,1,-21.81,1033.572,-26.142982,1117.5394,28.94367,144.14705
499,1118936982800,3,-24.015,858.235,-23.650682,1022.0186,28.731522,151.37968
499,1118936982800,5,-34.106,654.463,-19.756006,964.36383,28.451584,147.99254
499,1118936985800,1,-17.941,1002.628,-21.15574,1001.29767,28.94367,144.14705
499,1118936985800,3,-34.737,711.511,-22.870008,892.7886,28.731522,151.37968
499,1118936985800,5,-34.268,600.718,-22.682274,874.5489,28.451584,147.99254
499,1118936986600,1,-24.015,858.235,-14.042362,923.76404,28.94367,144.14705
499,1118936986600,3,-34.106,654.463,-15.843536,870.9147,28.731522,151.37968
499,1118936986600,5,-34.068,472.106,-14.74477,851.2973,28.451584,147.99254
499,1118936989900,1,-34.737,711.511,-22.875683,827.3644,28.94367,144.14705
499,1118936989900,3,-34.268,600.718,-20.20547,707.9705,28.731522,151.37968
499,1118936989900,5,-33.985,467.083,-8.093115,633.4529,28.451584,147.99254
499,1118936993200,1,-34.106,654.463,1.9184272,565.89777,28.94367,144.14705
499,1118936993200,3,-34.068,472.106,2.5753424,558.2885,28.731522,151.37968
499,1118936993200,5,-21.443,350.955,-3.7016683,530.8951,28.451584,147.99254
499,1118936994400,1,-34.268,600.718,3.9019046,516.95154,28.94367,144.14705
499,1118936994400,3,-33.985,467.083,6.4462204,544.4539,28.731522,151.37968
499,1118936994400,5,-20.36,343.501,-8.660217,481.76938,28.451584,147.99254
499,1118936995500,1,-34.068,472.106,0.75256205,483.6862,28.94367,144.14705
499,1118936995500,3,-21.443,350.955,-1.3433068,498.7759,28.731522,151.37968
499,1118936995500,5,-19.736,307.488,-10.060723,472.02753,28.451584,147.99254
499,1118936998400,1,-33.985,467.083,-0.10663265,333.43027,28.943668,144.14705
499,1118936998400,3,-20.36,343.501,-1.6365411,389.0097,28.731522,151.37967
499,1118936998400,5,-18.256,256.641,-3.9838932,412.30264,28.451584,147.99254
499,1118936998500,1,-21.443,350.955,0.012755002,318.96497,28.943668,144.14705
499,1118936998500,3,-19.736,307.488,-1.3299676,421.7647,28.731522,151.37967
499,1118936998500,5,-18.107,252.685,-0.15880229,432.73428,28.451584,147.99254
499,1118937001100,1,-20.36,343.501,-15.390036,341.63785,28.943666,144.14705
499,1118937001100,3,-18.256,256.641,-20.279568,317.14047,28.731522,151.37967
499,1118937001100,5,-17.96,210.051,-13.290897,321.3978,28.451584,147.99254
499,1118937001300,1,-19.736,307.488,-21.315779,322.65216,28.943666,144.14705
499,1118937001300,3,-18.107,252.685,-12.170314,320.10803,28.731522,151.37967
499,1118937001300,5,-17.228,160.985,2.2927349,337.67044,28.451584,147.99254
499,1118937002200,1,-18.256,256.641,-21.00089,303.9555,28.943636,144.14694
499,1118937002200,3,-17.96,210.051,-1.6073844,279.0632,28.731518,151.37965
499,1118937002200,5,-17.525,143.474,16.143074,311.122,28.451584,147.99254
499,1118937003500,1,-18.107,252.685,-14.389297,247.16997,28.943562,144.14664
499,1118937003500,3,-17.228,160.985,-0.62554276,223.95808,28.731512,151.37958
499,1118937003500,5,-17.525,143.474,18.647375,365.6576,28.451582,147.99252
499,1118937003600,1,-17.96,210.051,-14.372221,244.77814,28.943283,144.14557
499,1118937003600,3,-17.525,143.474,3.0780144,183.97694,28.731508,151.37955
499,1118937003600,5,-17.525,143.474,19.621521,326.6375,28.451576,147.99251
499,1118937005000,1,-17.228,160.985,-2.4329853,208.45776,28.943415,144.14606
499,1118937005000,3,-17.525,143.474,25.28766,222.86902,28.731499,151.3795
499,1118937005000,5,-17.525,143.474,19.583044,330.1472,28.45156,147.99242
499,1118937007400,1,-17.525,143.474,5.314027,182.01367,28.942793,144.14342
499,1118937007400,3,-17.525,143.474,21.982965,248.12482,28.731495,151.3795
499,1118937007400,5,-17.525,143.474,17.562037,286.60025,28.451536,147.99225
499,1118937011200,1,-17.525,143.474,10.782391,161.68362,28.94073,144.1348
499,1118937011200,3,-17.525,143.474,13.381732,273.96756,28.731483,151.37949
499,1118937011200,5,-17.573,142.787,9.627682,286.68097,28.451494,147.99196
499,1118937013600,1,-17.525,143.474,10.793547,162.19408,28.940357,144.13326
499,1118937013600,3,-17.525,143.474,13.512088,282.68747,28.731482,151.3795
499,1118937013600,5,-17.609,142.266,3.7999597,277.01492,28.451492,147.99193
499,1118937015100,1,-17.525,143.474,10.793547,180.29964,28.940367,144.13329
499,1118937015100,3,-17.573,142.787,13.387975,302.30093,28.731468,151.37941
499,1118937015100,5,-17.641,141.809,4.007462,319.4311,28.45148,147.99188
499,1118937017500,1,-17.525,143.474,10.793547,180.29964,28.940382,144.13336
499,1118937017500,3,-17.609,142.266,13.387975,307.92044,28.731466,151.37941
499,1118937017500,5,-17.701,140.934,4.1751547,306.27374,28.451479,147.99187
499,1118937022200,1,-17.573,142.787,10.793547,180.29964,28.940397,144.13342
499,1118937022200,3,-17.641,141.809,13.387975,312.31696,28.731474,151.37944
499,1118937022200,5,-16.814,131.756,4.331536,305.00797,28.451488,147.9919
499,1118937027200,1,-17.609,142.266,10.782391,183.03122,28.940256,144.13281
499,1118937027200,3,-17.701,140.934,13.35786,311.3463,28.731476,151.37946
499,1118937027200,5,-16.541,120.387,4.2781315,287.8217,28.451488,147.99191
499,1118937029700,1,-17.641,141.809,10.782391,167.62756,28.940138,144.13232
499,1118937029700,3,-16.814,131.756,13.487678,271.91013,28.73148,151.37949
499,1118937029700,5,-16.997,60.37,5.2910676,257.43405,28.451487,147.9919
515,1118935999500,1,23.398,178.172,21.972927,159.67612,28.943872,144.14577
515,1118935999500,3,19.003,336.571,19.550852,175.01318,28.731512,151.37964
515,1118935999500,5,19.054,339.405,18.651754,223.08086,28.451576,147.99251
515,1118936003000,1,21.393,290.933,25.142355,-247.01607,28.94367,144.14705
515,1118936003000,3,19.018,337.289,24.082962,425.20126,28.731522,151.37968
515,1118936003000,5,19.054,339.405,25.168934,504.10104,28.451584,147.99254
515,1118936006700,1,19.003,336.571,21.071278,345.88083,28.94367,144.14705
515,1118936006700,3,19.054,339.405,21.860008,523.54474,28.731522,151.37968
515,1118936006700,5,19.054,339.405,22.430834,655.09143,28.451584,147.99254
515,1118936010600,1,19.018,337.289,19.280392,354.18805,28.94367,144.14705
515,1118936010600,3,19.054,339.405,20.10448,410.90503,28.731522,151.37968
515,1118936010600,5,19.054,339.405,19.571861,457.59546,28.451584,147.99254
515,1118936011300,1,19.054,339.405,19.421068,346.01608,28.94367,144.14705
515,1118936011300,3,19.054,339.405,19.84562,398.0225,28.731522,151.37968
515,1118936011300,5,19.054,339.405,19.445984,431.44955,28.451584,147.99254
515,1118936020200,1,19.054,339.405,19.185654,347.99066,28.94367,144.14705
515,1118936020200,3,19.054,339.405,19.070503,401.01974,28.731522,151.37968
515,1118936020200,5,19.054,339.405,18.64068,443.32697,28.451584,147.99254
515,1118936023200,1,19.054,339.405,19.185654,344.33475,28.94367,144.14705
515,1118936023200,3,19.054,339.405,18.661076,394.3763,28.731522,151.37968
515,1118936023200,5,19.054,339.405,18.22726,420.8131,28.451584,147.99254
515,1118936024500,1,19.054,339.405,19.139244,343.81183,28.943668,144.14705
515,1118936024500,3,19.054,339.405,18.61681,377.7217,28.731522,151.37968
515,1118936024500,5,19.054,339.405,18.62965,394.7961,28.451584,147.99254
515,1118936025500,1,19.054,339.405,19.139244,343.81183,28.94367,144.14705
515,1118936025500,3,19.054,339.405,18.596565,374.75415,28.731522,151.37968
515,1118936025500,5,19.054,339.405,18.63183,393.61774,28.451584,147.99254
515,1118936026600,1,19.054,339.405,19.139244,343.81183,28.94367,144.14705
515,1118936026600,3,19.054,339.405,18.652933,377.7217,28.731522,151.37968
515,1118936026600,5,19.054,339.405,18.63183,396.0667,28.451584,147.99254
515,1118936026700,1,19.054,339.405,19.139244,343.81183,28.94367,144.14705
515,1118936026700,3,19.054,339.405,18.652933,377.7217,28.731522,151.37968
515,1118936026700,5,19.054,339.405,18.63183,398.57245,28.451584,147.99254
515,1118936028800,1,19.054,339.405,19.139244,343.81183,28.94367,144.14705
515,1118936028800,3,19.054,339.405,18.652933,377.7217,28.731522,151.37968
515,1118936028800,5,19.054,339.405,18.63183,401.91013,28.451584,147.99254
515,1118936032000,1,19.054,339.405,19.139244,343.81183,28.94367,144.14705
515,1118936032000,3,19.054,339.405,18.652933,377.7217,28.731522,151.37968
515,1118936032000,5,19.054,339.405,18.63183,398.57245,28.451584,147.99254
515,1118936034100,1,19.054,339.405,19.139244,343.81183,28.94367,144.14705
515,1118936034100,3,19.054,339.405,18.652933,377.7217,28.731522,151.37968
515,1118936034100,5,19.054,339.405,18.63183,398.57245,28.451584,147.99254
515,1118936035700,1,19.054,339.405,19.139244,343.81183,28.94367,144.14705
515,1118936035700,3,19.054,339.405,18.652933,377.7217,28.731522,151.37968
515,1118936035700,5,19.054,339.405,18.63183,398.57245,28.451584,147.99254
515,1118936037300,1,19.054,339.405,19.139244,343.81183,28.94367,144.14705
515,1118936037300,3,19.054,339.405,18.652933,377.7217,28.731522,151.37968
515,1118936037300,5,19.054,339.405,18.63183,398.57245,28.451584,147.99254
515,1118936040300,1,19.054,339.405,19.139244,343.81183,28.94367,144.14705
515,1118936040300,3,19.054,339.405,18.652933,377.7217,28.731522,151.37968
515,1118936040300,5,19.054,339.405,18.63183,398.57245,28.451584,147.99254
515,1118936040400,1,19.054,339.405,19.139244,343.81183,28.94367,144.14705
515,1118936040400,3,19.054,339.405,18.652933,377.7217,28.731522,151.37968
515,1118936040400,5,19.604,342.396,18.63183,398.57245,28.451584,147.99254
515,1118936040600,1,19.054,339.405,19.139244,343.81183,28.94367,144.14705
515,1118936040600,3,19.054,339.405,18.652933,377.7217,28.731522,151.37968
515,1118936040600,5,19.604,342.396,18.63183,398.57245,28.451584,147.99254
515,1118936042300,1,19.054,339.405,19.139244,343.81183,28.94367,144.14705
515,1118936042300,3,19.604,342.396,18.652933,377.7217,28.731522,151.37968
515,1118936042300,5,19.604,342.396,18.63183,398.57245,28.451584,147.99254
515,1118936044200,1,19.054,339.405,19.139244,343.81183,28.94367,144.14705
515,1118936044200,3,19.604,342.396,18.652933,377.7217,28.731522,151.37968
515,1118936044200,5,19.604,342.396,18.63183,398.57245,28.451584,147.99254
515,1118936046700,1,19.604,342.396,19.139244,343.81183,28.94367,144.14705
515,1118936046700,3,19.604,342.396,18.652933,377.7217,28.731522,151.37968
515,1118936046700,5,19.604,342.398,18.63183,398.57245,28.451584,147.99254
515,1118936054900,1,19.604,342.396,19.186764,365.94992,28.94367,144.14705
515,1118936054900,3,19.604,342.396,19.0124,377.7217,28.731522,151.37968
515,1118936054900,5,19.609,342.719,19.00396,407.30737,28.451584,147.99254
515,1118936059100,1,19.604,342.396,19.217054,365.94992,28.94367,144.14705
515,1118936059100,3,19.604,342.398,18.652933,377.7217,28.731522,151.37968
515,1118936059100,5,19.611,342.93,19.295803,407.30737,28.451584,147.99254
515,1118936061500,1,19.604,342.396,19.186764,365.94992,28.94367,144.14705
515,1118936061500,3,19.609,342.719,18.652933,377.7217,28.731522,151.37968
515,1118936061500,5,19.622,343.559,18.63183,407.30737,28.451584,147.99254
515,1118936066800,1,19.604,342.398,19.186764,365.94992,28.94367,144.14705
515,1118936066800,3,19.611,342.93,18.652933,377.7217,28.731522,151.37968
515,1118936066800,5,19.328,345.562,18.63183,407.30737,28.451584,147.99254
515,1118936067100,1,19.609,342.719,19.186764,365.94992,28.94367,144.14705
515,1118936067100,3,19.622,343.559,18.652933,377.7217,28.731522,151.37968
515,1118936067100,5,19.09,348.957,18.63183,410.3927,28.451584,147.99254
515,1118936067700,1,19.611,342.93,19.186764,365.94992,28.94367,144.14705
515,1118936067700,3,19.328,345.562,19.136345,377.7217,28.731522,151.37968
515,1118936067700,5,18.919,350.756,18.917692,410.3927,28.451584,147.99254
515,1118936067900,1,19.622,343.559,19.217054,365.94992,28.94367,144.14705
515,1118936067900,3,19.09,348.957,19.136345,415.2538,28.731522,151.37968
515,1118936067900,5,5.656,487.379,19.373447,430.8833,28.451584,147.99254
515,1118936068200,1,19.328,345.562,19.233175,365.94992,28.94367,144.14705
515,1118936068200,3,18.919,350.756,19.06711,415.2538,28.731522,151.37968
515,1118936068200,5,6.106,567.712,19.375628,434.221,28.451584,147.99254
515,1118936068600,1,19.09,348.957,19.075722,366.16428,28.94367,144.14705
515,1118936068600,3,5.656,487.379,19.153769,412.12872,28.731522,151.37968
515,1118936068600,5,6.007,663.766,19.375628,430.45786,28.451584,147.99254
515,1118936069000,1,18.919,350.756,19.028202,381.78177,28.94367,144.14705
515,1118936069000,3,6.106,567.712,19.153769,412.7643,28.731522,151.37968
515,1118936069000,5,3.264,756.975,19.375628,430.45786,28.451584,147.99254
515,1118936069100,1,5.656,487.379,18.868969,391.95523,28.94367,144.14705
515,1118936069100,3,6.007,663.766,18.263468,447.52988,28.731522,151.37968
515,1118936069100,5,12.768,853.084,18.756031,521.93317,28.451584,147.99254
515,1118936073700,1,6.106,567.712,5.8391747,540.82404,28.94367,144.14705
515,1118936073700,3,3.264,756.975,6.6402884,651.19507,28.731522,151.37968
515,1118936073700,5,19.555,1007.306,8.034617,813.0269,28.451584,147.99254
515,1118936075500,1,6.007,663.766,6.496756,634.99994,28.94367,144.14705
515,1118936075500,3,12.768,853.084,7.1389,778.22595,28.731522,151.37968
515,1118936075500,5,15.137,1043.456,8.397886,877.6327,28.451584,147.99254
515,1118936077400,1,3.264,756.975,6.2193384,738.7287,28.94367,144.14705
515,1118936077400,3,19.555,1007.306,6.8197827,895.1744,28.731522,151.37968
515,1118936077400,5,9.711,1200.232,8.860778,986.4885,28.451584,147.99254
515,1118936078900,1,12.768,853.084,5.319091,819.2732,28.94367,144.14705
515,1118936078900,3,15.137,1043.456,7.1388783,992.4224,28.731522,151.37968
515,1118936078900,5,9.857,1244.899,16.870811,920.2935,28.451584,147.99254
515,1118936080500,1,19.555,1007.306,12.962572,908.5716,28.94367,144.14705
515,1118936080500,3,9.711,1200.232,18.82545,1087.3688,28.731522,151.37968
515,1118936080500,5,23.867,1525.467,33.239586,1095.5781,28.451584,147.99254
515,1118936083100,1,15.137,1043.456,19.916481,1065.6835,28.94367,144.14705
515,1118936083100,3,9.857,1244.899,21.784178,1192.39,28.731522,151.37968
515,1118936083100,5,-28.188,1528.356,22.152826,1187.5494,28.451584,147.99254
515,1118936083600,1,9.711,1200.232,14.938774,1127.5455,28.94367,144.14705
515,1118936083600,3,23.867,1525.467,20.272602,1439.4519,28.731522,151.37968
515,1118936083600,5,-27.79,1524.595,21.179903,1009.8846,28.451584,147.99254
515,1118936086300,1,9.857,1244.899,9.997343,1362.0905,28.94367,144.14705
515,1118936086300,3,-28.188,1528.356,13.979879,1198.586,28.731522,151.37968
515,1118936086300,5,-39.483,1295.854,15.974245,1195.9307,28.451584,147.99254
515,1118936087100,1,23.867,1525.467,10.625894,1328.8253,28.94367,144.14705
515,1118936087100,3,-27.79,1524.595,14.243794,1300.202,28.731522,151.37968
515,1118936087100,5,-37.473,1224.256,14.909828,1165.5518,28.451584,147.99254
515,1118936092200,1,-28.188,1528.356,23.993162,1597.5085,28.94367,144.14705
515,1118936092200,3,-39.483,1295.854,24.526869,1386.0828,28.731522,151.37968
515,1118936092200,5,-37.861,1187.362,26.098537,1082.5326,28.451584,147.99254
515,1118936977800,1,-27.79,1524.595,-10.129399,1490.9578,28.94367,144.14705
515,1118936977800,3,-37.473,1224.256,8.615218,1388.0518,28.731522,151.37968
515,1118936977800,5,-39.178,1125.795,10.555796,1133.7046,28.451584,147.99254
515,1118936977900,1,-39.483,1295.854,-20.5307,1507.8301,28.94367,144.14705
515,1118936977900,3,-37.861,1187.362,-7.8905272,1475.1969,28.731522,151.37968
515,1118936977900,5,-37.28,1054.512,-7.880245,1246.3593,28.451584,147.99254
515,1118936984400,1,-37.473,1224.256,9.0904045,756.0754,28.94367,144.14705
515,1118936984400,3,-39.178,1125.795,3.9779472,973.3416,28.731522,151.37968
515,1118936984400,5,-34.748,1038.836,16.447699,1204.9598,28.451584,147.99254
515,1118936986300,1,-37.861,1187.362,9.985433,707.31464,28.94367,144.14705
515,1118936986300,3,-37.28,1054.512,7.8083034,1150.5162,28.731522,151.37968
515,1118936986300,5,-28.751,923.798,-1.6077005,1262.0693,28.451584,147.99254
515,1118936987300,1,-39.178,1125.795,4.8361998,581.8853,28.94367,144.14705
515,1118936987300,3,-34.748,1038.836,1.1414196,1012.32794,28.731522,151.37968
515,1118936987300,5,-44.138,702.976,-3.5659776,1222.4412,28.451584,147.99254
515,1118936989300,1,-37.28,1054.512,6.905318,412.6938,28.94367,144.14705
515,1118936989300,3,-28.751,923.798,1.1377251,775.45776,28.731522,151.37968
515,1118936989300,5,-43.444,641.456,4.541673,912.13043,28.451584,147.99254
515,1118936991300,1,-34.748,1038.836,3.209481,483.8626,28.94367,144.14705
515,1118936991300,3,-44.138,702.976,1.800802,865.95734,28.731522,151.37968
515,1118936991300,5,-44.158,591.335,9.109054,979.69025,28.451584,147.99254
515,1118936991800,1,-28.751,923.798,-2.3182774,815.5445,28.94367,144.14705
515,1118936991800,3,-43.444,641.456,1.2103589,873.4089,28.731522,151.37968
515,1118936991800,5,-44.162,591.348,8.857969,847.266,28.451584,147.99254
515,1118936995600,1,-44.138,702.976,-25.320028,900.6095,28.94367,144.14705
515,1118936995600,3,-44.158,591.335,-5.261987,766.2403,28.731522,151.37968
515,1118936995600,5,-43.495,589.334,-6.0048833,664.8535,28.451584,147.99254
515,1118937003500,1,-43.444,641.456,3.5421562,289.99802,28.94367,144.14705
515,1118937003500,3,-44.162,591.348,10.970809,325.87564,28.731522,151.37968
515,1118937003500,5,-43.496,589.295,2.0708773,378.93292,28.451584,147.99254
515,1118937006700,1,-44.158,591.335,7.948602,278.62906,28.94367,144.14705
515,1118937006700,3,-43.495,589.334,17.02688,284.673,28.731522,151.37968
515,1118937006700,5,-43.495,589.278,2.222669,371.8522,28.451584,147.99254
515,1118937011100,1,-44.162,591.348,7.413524,246.98018,28.94367,144.14705
515,1118937011100,3,-43.496,589.295,13.251615,306.3651,28.731522,151.37968
515,1118937011100,5,-43.495,589.261,6.8592787,373.1028,28.451584,147.99254
515,1118937011700,1,-43.495,589.334,7.66411,247.76343,28.94367,144.14705
515,1118937011700,3,-43.495,589.278,13.441966,338.3326,28.731522,151.37968
515,1118937011700,5,-43.495,589.249,0.79938084,368.15372,28.451584,147.99254
515,1118937018600,1,-43.496,589.295,6.485201,230.66057,28.94367,144.14705
515,1118937018600,3,-43.495,589.261,12.6290245,352.19177,28.731522,151.37968
515,1118937018600,5,-43.495,589.16,6.109421,377.1889,28.451584,147.99254
515,1118937019300,1,-43.495,589.278,7.6440997,168.82101,28.94367,144.14705
515,1118937019300,3,-43.495,589.249,0.272142,316.02826,28.731522,151.37968
515,1118937019300,5,-43.496,589.138,10.205924,371.48248,28.451584,147.99254
515,1118937019600,1,-43.495,589.261,6.5231624,168.82101,28.94367,144.14705
515,1118937019600,3,-43.495,589.16,13.594116,323.82852,28.731522,151.37968
515,1118937019600,5,-43.496,588.981,7.0944934,363.73837,28.451584,147.99254
515,1118937019900,1,-43.495,589.249,7.727818,158.68127,28.943666,144.14705
515,1118937019900,3,-43.496,589.138,15.60699,322.39957,28.731522,151.37968
515,1118937019900,5,-43.496,588.981,22.358988,356.14163,28.451584,147.99254
515,1118937020100,1,-43.495,589.16,7.727818,155.94969,28.943666,144.14705
515,1118937020100,3,-43.496,588.981,17.35847,319.432,28.731522,151.37968
515,1118937020100,5,-43.496,588.981,25.404232,356.26395,28.451584,147.99254
515,1118937021700,1,-43.496,589.138,7.727818,155.94969,28.94366,144.147
515,1118937021700,3,-43.496,588.981,24.455797,295.87274,28.731522,151.37968
515,1118937021700,5,-43.496,588.981,33.961113,357.4474,28.451584,147.99254
515,1118937022100,1,-43.496,588.981,8.005968,155.94969,28.94366,144.14699
515,1118937022100,3,-43.496,588.981,22.84197,295.87274,28.731522,151.37968
515,1118937022100,5,-43.496,588.981,34.258244,288.04913,28.451584,147.99254
515,1118937026300,1,-43.496,588.981,8.005968,155.94969,28.94366,144.14699
515,1118937026300,3,-43.496,588.981,23.98008,294.16943,28.731522,151.37968
515,1118937026300,5,-43.496,588.981,34.801704,291.3868,28.451584,147.99254
515,1118937027000,1,-43.496,588.981,8.005968,155.94969,28.94366,144.14699
515,1118937027000,3,-43.496,588.981,24.455797,294.16943,28.731522,151.37968
515,1118937027000,5,-43.496,588.981,34.260426,288.04913,28.451584,147.99254
515,1118937030000,1,-43.496,588.981,8.005968,176.63115,28.94366,144.14699
515,1118937030000,3,-43.496,588.981,24.573942,298.42865,28.731522,151.37968
515,1118937030000,5,-43.496,588.981,34.260426,309.42822,28.451584,147.99254
515,1118937032800,1,-43.496,588.981,8.005968,176.63115,28.94366,144.14699
515,1118937032800,3,-43.496,588.981,24.455797,304.0482,28.731522,151.37968
515,1118937032800,5,-43.496,588.981,34.260426,320.11203,28.451584,147.99254
515,1118937033900,1,-43.496,588.981,8.005968,-39.03285,28.94366,144.14699
515,1118937033900,3,-43.496,588.981,24.455797,308.4447,28.731522,151.37968
515,1118937033900,5,-43.496,588.981,34.260426,320.11203,28.451584,147.99254
515,1118937035600,1,-43.496,588.981,8.005968,179.36275,28.94366,144.14699
515,1118937035600,3,-43.496,588.981,24.455797,308.4447,28.731522,151.37968
515,1118937035600,5,-43.496,588.981,34.260426,320.11203,28.451584,147.99254
515,1118937035900,1,-43.496,588.981,8.005968,179.36275,28.94366,144.14699
515,1118937035900,3,-43.496,588.981,24.455797,308.4447,28.731522,151.37968
515,1118937035900,5,-43.496,588.981,34.260426,320.11203,28.451584,147.99254
515,1118937038900,1,-43.496,588.981,8.005968,179.36275,28.94366,144.14699
515,1118937038900,3,-43.496,588.981,24.455797,308.4447,28.731522,151.37968
515,1118937038900,5,-43.496,588.981,34.260426,320.11203,28.451584,147.99254
515,1118937039600,1,-43.496,588.981,8.005968,179.36275,28.94366,144.14699
515,1118937039600,3,-43.496,588.981,24.455797,308.4447,28.731522,151.37968
515,1118937039600,5,-43.496,588.981,34.260426,320.11203,28.451584,147.99254
515,1118937042900,1,-43.496,588.981,8.005968,179.36275,28.94366,144.14699
515,1118937042900,3,-43.496,588.981,24.455797,308.4447,28.731522,151.37968
515,1118937042900,5,-43.496,588.981,34.260426,320.11203,28.451584,147.99254
515,1118937046700,1,-43.496,588.981,8.005968,179.36275,28.94366,144.14699
515,1118937046700,3,-43.496,588.981,24.455797,308.4447,28.731522,151.37968
515,1118937046700,5,-43.505,586.981,34.260426,320.11203,28.451584,147.99254
515,1118937047400,1,-43.496,588.981,8.005968,179.36275,28.94366,144.14699
515,1118937047400,3,-43.496,588.981,24.455797,308.4447,28.731522,151.37968
515,1118937047400,5,-43.583,567.523,34.260426,320.11203,28.451584,147.99254
515,1118937049800,1,-43.496,588.981,8.005968,179.36275,28.94366,144.14699
515,1118937049800,3,-43.505,586.981,24.455797,308.4447,28.731522,151.37968
515,1118937049800,5,-43.527,562.344,34.260426,320.11203,28.451584,147.99254
515,1118937051400,1,-43.496,588.981,8.005968,179.36275,28.94366,144.14699
515,1118937051400,3,-43.583,567.523,24.455797,308.4447,28.731522,151.37968
515,1118937051400,5,-44.337,551.566,34.260426,320.11203,28.451584,147.99254
515,1118937053800,1,-43.505,586.981,8.005968,179.36275,28.94366,144.14699
515,1118937053800,3,-43.527,562.344,24.455797,308.4447,28.731522,151.37968
515,1118937053800,5,-45.188,540.712,34.260426,320.11203,28.451584,147.99254
515,1118937056400,1,-43.583,567.523,8.005968,159.135,28.94366,144.14699
515,1118937056400,3,-44.337,551.566,24.425682,293.06317,28.731522,151.37968
515,1118937056400,5,-31.213,314.123,34.760227,322.30167,28.451584,147.99254
515,1118937058200,1,-43.527,562.344,7.994812,130.80267,28.94366,144.14699
515,1118937058200,3,-45.188,540.712,19.344658,259.0561,28.731522,151.37968
515,1118937058200,5,-30.412,279.473,33.802776,317.712,28.451584,147.99254
515,1118937058500,1,-44.337,551.566,5.29978,164.05586,28.94366,144.14699
515,1118937058500,3,-31.213,314.123,17.965977,237.01073,28.731522,151.37968
515,1118937058500,5,-30.102,275.265,30.294529,300.00363,28.451584,147.99254
530,1118936011500,1,-14.409,1632.183,-2.0219815,1781.8696,28.94367,144.14705
530,1118936011500,3,-13.832,1579.803,4.967596,1361.8179,28.731522,151.37968
530,1118936011500,5,-15.038,1239.512,6.460808,1384.7144,28.451584,147.99254
530,1118936013400,1,-14.883,1626.931,-8.404531,1675.0715,28.94367,144.14705
530,1118936013400,3,-18.823,1363.916,-5.0154552,1495.3934,28.731522,151.37968
530,1118936013400,5,-14.892,1236.228,1.4203632,1600.3821,28.451584,147.99254
530,1118936015300,1,-13.832,1579.803,-11.297048,1546.9396,28.94367,144.14705
530,1118936015300,3,-15.038,1239.512,-9.719432,1442.133,28.731522,151.37968
530,1118936015300,5,-14.856,1235.406,-7.228178,1464.4155,28.451584,147.99254
530,1118936017700,1,-18.823,1363.916,-12.16394,1593.572,28.94367,144.14705
530,1118936017700,3,-14.892,1236.228,-9.328522,1535.5123,28.731522,151.37968
530,1118936017700,5,-14.746,1232.941,-8.980324,1356.9214,28.451584,147.99254
530,1118936022800,1,-15.038,1239.512,-15.315796,1408.8191,28.94367,144.14705
530,1118936022800,3,-14.856,1235.406,-15.940311,1362.2483,28.731522,151.37968
530,1118936022800,5,-14.296,1225.259,-13.161022,1330.3463,28.451584,147.99254
530,1118936027600,1,-14.892,1236.228,-12.74815,1288.4923,28.94367,144.14705
530,1118936027600,3,-14.746,1232.941,-13.140293,1212.6471,28.731522,151.37968
530,1118936027600,5,-14.517,1216.071,-10.558156,1360.4685,28.451584,147.99254
530,1118936028000,1,-14.856,1235.406,-13.668422,1224.2521,28.94367,144.14705
530,1118936028000,3,-14.296,1225.259,-11.862638,1145.8523,28.731522,151.37968
530,1118936028000,5,-15.406,1199.467,-10.946622,1292.0103,28.451584,147.99254
530,1118936028100,1,-14.746,1232.941,-13.09148,1220.6315,28.94367,144.14705
530,1118936028100,3,-14.517,1216.071,-12.096184,1134.5609,28.731522,151.37968
530,1118936028100,5,-16.063,1181.678,-9.821102,1128.1292,28.451584,147.99254
530,1118936028400,1,-14.296,1225.259,-13.18565,1193.749,28.94367,144.14705
530,1118936028400,3,-15.406,1199.467,-11.905565,1133.4542,28.731522,151.37968
530,1118936028400,5,-16.837,1151.977,-10.2939625,1108.0815,28.451584,147.99254
530,1118936031400,1,-14.517,1216.071,-13.18565,1195.0021,28.94367,144.14705
530,1118936031400,3,-16.063,1181.678,-12.541722,1150.2899,28.731522,151.37968
530,1118936031400,5,-17.451,1091.14,-10.042182,1103.6821,28.451584,147.99254
530,1118936035300,1,-15.406,1199.467,-13.316194,1190.025,28.94367,144.14705
530,1118936035300,3,-16.837,1151.977,-14.211827,1120.2906,28.731522,151.37968
530,1118936035300,5,-5.273,996.151,-13.946756,1069.2598,28.451584,147.99254
530,1118936036400,1,-16.063,1181.678,-13.945263,1163.7588,28.94367,144.14705
530,1118936036400,3,-17.451,1091.14,-14.191582,1108.8412,28.731522,151.37968
530,1118936036400,5,-4.653,975.417,-15.2404585,1014.65265,28.451584,147.99254
530,1118936037300,1,-16.837,1151.977,-15.40059,1131.932,28.94367,144.14705
530,1118936037300,3,-5.273,996.151,-14.087167,1020.3605,28.731522,151.37968
530,1118936037300,5,-9.776,885.908,-14.160189,961.13715,28.451584,147.99254
530,1118936038500,1,-17.451,1091.14,-15.40059,1107.5833,28.94367,144.14705
530,1118936038500,3,-4.653,975.417,-14.696613,1027.9116,28.731522,151.37968
530,1118936038500,5,-11.328,824.695,-13.516861,933.0374,28.451584,147.99254
530,1118936040200,1,-5.273,996.151,-15.334743,1054.9235,28.94367,144.14705
530,1118936040200,3,-9.776,885.908,-14.90783,935.3937,28.731522,151.37968
530,1118936040200,5,-11.357,824.695,-14.04667,879.2102,28.451584,147.99254
530,1118936043100,1,-4.653,975.417,-6.389714,958.2666,28.94367,144.14705
530,1118936043100,3,-11.328,824.695,-10.502231,854.4911,28.731522,151.37968
530,1118936043100,5,-11.355,824.701,-10.228039,812.0577,28.451584,147.99254
530,1118936043700,1,-9.776,885.908,-5.3483214,946.7108,28.94367,144.14705
530,1118936043700,3,-11.357,824.695,-8.238583,838.1276,28.731522,151.37968
530,1118936043700,5,-11.355,824.701,-9.574879,843.8703,28.451584,147.99254
530,1118936046900,1,-11.328,824.695,-10.400523,855.5032,28.94367,144.14705
530,1118936046900,3,-11.355,824.701,-9.661194,725.7407,28.731522,151.37968
530,1118936046900,5,-11.621,821.533,-10.732768,717.9203,28.451584,147.99254
530,1118936053600,1,-11.357,824.695,-10.023713,796.6198,28.94367,144.14705
530,1118936053600,3,-11.355,824.701,-11.929158,673.9687,28.731522,151.37968
530,1118936053600,5,-11.651,821.186,-11.71315,659.1153,28.451584,147.99254
530,1118936054500,1,-11.355,824.701,-10.709586,798.38336,28.94367,144.14705
530,1118936054500,3,-11.621,821.533,-13.241661,705.55194,28.731522,151.37968
530,1118936054500,5,-11.696,820.709,-14.982298,690.2307,28.451584,147.99254
530,1118936054900,1,-11.355,824.701,-10.69843,823.15027,28.94367,144.14705
530,1118936054900,3,-11.651,821.186,-12.627534,733.9419,28.731522,151.37968
530,1118936054900,5,-11.705,820.572,-15.098313,705.07587,28.451584,147.99254
530,1118936055400,1,-11.621,821.533,-10.69843,823.15027,28.94367,144.14705
530,1118936055400,3,-11.696,820.709,-12.414709,738.4548,28.731522,151.37968
530,1118936055400,5,-14.078,798.49,-13.769236,724.7084,28.451584,147.99254
530,1118936058000,1,-11.651,821.186,-10.709586,823.15027,28.94367,144.14705
530,1118936058000,3,-11.705,820.572,-12.501191,739.8837,28.731522,151.37968
530,1118936058000,5,-15.838,787.438,-12.776283,726.87604,28.451584,147.99254
530,1118936060300,1,-11.696,820.709,-10.709586,803.8169,28.94367,144.14705
530,1118936060300,3,-14.078,798.49,-12.583239,722.1069,28.731522,151.37968
530,1118936060300,5,-16.563,783.175,-14.978129,714.8155,28.451584,147.99254
530,1118936060700,1,-11.705,820.572,-10.709586,803.8169,28.94367,144.14705
530,1118936060700,3,-15.838,787.438,-12.366088,728.4782,28.731522,151.37968
530,1118936060700,5,-16.596,723.329,-14.50503,689.6845,28.451584,147.99254
530,1118936061000,1,-14.078,798.49,-10.709586,803.8169,28.94367,144.14705
530,1118936061000,3,-16.563,783.175,-10.597691,715.0584,28.731522,151.37968
530,1118936061000,5,-15.718,597.041,-9.855744,690.11,28.451584,147.99254
530,1118936063900,1,-15.838,787.438,-12.790173,767.98505,28.94367,144.14705
530,1118936063900,3,-16.596,723.329,-11.131871,657.2078,28.731522,151.37968
530,1118936063900,5,-14.477,561.339,-9.573475,589.60486,28.451584,147.99254
530,1118936064500,1,-16.563,783.175,-15.044199,751.71606,28.94367,144.14705
530,1118936064500,3,-15.718,597.041,-12.892854,637.0527,28.731522,151.37968
530,1118936064500,5,-14.322,557.987,-10.193072,536.3473,28.451584,147.99254
530,1118936064700,1,-16.596,723.329,-16.83437,738.3776,28.94367,144.14705
530,1118936064700,3,-14.477,561.339,-13.702458,637.0527,28.731522,151.37968
530,1118936064700,5,-13.821,558.486,-13.59186,536.3473,28.451584,147.99254
530,1118936066800,1,-15.718,597.041,-15.2542925,703.2161,28.94367,144.14705
530,1118936066800,3,-14.322,557.987,-14.415769,608.21594,28.731522,151.37968
530,1118936066800,5,-13.821,558.486,-13.928473,511.3728,28.451584,147.99254
530,1118936071300,1,-14.477,561.339,-13.668422,576.16925,28.94367,144.14705
530,1118936071300,3,-13.821,558.486,-13.8626375,498.98624,28.731522,151.37968
530,1118936071300,5,-13.821,558.486,-11.805008,481.88745,28.451584,147.99254
530,1118936073700,1,-14.322,557.987,-13.18565,537.6674,28.94367,144.14705
530,1118936073700,3,-13.821,558.486,-10.856131,484.88995,28.731522,151.37968
530,1118936073700,5,-13.821,558.486,-8.734182,473.0871,28.451584,147.99254
530,1118936075600,1,-13.821,558.486,-13.18565,538.92053,28.94367,144.14705
530,1118936075600,3,-13.821,558.486,-12.497288,514.1504,28.731522,151.37968
530,1118936075600,5,-13.821,558.486,-8.558205,500.97394,28.451584,147.99254
530,1118936078400,1,-13.821,558.486,-13.123246,541.62244,28.94367,144.14705
530,1118936078400,3,-13.821,558.486,-11.707875,529.03076,28.731522,151.37968
530,1118936078400,5,-13.821,558.486,-8.396619,500.69223,28.451584,147.99254
530,1118936081300,1,-13.821,558.486,-13.212342,562.3039,28.94367,144.14705
530,1118936081300,3,-13.821,558.486,-13.396028,543.5881,28.731522,151.37968
530,1118936081300,5,-13.821,558.486,-11.289023,514.0524,28.451584,147.99254
530,1118936081600,1,-13.821,558.486,-13.242634,562.3039,28.94367,144.14705
530,1118936081600,3,-13.821,558.486,-13.396028,549.2076,28.731522,151.37968
530,1118936081600,5,-13.821,558.486,-11.876015,533.9352,28.451584,147.99254
530,1118936086200,1,-13.821,558.486,-13.242634,562.3039,28.94367,144.14705
530,1118936086200,3,-13.821,558.486,-13.43215,553.6041,28.731522,151.37968
530,1118936086200,5,-13.821,558.486,-12.438553,528.08704,28.451584,147.99254
530,1118936088300,1,-13.821,558.486,-13.242634,565.03546,28.94367,144.14705
530,1118936088300,3,-13.821,558.486,-13.327736,555.9969,28.731522,151.37968
530,1118936088300,5,-13.821,558.486,-12.455617,528.70715,28.451584,147.99254
530,1118936093600,1,-13.821,558.486,-13.242634,565.03546,28.94367,144.14705
530,1118936093600,3,-13.821,558.486,-12.055908,553.0293,28.731522,151.37968
530,1118936093600,5,-13.821,558.486,-8.825101,531.21796,28.451584,147.99254
530,1118936093700,1,-13.821,558.486,-13.242634,565.03546,28.94367,144.14705
530,1118936093700,3,-13.821,558.486,-11.850656,555.9969,28.731522,151.37968
530,1118936093700,5,-13.821,558.486,-8.7090845,535.7391,28.451584,147.99254
530,1118936094500,1,-13.821,558.486,-13.242634,565.03546,28.94367,144.14705
530,1118936094500,3,-13.821,558.486,-11.814533,555.9969,28.731522,151.37968
530,1118936094500,5,-13.821,558.486,-8.327315,531.21796,28.451584,147.99254
530,1118936095600,1,-13.821,558.486,-13.242634,565.03546,28.94367,144.14705
530,1118936095600,3,-13.821,558.486,-11.758165,555.9969,28.731522,151.37968
530,1118936095600,5,-13.821,558.486,-8.327315,532.40137,28.451584,147.99254
530,1118936100700,1,-13.821,558.486,-13.242634,565.03546,28.94367,144.14705
530,1118936100700,3,-13.821,558.486,-11.758165,555.9969,28.731522,151.37968
530,1118936100700,5,-13.821,558.486,-8.327315,532.40137,28.451584,147.99254
530,1118936102300,1,-13.821,558.486,-13.242634,565.03546,28.94367,144.14705
530,1118936102300,3,-13.821,558.486,-11.758165,555.9969,28.731522,151.37968
530,1118936102300,5,-13.821,558.486,-8.327315,532.40137,28.451584,147.99254
530,1118936104200,1,-13.821,558.486,-13.242634,565.03546,28.94367,144.14705
530,1118936104200,3,-13.821,558.486,-11.758165,555.9969,28.731522,151.37968
530,1118936104200,5,-13.821,558.486,-8.327315,532.40137,28.451584,147.99254
530,1118936107400,1,-13.821,558.486,-13.242634,565.03546,28.94367,144.14705
530,1118936107400,3,-13.821,558.486,-11.758165,555.9969,28.731522,151.37968
530,1118936107400,5,-13.821,558.486,-8.327315,532.40137,28.451584,147.99254
530,1118936108100,1,-13.821,558.486,-13.242634,565.03546,28.94367,144.14705
530,1118936108100,3,-13.821,558.486,-11.758165,555.9969,28.731522,151.37968
530,1118936108100,5,-13.821,558.486,-8.327315,532.40137,28.451584,147.99254
530,1118936109900,1,-13.821,558.486,-13.242634,565.03546,28.94367,144.14705
530,1118936109900,3,-13.821,558.486,-11.758165,555.9969,28.731522,151.37968
530,1118936109900,5,-13.821,558.486,-8.327315,532.40137,28.451584,147.99254
530,1118936112300,1,-13.821,558.486,-13.242634,565.03546,28.94367,144.14705
530,1118936112300,3,-13.821,558.486,-11.758165,555.9969,28.731522,151.37968
530,1118936112300,5,-13.821,558.486,-8.327315,532.40137,28.451584,147.99254
530,1118936114700,1,-13.821,558.486,-13.242634,565.03546,28.94367,144.14705
530,1118936114700,3,-13.821,558.486,-11.758165,555.9969,28.731522,151.37968
530,1118936114700,5,-13.821,558.486,-8.327315,532.40137,28.451584,147.99254
530,1118936115300,1,-13.821,558.486,-13.242634,565.03546,28.94367,144.14705
530,1118936115300,3,-13.821,558.486,-11.758165,555.9969,28.731522,151.37968
530,1118936115300,5,-13.821,558.486,-8.327315,532.40137,28.451584,147.99254
530,1118936117400,1,-13.821,558.486,-13.242634,565.03546,28.94367,144.14705
530,1118936117400,3,-13.821,558.486,-11.758165,555.9969,28.731522,151.37968
530,1118936117400,5,-13.821,558.486,-8.327315,532.40137,28.451584,147.99254
530,1118936119100,1,-13.821,558.486,-13.242634,565.03546,28.94367,144.14705
530,1118936119100,3,-13.821,558.486,-11.758165,555.9969,28.731522,151.37968
530,1118936119100,5,-13.821,558.486,-8.327315,532.40137,28.451584,147.99254
530,1118936120100,1,-13.821,558.486,-13.242634,565.03546,28.94367,144.14705
530,1118936120100,3,-13.821,558.486,-11.758165,555.9969,28.731522,151.37968
530,1118936120100,5,-13.821,558.486,-8.327315,532.40137,28.451584,147.99254
530,1118936121600,1,-13.821,558.486,-13.242634,565.03546,28.94367,144.14705
530,1118936121600,3,-13.821,558.486,-11.758165,555.9969,28.731522,151.37968
530,1118936121600,5,-13.821,558.486,-8.327315,532.40137,28.451584,147.99254
530,1118936122200,1,-13.821,558.486,-13.242634,565.03546,28.94367,144.14705
530,1118936122200,3,-13.821,558.486,-11.758165,555.9969,28.731522,151.37968
530,1118936122200,5,-13.821,558.486,-8.327315,532.40137,28.451584,147.99254
530,1118936122500,1,-13.821,558.486,-13.242634,565.03546,28.94367,144.14705
530,1118936122500,3,-13.821,558.486,-11.758165,555.9969,28.731522,151.37968
530,1118936122500,5,-13.821,558.486,-8.327315,532.40137,28.451584,147.99254
530,1118936125600,1,-13.821,558.486,-13.242634,565.03546,28.94367,144.14705
530,1118936125600,3,-13.821,558.486,-11.758165,555.9969,28.731522,151.37968
530,1118936125600,5,-13.821,558.486,-8.327315,532.40137,28.451584,147.99254
530,1118936127900,1,-13.821,558.486,-13.242634,565.03546,28.94367,144.14705
530,1118936127900,3,-13.821,558.486,-11.758165,555.9969,28.731522,151.37968
530,1118936127900,5,-13.821,558.486,-8.327315,532.40137,28.451584,147.99254
530,1118936128300,1,-13.821,558.486,-13.242634,565.03546,28.94367,144.14705
530,1118936128300,3,-13.821,558.486,-11.758165,555.9969,28.731522,151.37968
530,1118936128300,5,-13.821,558.486,-8.327315,532.40137,28.451584,147.99254
530,1118936131300,1,-13.821,558.486,-13.242634,565.03546,28.94367,144.14705
530,1118936131300,3,-13.821,558.486,-11.758165,555.9969,28.731522,151.37968
530,1118936131300,5,-13.821,558.486,-8.327315,532.40137,28.451584,147.99254
530,1118936132100,1,-13.821,558.486,-13.242634,565.03546,28.94367,144.14705
530,1118936132100,3,-13.821,558.486,-11.758165,555.9969,28.731522,151.37968
530,1118936132100,5,-13.819,558.489,-8.327315,532.40137,28.451584,147.99254
530,1118936132800,1,-13.821,558.486,-13.242634,565.03546,28.94367,144.14705
530,1118936132800,3,-13.821,558.486,-11.758165,555.9969,28.731522,151.37968
530,1118936132800,5,-14.159,557.483,-8.327315,532.40137,28.451584,147.99254
530,1118936135100,1,-13.821,558.486,-13.242634,565.03546,28.94367,144.14705
530,1118936135100,3,-13.819,558.489,-11.758165,555.9969,28.731522,151.37968
530,1118936135100,5,-14.159,557.483,-8.327315,532.40137,28.451584,147.99254
530,1118936136100,1,-13.821,558.486,-13.242634,565.03546,28.94367,144.14705
530,1118936136100,3,-14.159,557.483,-11.758165,555.9969,28.731522,151.37968
530,1118936136100,5,20.869,409.258,-8.327315,532.40137,28.451584,147.99254
530,1118936136200,1,-13.819,558.489,-13.242634,565.03546,28.94367,144.14705
530,1118936136200,3,-14.159,557.483,-11.758165,555.9969,28.731522,151.37968
530,1118936136200,5,75.199,394.004,-8.327315,532.40137,28.451584,147.99254
530,1118936138200,1,-14.159,557.483,-13.242634,565.03546,28.94367,144.14705
530,1118936138200,3,20.869,409.258,-11.758165,555.9969,28.731522,151.37968
530,1118936138200,5,16.568,18.083,-8.327315,532.40137,28.451584,147.99254
530,1118936139900,1,-14.159,557.483,-13.396644,565.03546,28.94367,144.14705
530,1118936139900,3,75.199,394.004,-11.78828,550.29034,28.731522,151.37968
530,1118936139900,5,16.778,32.489,-8.327315,531.9759,28.451584,147.99254
530,1118936141600,1,20.869,409.258,-13.3050375,544.354,28.94367,144.14705
530,1118936141600,3,16.568,18.083,-11.758165,542.71436,28.731522,151.37968
530,1118936141600,5,33.312,144.372,-8.327315,517.4046,28.451584,147.99254
530,1118936149100,1,75.199,394.004,9.265602,419.0352,28.94367,144.14705
530,1118936149100,3,16.778,32.489,5.451137,399.48572,28.731522,151.37968
530,1118936149100,5,34.413,165.183,9.778804,399.47247,28.451584,147.99254
530,1118936150900,1,16.568,18.083,64.80438,312.1263,28.94367,144.14705
530,1118936150900,3,33.312,144.372,68.351395,272.06497,28.731522,151.37968
530,1118936150900,5,34.818,172.99,67.51949,315.45828,28.451584,147.99254
530,1118936983700,1,16.778,32.489,17.37675,141.81902,28.940514,143.92526
530,1118936983700,3,34.413,165.183,19.014439,171.1125,28.729422,151.36798
530,1118936983700,5,35.51,184.625,17.584156,235.2239,28.450378,147.98637
530,1118936984700,1,33.312,144.372,18.188663,150.8234,28.94148,144.10036
530,1118936984700,3,34.818,172.99,18.886187,197.35098,28.731281,151.37833
530,1118936984700,5,38.566,235.343,16.883905,274.13095,28.45139,147.99126
530,1118936990500,1,34.413,165.183,33.024788,188.6949,28.942797,144.14262
530,1118936990500,3,35.51,184.625,29.211565,221.5701,28.731522,151.37967
530,1118936990500,5,39.038,286.158,29.02151,344.12082,28.451582,147.99254
530,1118936991300,1,34.818,172.99,32.51162,225.83878,28.94347,144.14601
530,1118936991300,3,38.566,235.343,31.793621,330.98145,28.731522,151.37967
530,1118936991300,5,39.032,288.98,34.786938,476.38257,28.451584,147.99254
530,1118936991600,1,35.51,184.625,33.789913,229.86328,28.943617,144.14676
530,1118936991600,3,39.038,286.158,33.009125,388.81516,28.731522,151.37968
530,1118936991600,5,25.085,540.156,35.97291,498.78424,28.451584,147.99254
530,1118936992100,1,38.566,235.343,35.41733,262.61157,28.94365,144.14694
530,1118936992100,3,39.032,288.98,34.66831,414.71735,28.731522,151.37968
530,1118936992100,5,25.213,619.217,35.185707,452.95346,28.451584,147.99254
530,1118936994300,1,39.038,286.158,40.28975,270.2038,28.94366,144.14702
530,1118936994300,3,25.085,540.156,39.284946,388.92014,28.73152,151.37967
530,1118936994300,5,38.198,843.529,39.490788,472.61588,28.451584,147.99254
530,1118936996200,1,39.032,288.98,39.46974,349.2416,28.94366,144.14702
530,1118936996200,3,25.213,619.217,39.526676,461.58868,28.731516,151.37964
530,1118936996200,5,40.239,859.227,39.044872,555.68024,28.451578,147.99252
530,1118936996300,1,25.085,540.156,39.398224,353.40234,28.943666,144.14703
530,1118936996300,3,38.198,843.529,39.47606,460.39383,28.73152,151.37967
530,1118936996300,5,40.244,859.332,39.27738,565.61365,28.451582,147.99254
530,1118937005800,1,25.213,619.217,23.399982,582.1612,28.94367,144.14705
530,1118937005800,3,40.239,859.227,24.57773,695.6746,28.731522,151.37968
530,1118937005800,5,40.239,859.226,25.399097,788.7773,28.451584,147.99254
530,1118937008900,1,38.198,843.529,23.716667,669.92957,28.94367,144.14705
530,1118937008900,3,40.244,859.332,25.317335,779.85596,28.731522,151.37968
530,1118937008900,5,40.238,859.216,25.426544,892.65045,28.451584,147.99254
530,1118937018700,1,40.239,859.227,39.30127,899.46124,28.94367,144.14705
530,1118937018700,3,40.239,859.226,38.666515,948.02545,28.731522,151.37968
530,1118937018700,5,40.418,864.748,38.506115,1020.7323,28.451584,147.99254
530,1118937022500,1,40.244,859.332,40.23933,872.1019,28.94367,144.14705
530,1118937022500,3,40.238,859.216,40.027283,901.62225,28.731522,151.37968
530,1118937022500,5,40.453,865.018,39.839535,880.5888,28.451584,147.99254
530,1118937027000,1,40.239,859.226,40.19899,875.93585,28.94367,144.14705
530,1118937027000,3,40.418,864.748,39.99672,899.3608,28.731522,151.37968
530,1118937027000,5,50.748,946.522,40.081116,889.55414,28.451584,147.99254
530,1118937031600,1,40.238,859.216,40.245586,871.59143,28.94367,144.14705
530,1118937031600,3,40.453,865.018,40.05926,890.5982,28.731522,151.37968
530,1118937031600,5,49.566,973.129,39.923687,890.6962,28.451584,147.99254
530,1118937036100,1,40.418,864.748,40.22947,328.84286,28.94367,144.14705
530,1118937036100,3,50.748,946.522,40.11563,885.99396,28.731522,151.37968
530,1118937036100,5,50.648,986.653,39.930267,870.1308,28.451584,147.99254
530,1118937040200,1,40.453,865.018,40.54667,865.98834,28.94367,144.14705
530,1118937040200,3,49.566,973.129,40.152004,896.9765,28.731522,151.37968
530,1118937040200,5,45.709,1033.731,40.095367,909.797,28.451584,147.99254
530,1118937040300,1,50.748,946.522,40.637318,867.92303,28.94367,144.14705
530,1118937040300,3,50.648,986.653,40.34043,893.8523,28.731522,151.37968
530,1118937040300,5,40.954,1075.538,40.098316,924.9784,28.451584,147.99254
530,1118937045800,1,49.566,973.129,51.821926,963.5053,28.94367,144.14705
530,1118937045800,3,45.709,1033.731,51.900917,996.0286,28.731522,151.37968
530,1118937045800,5,38.371,1086.6,52.172497,1065.4769,28.451584,147.99254
530,1118937048800,1,50.648,986.653,50.89646,985.6885,28.94367,144.14705
530,1118937048800,3,40.954,1075.538,51.62547,1003.22894,28.731522,151.37968
530,1118937048800,5,37.25,1276.664,52.174675,1050.564,28.451584,147.99254
530,1118937049900,1,45.709,1033.731,51.821926,1001.6122,28.94367,144.14705
530,1118937049900,3,38.371,1086.6,51.917347,1028.2367,28.731522,151.37968
530,1118937049900,5,42.104,1315.988,52.174675,1086.2891,28.451584,147.99254
530,1118937050700,1,40.954,1075.538,39.234505,1096.9528,28.94367,144.14705
530,1118937050700,3,37.25,1276.664,38.539585,1127.4144,28.731522,151.37968
530,1118937050700,5,41.35,1341.15,39.884407,1192.5818,28.451584,147.99254
530,1118937052200,1,38.371,1086.6,39.57538,1096.5587,28.94367,144.14705
530,1118937052200,3,42.104,1315.988,40.14103,1211.3013,28.731522,151.37968
530,1118937052200,5,52.435,1439.478,40.5136,1246.8904,28.451584,147.99254
530,1118937052600,1,37.25,1276.664,37.06057,1123.2153,28.94367,144.14705
530,1118937052600,3,41.35,1341.15,37.272587,1202.6058,28.731522,151.37968
530,1118937052600,5,67.061,1492.087,35.270195,1324.2227,28.451584,147.99254
547,1118936027900,1,28.602,169.064,18.766214,90.400536,28.944195,144.1424
547,1118936027900,3,36.391,221.353,19.490192,163.17375,28.731491,151.37953
547,1118936027900,5,37.246,226.453,20.010937,319.24173,28.451565,147.99243
547,1118936032000,1,31.924,190.368,30.316158,-273.3658,28.94367,144.14705
547,1118936032000,3,36.45,222.539,27.71906,376.1237,28.731522,151.37968
547,1118936032000,5,37.246,226.453,28.843985,430.14014,28.451584,147.99254
547,1118936033100,1,36.391,221.353,32.331055,214.8357,28.943668,144.14705
547,1118936033100,3,37.246,226.453,29.722515,287.20166,28.731522,151.37968
547,1118936033100,5,37.246,226.453,30.036268,409.79147,28.451584,147.99254
547,1118936035700,1,36.45,222.539,37.54101,253.38724,28.94367,144.14705
547,1118936035700,3,37.246,226.453,35.65773,347.66772,28.731522,151.37968
547,1118936035700,5,37.246,226.453,36.820126,377.89304,28.451584,147.99254
547,1118936035900,1,37.246,226.453,36.422653,250.08652,28.94367,144.14705
547,1118936035900,3,37.246,226.453,36.027443,298.06985,28.731522,151.37968
547,1118936035900,5,37.246,226.453,36.50913,342.38614,28.451584,147.99254
547,1118936039900,1,37.246,226.453,36.460506,253.09457,28.94367,144.14705
547,1118936039900,3,37.246,226.453,35.386566,314.54416,28.731522,151.37968
547,1118936039900,5,37.246,226.453,36.388214,344.77585,28.451584,147.99254
547,1118936042100,1,37.246,226.453,36.40015,251.52797,28.94367,144.14705
547,1118936042100,3,37.246,226.453,35.03696,301.17554,28.731522,151.37968
547,1118936042100,5,37.246,226.453,36.297596,342.6365,28.451584,147.99254
547,1118936042200,1,37.246,226.453,36.271168,248.70628,28.943668,144.14705
547,1118936042200,3,37.246,226.453,34.703545,287.65613,28.731522,151.37968
547,1118936042200,5,37.246,226.453,35.81849,333.20862,28.451584,147.99254
547,1118936042800,1,37.246,226.453,36.255047,248.18336,28.94367,144.14705
547,1118936042800,3,37.246,226.453,34.72589,284.68857,28.731522,151.37968
547,1118936042800,5,37.384,228.447,35.81849,328.59268,28.451584,147.99254
547,1118936043400,1,37.246,226.453,36.255047,248.18336,28.94367,144.14705
547,1118936043400,3,37.246,226.453,34.800594,282.8256,28.731522,151.37968
547,1118936043400,5,37.384,228.447,35.81849,326.69144,28.451584,147.99254
547,1118936044000,1,37.246,226.453,36.255047,248.18336,28.94367,144.14705
547,1118936044000,3,37.384,228.447,34.800594,282.8256,28.731522,151.37968
547,1118936044000,5,37.384,228.447,35.865303,331.6671,28.451584,147.99254
547,1118936044600,1,37.246,226.453,36.255047,248.18336,28.94367,144.14705
547,1118936044600,3,37.384,228.447,34.800594,282.8256,28.731522,151.37968
547,1118936044600,5,37.384,228.447,35.981316,334.17792,28.451584,147.99254
547,1118936044900,1,37.384,228.447,36.255047,248.18336,28.94367,144.14705
547,1118936044900,3,37.384,228.447,34.836716,285.79315,28.731522,151.37968
547,1118936044900,5,37.384,228.447,35.983498,334.17792,28.451584,147.99254
547,1118936049700,1,37.384,228.447,36.255047,248.18336,28.94367,144.14705
547,1118936049700,3,37.384,228.447,34.96077,285.79315,28.731522,151.37968
547,1118936049700,5,37.384,228.447,35.624832,338.58475,28.451584,147.99254
547,1118936049800,1,37.384,228.447,36.174095,248.18336,28.94367,144.14705
547,1118936049800,3,37.384,228.447,34.893085,285.79315,28.731522,151.37968
547,1118936049800,5,37.384,228.447,36.143105,338.58475,28.451584,147.99254
547,1118936053500,1,37.384,228.447,36.271168,248.18336,28.94367,144.14705
547,1118936053500,3,37.384,228.447,34.893085,285.79315,28.731522,151.37968
547,1118936053500,5,37.384,228.447,35.983498,338.58475,28.451584,147.99254
547,1118936054100,1,37.384,228.447,36.255047,248.18336,28.94367,144.14705
547,1118936054100,3,37.384,228.447,34.893085,285.79315,28.731522,151.37968
547,1118936054100,5,37.384,228.447,35.983498,338.58475,28.451584,147.99254
547,1118936057200,1,37.384,228.447,36.255047,248.18336,28.94367,144.14705
547,1118936057200,3,37.384,228.447,34.893085,285.79315,28.731522,151.37968
547,1118936057200,5,37.384,228.447,35.983498,338.58475,28.451584,147.99254
547,1118936058400,1,37.384,228.447,36.255047,248.18336,28.94367,144.14705
547,1118936058400,3,37.384,228.447,34.893085,285.79315,28.731522,151.37968
547,1118936058400,5,37.384,228.447,35.983498,338.58475,28.451584,147.99254
547,1118936058500,1,37.384,228.447,36.255047,248.18336,28.94367,144.14705
547,1118936058500,3,37.384,228.447,34.893085,285.79315,28.731522,151.37968
547,1118936058500,5,37.384,228.447,36.020042,338.58475,28.451584,147.99254
547,1118936059700,1,37.384,228.447,36.255047,248.18336,28.94367,144.14705
547,1118936059700,3,37.384,228.447,34.893085,285.79315,28.731522,151.37968
547,1118936059700,5,37.384,228.447,35.983498,341.92242,28.451584,147.99254
547,1118936060400,1,37.384,228.447,36.255047,248.18336,28.94367,144.14705
547,1118936060400,3,37.384,228.447,34.893085,285.79315,28.731522,151.37968
547,1118936060400,5,37.384,228.447,35.983498,338.58475,28.451584,147.99254
547,1118936061100,1,37.384,228.447,36.255047,248.18336,28.94367,144.14705
547,1118936061100,3,37.384,228.447,34.893085,285.79315,28.731522,151.37968
547,1118936061100,5,37.384,228.447,35.983498,338.58475,28.451584,147.99254
547,1118936064300,1,37.384,228.447,36.255047,248.18336,28.94367,144.14705
547,1118936064300,3,37.384,228.447,34.893085,285.79315,28.731522,151.37968
547,1118936064300,5,37.383,228.429,35.983498,338.58475,28.451584,147.99254
547,1118936064500,1,37.384,228.447,36.255047,248.18336,28.94367,144.14705
547,1118936064500,3,37.384,228.447,34.893085,285.79315,28.731522,151.37968
547,1118936064500,5,37.488,229.942,35.983498,338.58475,28.451584,147.99254
547,1118936065900,1,37.384,228.447,36.255047,248.18336,28.94367,144.14705
547,1118936065900,3,37.383,228.429,34.893085,285.79315,28.731522,151.37968
547,1118936065900,5,38.891,242.721,35.983498,338.58475,28.451584,147.99254
547,1118936066700,1,37.384,228.447,36.255047,248.18336,28.94367,144.14705
547,1118936066700,3,37.488,229.942,34.893085,285.79315,28.731522,151.37968
547,1118936066700,5,40.057,309.548,35.983498,338.58475,28.451584,147.99254
547,1118936066900,1,37.383,228.429,36.255047,248.18336,28.94367,144.14705
547,1118936066900,3,38.891,242.721,34.893085,285.79315,28.731522,151.37968
547,1118936066900,5,40.29,333.155,35.983498,338.58475,28.451584,147.99254
547,1118936068100,1,37.488,229.942,36.255047,248.18336,28.94367,144.14705
547,1118936068100,3,40.057,309.548,34.893085,285.79315,28.731522,151.37968
547,1118936068100,5,38.586,363.496,35.983498,338.58475,28.451584,147.99254
547,1118936069400,1,38.891,242.721,36.315407,243.81282,28.94367,144.14705
547,1118936069400,3,40.29,333.155,34.96077,288.81085,28.731522,151.37968
547,1118936069400,5,36.419,382.65,35.624832,327.08533,28.451584,147.99254
547,1118936074100,1,40.057,309.548,39.257908,254.92033,28.94367,144.14705
547,1118936074100,3,38.586,363.496,39.165436,303.0686,28.731522,151.37968
547,1118936074100,5,25.957,484.54,39.448296,324.37375,28.451584,147.99254
547,1118936077300,1,40.29,333.155,40.33624,342.33646,28.94367,144.14705
547,1118936077300,3,36.419,382.65,40.571774,430.01367,28.731522,151.37968
547,1118936077300,5,25.674,491.88,40.37371,519.85443,28.451584,147.99254
547,1118936078300,1,38.586,363.496,40.33624,355.56482,28.94367,144.14705
547,1118936078300,3,25.957,484.54,40.377296,443.31842,28.731522,151.37968
547,1118936078300,5,25.604,514.38,40.37371,538.8745,28.451584,147.99254
547,1118936079300,1,36.419,382.65,38.591206,410.05865,28.94367,144.14705
547,1118936079300,3,25.674,491.88,38.02047,505.98572,28.731522,151.37968
547,1118936079300,5,24.687,602.694,38.822792,652.92847,28.451584,147.99254
547,1118936080000,1,25.957,484.54,34.816555,428.49246,28.94367,144.14705
547,1118936080000,3,25.604,514.38,34.027485,519.27155,28.731522,151.37968
547,1118936080000,5,24.241,627.444,34.792355,634.158,28.451584,147.99254
547,1118936083300,1,25.674,491.88,24.421915,548.8158,28.94367,144.14705
547,1118936083300,3,24.687,602.694,24.705105,669.5216,28.731522,151.37968
547,1118936083300,5,50.409,969.509,25.244772,823.2357,28.451584,147.99254
547,1118936083500,1,25.604,514.38,25.544733,564.5382,28.94367,144.14705
547,1118936083500,3,24.241,627.444,24.405315,686.38257,28.731522,151.37968
547,1118936083500,5,50.676,974.564,24.735027,839.2501,28.451584,147.99254
547,1118936084100,1,24.687,602.694,25.830242,592.1452,28.94367,144.14705
547,1118936084100,3,50.409,969.509,24.990553,712.0195,28.731522,151.37968
547,1118936084100,5,51.35,996.482,25.365866,851.3712,28.451584,147.99254
547,1118936086300,1,24.241,627.444,23.528154,677.9872,28.94367,144.14705
547,1118936086300,3,50.676,974.564,24.87978,818.9994,28.731522,151.37968
547,1118936086300,5,50.223,1011.224,25.324682,972.07666,28.451584,147.99254
547,1118936086900,1,50.409,969.509,23.462307,691.436,28.94367,144.14705
547,1118936086900,3,51.35,996.482,24.90497,841.45953,28.731522,151.37968
547,1118936086900,5,36.761,1093.773,25.273472,978.7348,28.451584,147.99254
547,1118936093700,1,50.676,974.564,51.725018,1036.248,28.94367,144.14705
547,1118936093700,3,50.223,1011.224,51.01613,1227.3455,28.731522,151.37968
547,1118936093700,5,35.753,1104.153,49.76615,1309.3584,28.451584,147.99254
547,1118936093800,1,51.35,996.482,51.725018,1054.682,28.94367,144.14705
547,1118936093800,3,36.761,1093.773,51.359276,1222.2505,28.731522,151.37968
547,1118936093800,5,35.934,1107.953,49.893303,1296.6772,28.451584,147.99254
547,1118936094300,1,50.223,1011.224,51.95982,1077.4603,28.94367,144.14705
547,1118936094300,3,35.753,1104.153,52.161892,1222.2236,28.731522,151.37968
547,1118936094300,5,39.922,1272.72,51.240196,1299.1014,28.451584,147.99254
547,1118936094600,1,36.761,1093.773,49.61441,1075.0414,28.94367,144.14705
547,1118936094600,3,35.934,1107.953,50.61032,1237.2656,28.731522,151.37968
547,1118936094600,5,38.864,1288.138,49.831905,1328.3162,28.451584,147.99254
547,1118936096100,1,35.753,1104.153,34.5816,1174.4049,28.94367,144.14705
547,1118936096100,3,39.922,1272.72,33.8578,1292.0408,28.731522,151.37968
547,1118936096100,5,43.456,1383.753,33.357906,1192.299,28.451584,147.99254
547,1118936096400,1,35.934,1107.953,32.80591,1180.0334,28.94367,144.14705
547,1118936096400,3,38.864,1288.138,32.87839,1279.979,28.731522,151.37968
547,1118936096400,5,46.464,1402.442,33.723763,1333.1208,28.451584,147.99254
547,1118936096500,1,39.922,1272.72,34.65881,1177.5399,28.94367,144.14705
547,1118936096500,3,43.456,1383.753,33.46094,1300.7733,28.731522,151.37968
547,1118936096500,5,63.184,1490.072,33.433372,1434.9071,28.451584,147.99254
547,1118936099600,1,38.864,1288.138,40.577393,1329.6302,28.94367,144.14705
547,1118936099600,3,46.464,1402.442,36.851467,1491.2946,28.731522,151.37968
547,1118936099600,5,63.178,1490.172,38.65342,1426.7362,28.451584,147.99254
547,1118936100100,1,43.456,1383.753,38.448044,1346.2441,28.94367,144.14705
547,1118936100100,3,63.184,1490.072,37.854862,1428.2877,28.731522,151.37968
547,1118936100100,5,63.15,1490.612,38.365112,1635.0052,28.451584,147.99254
547,1118936103500,1,46.464,1402.442,43.149784,1431.5314,28.94367,144.14705
547,1118936103500,3,63.178,1490.172,42.336224,1494.8629,28.731522,151.37968
547,1118936103500,5,63.124,1491.033,41.234753,1492.8708,28.451584,147.99254
547,1118936104200,1,63.184,1490.072,43.149784,1389.9211,28.94367,144.14705
547,1118936104200,3,63.15,1490.612,42.08256,1532.343,28.731522,151.37968
547,1118936104200,5,63.101,1491.393,42.118885,1357.6486,28.451584,147.99254
547,1118936113900,1,63.178,1490.172,62.58798,1499.7314,28.94367,144.14705
547,1118936113900,3,63.124,1491.033,60.689095,1531.3915,28.731522,151.37968
547,1118936113900,5,63.084,1491.653,48.57492,1537.499,28.451584,147.99254
547,1118936114400,1,63.15,1490.612,62.75183,1470.1547,28.94367,144.14705
547,1118936114400,3,63.101,1491.393,61.097878,1447.5883,28.731522,151.37968
547,1118936114400,5,63.053,1492.134,49.313637,1284.6887,28.451584,147.99254
547,1118936116600,1,63.124,1491.033,63.04702,1462.0312,28.94367,144.14705
547,1118936116600,3,63.084,1491.653,61.092617,1464.6409,28.731522,151.37968
547,1118936116600,5,62.981,1493.295,49.6566,1203.1208,28.451584,147.99254
547,1118936118700,1,63.101,1491.393,63.233494,1454.7567,28.94367,144.14705
547,1118936118700,3,63.053,1492.134,61.10783,1408.7522,28.731522,151.37968
547,1118936118700,5,62.977,1493.334,49.831856,1262.2343,28.451584,147.99254
547,1118936120500,1,63.084,1491.653,63.074844,1456.9596,28.94367,144.14705
547,1118936120500,3,62.981,1493.295,61.148987,1336.2991,28.731522,151.37968
547,1118936120500,5,65.707,1508.917,49.921547,1288.1075,28.451584,147.99254
547,1118936121800,1,63.053,1492.134,63.074844,1456.9596,28.94367,144.14705
547,1118936121800,3,62.977,1493.334,61.821186,1333.7096,28.731522,151.37968
547,1118936121800,5,63.761,1528.118,50.80868,1281.6294,28.451584,147.99254
547,1118936124200,1,62.981,1493.295,63.074844,1456.9596,28.94367,144.14705
547,1118936124200,3,65.707,1508.917,62.413998,1344.6926,28.731522,151.37968
547,1118936124200,5,61.721,1544.664,50.924698,1278.9626,28.451584,147.99254
547,1118936130000,1,62.977,1493.334,63.28478,1456.9596,28.94367,144.14705
547,1118936130000,3,63.761,1528.118,62.713547,1336.3959,28.731522,151.37968
547,1118936130000,5,57.185,1569.725,51.90602,1228.6418,28.451584,147.99254
547,1118936130200,1,65.707,1508.917,63.28478,1456.9596,28.94367,144.14705
547,1118936130200,3,61.721,1544.664,62.769913,1338.9854,28.731522,151.37968
547,1118936130200,5,47.605,1598.486,51.90602,1229.8253,28.451584,147.99254
547,1118936132300,1,63.761,1528.118,65.640686,1463.1803,28.94367,144.14705
547,1118936132300,3,57.185,1569.725,63.506905,1330.2478,28.731522,151.37968
547,1118936132300,5,8.097,152.111,51.838448,1192.8284,28.451584,147.99254
547,1118936133300,1,61.721,1544.664,63.525154,1468.1404,28.94367,144.14705
547,1118936133300,3,47.605,1598.486,57.262817,1344.5944,28.731522,151.37968
547,1118936133300,5,8.816,184.698,51.148327,1205.3177,28.451584,147.99254
547,1118936134100,1,57.185,1569.725,61.847813,1475.3065,28.94367,144.14705
547,1118936134100,3,8.097,152.111,53.76244,1012.88904,28.731522,151.37968
547,1118936134100,5,10.13,242.681,51.120373,1158.083,28.451584,147.99254
547,1118936135100,1,47.605,1598.486,53.822983,1476.811,28.94367,144.14705
547,1118936135100,3,8.816,184.698,49.970516,862.4894,28.731522,151.37968
547,1118936135100,5,9.831,260.651,48.9739,1052.8987,28.451584,147.99254
547,1118936136500,1,8.097,152.111,45.972073,1468.4779,28.94367,144.14705
547,1118936136500,3,10.13,242.681,47.201767,893.859,28.731522,151.37968
547,1118936136500,5,8.858,344.327,45.10267,969.30597,28.451584,147.99254
547,1118936994600,1,8.816,184.698,9.57667,222.32437,28.943666,144.14705
547,1118936994600,3,9.831,260.651,9.023132,262.36618,28.731522,151.37968
547,1118936994600,5,8.846,344.434,10.256872,321.92288,28.451584,147.99254
547,1118936995500,1,10.13,242.681,8.636579,233.09004,28.943666,144.14705
547,1118936995500,3,8.858,344.327,9.981664,372.13385,28.731522,151.37968
547,1118936995500,5,8.781,345.023,8.465018,542.77057,28.451584,147.99254
547,1118936997100,1,9.831,260.651,10.976412,293.72293,28.94367,144.14705
547,1118936997100,3,8.846,344.434,10.156285,403.7316,28.731522,151.37968
547,1118936997100,5,8.775,345.081,10.774998,583.8113,28.451584,147.99254
547,1118936997600,1,8.858,344.327,10.000504,319.25482,28.94367,144.14705
547,1118936997600,3,8.781,345.023,10.276685,438.03186,28.731522,151.37968
547,1118936997600,5,8.771,345.121,10.029916,581.89905,28.451584,147.99254
547,1118937002500,1,8.846,344.434,9.237946,377.88513,28.94367,144.14705
547,1118937002500,3,8.775,345.081,10.462378,440.0563,28.731522,151.37968
547,1118937002500,5,8.683,345.916,10.256878,509.83005,28.451584,147.99254
547,1118937003800,1,8.781,345.023,9.318396,370.12875,28.94367,144.14705
547,1118937003800,3,8.771,345.121,10.18833,442.1516,28.731522,151.37968
547,1118937003800,5,8.635,346.343,9.548856,451.87527,28.451584,147.99254
547,1118937011000,1,8.775,345.081,9.238645,370.12875,28.94367,144.14705
547,1118937011000,3,8.683,345.916,9.747136,438.4684,28.731522,151.37968
547,1118937011000,5,8.634,346.356,7.85815,448.33902,28.451584,147.99254
547,1118937011700,1,8.771,345.121,9.222526,366.79663,28.94367,144.14705
547,1118937011700,3,8.635,346.343,9.72063,425.7233,28.731522,151.37968
547,1118937011700,5,8.588,346.781,7.798058,451.108,28.451584,147.99254
547,1118937012200,1,8.683,345.916,9.222526,365.94992,28.94367,144.14705
547,1118937012200,3,8.634,346.356,9.664262,418.84894,28.731522,151.37968
547,1118937012200,5,8.583,346.822,8.293663,440.53497,28.451584,147.99254
547,1118937021900,1,8.635,346.343,9.222526,376.10202,28.94367,144.14705
547,1118937021900,3,8.588,346.781,9.700385,415.0807,28.731522,151.37968
547,1118937021900,5,8.576,346.888,8.295844,443.04578,28.451584,147.99254
554,1118936037600,1,52.057,326.377,42.108932,217.02353,28.943678,144.14702
554,1118936037600,3,-30.027,1307.7,42.29304,337.41113,28.731522,151.37968
554,1118936037600,5,-27.5,1164.833,46.91103,458.96985,28.451584,147.99254
554,1118936043000,1,52.561,337.609,53.221893,404.99948,28.94367,144.14705
554,1118936043000,3,-27.106,1253.077,51.20037,559.3127,28.731522,151.37968
554,1118936043000,5,-27.427,1160.24,52.54024,592.74097,28.451584,147.99254
554,1118936043900,1,-30.027,1307.7,52.251472,347.77435,28.94367,144.14705
554,1118936043900,3,-27.5,1164.833,53.478107,432.4543,28.731522,151.37968
554,1118936043900,5,-28.677,1133.835,52.109207,463.2536,28.451584,147.99254
554,1118936999100,1,-27.106,1253.077,-11.538322,1291.3767,28.94367,144.14705
554,1118936999100,3,-27.427,1160.24,3.6284125,1468.8558,28.731522,151.37968
554,1118936999100,5,-28.796,1132.593,10.796096,1377.0355,28.451584,147.99254
554,1118937000200,1,-27.5,1164.833,-20.249123,1330.5195,28.94367,144.14705
554,1118937000200,3,-28.677,1133.835,-11.330963,1281.0787,28.731522,151.37968
554,1118937000200,5,-29.319,1121.786,-2.6066928,1334.4086,28.451584,147.99254
554,1118937002900,1,-27.427,1160.24,-22.33973,1087.6874,28.94367,144.14705
554,1118937002900,3,-28.796,1132.593,-19.12261,1089.7274,28.731522,151.37968
554,1118937002900,5,-29.241,1121.256,-17.964792,1202.4565,28.451584,147.99254
554,1118937003100,1,-28.677,1133.835,-24.459406,1126.2683,28.94367,144.14705
554,1118937003100,3,-29.319,1121.786,-16.961006,1045.593,28.731522,151.37968
554,1118937003100,5,-29.241,1121.256,-24.922245,1153.5603,28.451584,147.99254
554,1118937004800,1,-28.796,1132.593,-23.971952,1109.2489,28.94367,144.14705
554,1118937004800,3,-29.241,1121.256,-20.48534,1036.3912,28.731522,151.37968
554,1118937004800,5,-29.241,1121.256,-10.716146,1082.7699,28.451584,147.99254
554,1118937004900,1,-29.319,1121.786,-24.377085,1102.2852,28.94367,144.14705
554,1118937004900,3,-29.241,1121.256,-20.912418,1027.3612,28.731522,151.37968
554,1118937004900,5,-29.241,1121.256,1.806418,1104.932,28.451584,147.99254
554,1118937007200,1,-29.241,1121.256,-24.920546,1090.8666,28.94367,144.14705
554,1118937007200,3,-29.241,1121.256,-13.501163,995.58575,28.731522,151.37968
554,1118937007200,5,-29.241,1121.256,2.3925822,1030.3372,28.451584,147.99254
554,1118937010200,1,-29.241,1121.256,-26.079699,1087.2461,28.94367,144.14705
554,1118937010200,3,-29.241,1121.256,-19.55751,1038.7128,28.731522,151.37968
554,1118937010200,5,-29.241,1121.256,-13.436048,895.25684,28.451584,147.99254
554,1118937011200,1,-29.241,1121.256,-26.623169,1089.948,28.94367,144.14705
554,1118937011200,3,-29.241,1121.256,-23.379948,1051.0995,28.731522,151.37968
554,1118937011200,5,-29.241,1121.256,-20.970943,921.7608,28.451584,147.99254
554,1118937012600,1,-29.241,1121.256,-26.079699,1112.013,28.94367,144.14705
554,1118937012600,3,-29.241,1121.256,-23.578209,1057.7758,28.731522,151.37968
554,1118937012600,5,-29.241,1121.256,-23.872698,919.8422,28.451584,147.99254
554,1118937013900,1,-29.241,1121.256,-26.079699,1112.013,28.94367,144.14705
554,1118937013900,3,-29.241,1121.256,-22.649353,1060.4277,28.731522,151.37968
554,1118937013900,5,-29.241,1121.256,-21.035564,947.05853,28.451584,147.99254
554,1118937017300,1,-29.241,1121.256,-26.079699,1112.013,28.94367,144.14705
554,1118937017300,3,-29.241,1121.256,-18.152937,1067.7917,28.731522,151.37968
554,1118937017300,5,-29.206,1121.018,-14.811853,948.24194,28.451584,147.99254
554,1118937020300,1,-29.241,1121.256,-26.079699,1114.7445,28.94367,144.14705
554,1118937020300,3,-29.241,1121.256,-18.152937,1070.1846,28.731522,151.37968
554,1118937020300,5,-18.652,917.373,-14.811853,948.24194,28.451584,147.99254
554,1118937020500,1,-29.241,1121.256,-26.079699,1114.7445,28.94367,144.14705
554,1118937020500,3,-29.206,1121.018,-18.152937,1070.1846,28.731522,151.37968
554,1118937020500,5,-27.178,827.735,-14.453121,948.24194,28.451584,147.99254
554,1118937021900,1,-29.241,1121.256,-26.079699,1114.7445,28.94367,144.14705
554,1118937021900,3,-18.652,917.373,-17.592922,1070.1846,28.731522,151.37968
554,1118937021900,5,-30.959,791.877,-14.811853,951.57965,28.451584,147.99254
554,1118937026000,1,-29.206,1121.018,-26.079699,1114.7445,28.94367,144.14705
554,1118937026000,3,-27.178,827.735,-17.592922,1070.1846,28.731522,151.37968
554,1118937026000,5,-34.272,748.578,-14.432263,948.24194,28.451584,147.99254
554,1118937028700,1,-18.652,917.373,-26.079699,1114.7445,28.94367,144.14705
554,1118937028700,3,-30.959,791.877,-17.592922,1070.1846,28.731522,151.37968
554,1118937028700,5,-33.931,710.007,-14.432263,948.24194,28.451584,147.99254
554,1118937041900,1,-27.178,827.735,-14.428438,885.76526,28.94367,144.14705
554,1118937041900,3,-34.272,748.578,-15.557575,783.23175,28.731522,151.37968
554,1118937041900,5,-33.778,684.459,-9.019843,683.3138,28.451584,147.99254
554,1118937044300,1,-30.959,791.877,-26.01865,792.35754,28.94367,144.14705
554,1118937044300,3,-33.931,710.007,-20.82465,678.2831,28.731522,151.37968
554,1118937044300,5,-33.807,677.187,-15.977986,587.9262,28.451584,147.99254
554,1118937045300,1,-34.272,748.578,-26.927969,754.4477,28.94367,144.14705
554,1118937045300,3,-33.778,684.459,-18.190472,626.791,28.731522,151.37968
554,1118937045300,5,-33.746,673.444,-5.851489,528.71783,28.451584,147.99254
554,1118937046500,1,-33.931,710.007,3.1969798,559.487,28.94367,144.14705
554,1118937046500,3,-33.807,677.187,5.527196,580.2398,28.731522,151.37968
554,1118937046500,5,-33.18,644.366,6.2110257,486.75116,28.451584,147.99254
554,1118937048100,1,-33.778,684.459,3.9792569,545.575,28.94367,144.14705
554,1118937048100,3,-33.746,673.444,6.3367457,582.5488,28.731522,151.37968
554,1118937048100,5,-33.697,644.867,3.4687164,501.0028,28.451584,147.99254
554,1118937049900,1,-33.807,677.187,-0.004062284,521.06354,28.94367,144.14705
554,1118937049900,3,-33.18,644.366,0.9335792,563.6095,28.731522,151.37968
554,1118937049900,5,-33.889,645.054,-1.8774247,493.78876,28.451584,147.99254
554,1118937051400,1,-33.746,673.444,2.58597,525.6172,28.94367,144.14705
554,1118937051400,3,-33.697,644.867,2.8572025,571.0272,28.731522,151.37968
554,1118937051400,5,-34.449,609.513,14.672657,501.46423,28.451584,147.99254
554,1118937053000,1,-33.18,644.366,2.318976,526.8703,28.94367,144.14705
554,1118937053000,3,-33.889,645.054,2.7816684,574.0667,28.731522,151.37968
554,1118937053000,5,-34.451,489.176,12.670761,511.6407,28.451584,147.99254
554,1118937058300,1,-33.697,644.867,-1.1461732,503.741,28.94367,144.14705
554,1118937058300,3,-34.449,609.513,10.6248,553.5586,28.731522,151.37968
554,1118937058300,5,-34.276,485.704,-4.6602798,478.8111,28.451584,147.99254
554,1118937059100,1,-33.889,645.054,4.501124,491.84955,28.94367,144.14705
554,1118937059100,3,-34.451,489.176,19.436405,566.42365,28.731522,151.37968
554,1118937059100,5,-21.29,325.311,5.399837,496.35703,28.451584,147.99254
554,1118937059400,1,-34.449,609.513,4.7852693,502.36157,28.943668,144.14705
554,1118937059400,3,-34.276,485.704,17.9398,579.7061,28.731522,151.37968
554,1118937059400,5,-18.636,235.438,14.439529,513.82465,28.451584,147.99254
554,1118937062400,1,-34.451,489.176,5.213839,461.61603,28.94367,144.14705
554,1118937062400,3,-21.29,325.311,14.921485,555.45404,28.731522,151.37968
554,1118937062400,5,-18.697,228.403,25.734838,495.07068,28.451584,147.99254
554,1118937066500,1,-34.276,485.704,2.755376,319.5925,28.94367,144.14705
554,1118937066500,3,-18.636,235.438,16.816883,420.8774,28.731522,151.37968
554,1118937066500,5,-17.308,161.618,33.35322,442.49545,28.451584,147.99254
554,1118937066600,1,-21.29,325.311,2.0324101,321.81522,28.94367,144.14705
554,1118937066600,3,-18.697,228.403,16.466215,415.40424,28.731522,151.37968
554,1118937066600,5,-17.19,135.816,27.529997,436.1222,28.451584,147.99254
554,1118937071500,1,-18.636,235.438,-21.15574,306.10883,28.943668,144.14705
554,1118937071500,3,-17.308,161.618,-9.131179,278.6377,28.731522,151.37967
554,1118937071500,5,-17.142,114.891,5.933713,279.48758,28.451584,147.99254
610,1118936086900,1,33.674,164.379,33.230274,203.08502,28.94383,144.14622
610,1118936086900,3,25.473,490.214,31.462927,274.65738,28.73152,151.37968
610,1118936086900,5,25.917,527.369,34.36842,452.22452,28.451582,147.99254
610,1118936088500,1,25.83,463.019,31.448402,252.18956,28.94368,144.147
610,1118936088500,3,25.606,502.617,29.76699,318.43155,28.731522,151.37968
610,1118936088500,5,26.273,563.432,30.398184,498.57693,28.451584,147.99254
610,1118936096100,1,25.473,490.214,25.760937,538.3583,28.94367,144.14705
610,1118936096100,3,25.917,527.369,25.658207,655.3413,28.731522,151.37968
610,1118936096100,5,26.381,572.456,25.713303,804.84186,28.451584,147.99254
610,1118936096800,1,25.606,502.617,23.625061,569.7037,28.94367,144.14705
610,1118936096800,3,26.273,563.432,25.945116,705.4925,28.731522,151.37968
610,1118936096800,5,26.078,669.16,25.405872,892.0374,28.451584,147.99254
610,1118936097100,1,25.917,527.369,26.150728,567.5602,28.94367,144.14705
610,1118936097100,3,26.381,572.456,25.613234,714.5393,28.731522,151.37968
610,1118936097100,5,24.764,742.081,26.710554,858.26166,28.451584,147.99254
610,1118936097700,1,26.273,563.432,25.95995,595.38153,28.94367,144.14705
610,1118936097700,3,26.078,669.16,25.654657,751.0364,28.731522,151.37968
610,1118936097700,5,26.869,785.496,26.408083,872.3764,28.451584,147.99254
610,1118936098500,1,26.381,572.456,26.495073,634.7773,28.94367,144.14705
610,1118936098500,3,24.764,742.081,25.732018,775.6124,28.731522,151.37968
610,1118936098500,5,39.066,868.552,25.968424,884.9239,28.451584,147.99254
610,1118936098700,1,26.078,669.16,26.359993,641.7215,28.943668,144.14705
610,1118936098700,3,26.869,785.496,25.634052,773.90826,28.731522,151.37968
610,1118936098700,5,39.531,872.511,25.344648,880.9501,28.451584,147.99254
610,1118936101100,1,24.764,742.081,25.672907,738.7287,28.94367,144.14705
610,1118936101100,3,39.066,868.552,25.348963,901.1773,28.731522,151.37968
610,1118936101100,5,40.027,876.628,25.98187,1016.2436,28.451584,147.99254
610,1118936102600,1,26.869,785.496,23.462307,821.5989,28.94367,144.14705
610,1118936102600,3,39.531,872.511,25.622305,969.6761,28.731522,151.37968
610,1118936102600,5,47.61,945.608,25.610504,1089.3616,28.451584,147.99254
610,1118936103600,1,39.066,868.552,27.862705,861.1754,28.94367,144.14705
610,1118936103600,3,40.027,876.628,28.804974,1006.1472,28.731522,151.37968
610,1118936103600,5,50.718,989.018,28.322235,1132.4755,28.451584,147.99254
610,1118936105600,1,39.531,872.511,39.551846,722.1989,28.94367,144.14705
610,1118936105600,3,47.61,945.608,39.503887,1091.211,28.731522,151.37968
610,1118936105600,5,50.726,989.035,39.027603,1214.8588,28.451584,147.99254
610,1118936105700,1,40.027,876.628,39.893826,954.28656,28.94367,144.14705
610,1118936105700,3,50.718,989.018,39.975853,1083.1606,28.731522,151.37968
610,1118936105700,5,50.778,989.159,39.65232,1076.4847,28.451584,147.99254
610,1118936105800,1,47.61,945.608,40.681583,688.4356,28.94367,144.14705
610,1118936105800,3,50.726,989.035,40.294407,1077.8639,28.731522,151.37968
610,1118936105800,5,50.975,989.62,39.729214,1206.5144,28.451584,147.99254
610,1118936107300,1,50.718,989.018,47.210983,754.2449,28.94367,144.14705
610,1118936107300,3,50.778,989.159,50.291233,1118.3091,28.731522,151.37968
610,1118936107300,5,50.975,989.619,49.889492,1202.5901,28.451584,147.99254
610,1118936114400,1,50.726,989.035,51.40304,937.45624,28.94367,144.14705
610,1118936114400,3,50.975,989.62,51.861797,1027.9337,28.731522,151.37968
610,1118936114400,5,50.975,989.619,51.740402,1044.3784,28.451584,147.99254
610,1118936114500,1,50.778,989.159,51.40304,1002.67664,28.94367,144.14705
610,1118936114500,3,50.975,989.619,51.5491,1012.64197,28.731522,151.37968
610,1118936114500,5,50.975,989.619,52.01051,1061.4333,28.451584,147.99254
610,1118936115200,1,50.975,989.62,51.34268,996.6986,28.94367,144.14705
610,1118936115200,3,50.975,989.619,51.393135,976.1448,28.731522,151.37968
610,1118936115200,5,50.975,989.619,52.006466,1069.4437,28.451584,147.99254
610,1118936117900,1,50.975,989.619,51.32656,993.5531,28.94367,144.14705
610,1118936117900,3,50.975,989.619,51.399612,1014.952,28.731522,151.37968
610,1118936117900,5,50.975,989.619,51.698742,1062.6917,28.451584,147.99254
610,1118936121900,1,50.975,989.619,51.32656,993.0302,28.94367,144.14705
610,1118936121900,3,50.975,989.619,51.386665,1003.32666,28.731522,151.37968
610,1118936121900,5,50.975,989.619,51.751198,1058.4889,28.451584,147.99254
610,1118936122400,1,50.975,989.619,51.296272,991.0955,28.94367,144.14705
610,1118936122400,3,50.975,989.619,51.399612,1000.36615,28.731522,151.37968
610,1118936122400,5,50.975,989.619,51.859097,1048.8514,28.451584,147.99254
610,1118936124200,1,50.975,989.619,51.296272,990.6545,28.94367,144.14705
610,1118936124200,3,50.975,989.619,51.399612,996.5345,28.731522,151.37968
610,1118936124200,5,50.975,989.619,51.888844,1053.5072,28.451584,147.99254
610,1118936124300,1,50.975,989.619,51.296272,993.0302,28.94367,144.14705
610,1118936124300,3,50.975,989.619,51.386665,1002.8244,28.731522,151.37968
610,1118936124300,5,51.067,992.009,51.980717,1051.3285,28.451584,147.99254
610,1118936125600,1,50.975,989.619,51.296272,993.0302,28.94367,144.14705
610,1118936125600,3,50.975,989.619,51.386665,1005.41394,28.731522,151.37968
610,1118936125600,5,41.013,1075.033,51.980717,1055.8497,28.451584,147.99254
610,1118936129300,1,50.975,989.619,51.296272,993.0302,28.94367,144.14705
610,1118936129300,3,51.067,992.009,51.386665,1005.41394,28.731522,151.37968
610,1118936129300,5,40.277,1173.671,52.066982,1055.8497,28.451584,147.99254
610,1118936130900,1,50.975,989.619,51.296272,993.0302,28.94367,144.14705
610,1118936130900,3,41.013,1075.033,51.422787,1005.41394,28.731522,151.37968
610,1118936130900,5,40.551,1214.865,52.069164,1055.8497,28.451584,147.99254
610,1118936135100,1,51.067,992.009,51.296272,993.0302,28.94367,144.14705
610,1118936135100,3,40.277,1173.671,51.479156,1005.41394,28.731522,151.37968
610,1118936135100,5,39.295,1358.573,52.069164,1052.512,28.451584,147.99254
610,1118936135800,1,41.013,1075.033,51.356632,993.0302,28.94367,144.14705
610,1118936135800,3,40.551,1214.865,51.722866,1005.41394,28.731522,151.37968
610,1118936135800,5,-24.082,1633.892,52.179817,1052.512,28.451584,147.99254
610,1118936138600,1,40.277,1173.671,39.40753,1115.3817,28.94367,144.14705
610,1118936138600,3,39.295,1358.573,40.13015,1200.8196,28.731522,151.37968
610,1118936138600,5,-24.38,1632.968,40.554974,1288.2444,28.451584,147.99254
610,1118936141700,1,40.551,1214.865,40.184273,1217.6704,28.94367,144.14705
610,1118936141700,3,-24.082,1633.892,40.196594,1291.3829,28.731522,151.37968
610,1118936141700,5,-24.738,1631.867,40.13595,1386.3303,28.451584,147.99254
610,1118936142700,1,39.295,1358.573,40.736855,1292.719,28.94367,144.14705
610,1118936142700,3,-24.38,1632.968,40.17474,1395.6189,28.731522,151.37968
610,1118936142700,5,-24.896,1631.34,39.831696,1500.8933,28.451584,147.99254
610,1118936146400,1,-24.082,1633.892,39.317776,1414.6694,28.94367,144.14705
610,1118936146400,3,-24.738,1631.867,39.639755,1517.6217,28.731522,151.37968
610,1118936146400,5,-24.708,1631.72,39.74672,1538.9253,28.451584,147.99254
610,1118937016600,1,-24.38,1632.968,-9.027454,1478.7766,28.94367,144.14705
610,1118937016600,3,-24.896,1631.34,-1.1687082,1377.7073,28.731522,151.37968
610,1118937016600,5,-24.688,1631.762,3.8073115,1242.9874,28.451584,147.99254
610,1118937018100,1,-24.738,1631.867,-19.209198,1528.4917,28.94367,144.14705
610,1118937018100,3,-24.708,1631.72,-12.758499,1342.4292,28.731522,151.37968
610,1118937018100,5,-24.613,1631.911,-3.3967154,1414.9387,28.451584,147.99254
610,1118937019900,1,-24.896,1631.34,-23.36806,1494.45,28.94367,144.14705
610,1118937019900,3,-24.688,1631.762,-18.62333,1340.605,28.731522,151.37968
610,1118937019900,5,-24.578,1631.983,-14.028488,1394.481,28.451584,147.99254
610,1118937022500,1,-24.708,1631.72,-25.639244,1493.6031,28.94367,144.14705
610,1118937022500,3,-24.613,1631.911,-18.731106,1359.4546,28.731522,151.37968
610,1118937022500,5,-24.573,1631.993,-16.486652,1377.361,28.451584,147.99254
610,1118937029900,1,-24.688,1631.762,-25.244402,1493.6031,28.94367,144.14705
610,1118937029900,3,-24.578,1631.983,-21.132278,1355.8651,28.731522,151.37968
610,1118937029900,5,-24.56,1632.019,-18.53682,1371.0852,28.451584,147.99254
610,1118937030700,1,-24.613,1631.911,-25.21411,1514.6874,28.94367,144.14705
610,1118937030700,3,-24.573,1631.993,-21.1297,1301.6642,28.731522,151.37968
610,1118937030700,5,-24.511,1632.117,-19.113005,1409.5833,28.451584,147.99254
610,1118937033600,1,-24.578,1631.983,-25.855816,1519.9213,28.94367,144.14705
610,1118937033600,3,-24.56,1632.019,-21.289627,1331.9073,28.731522,151.37968
610,1118937033600,5,-24.448,1632.245,-20.42518,1361.4315,28.451584,147.99254
610,1118937035000,1,-24.573,1631.993,-25.855816,1516.3007,28.94367,144.14705
610,1118937035000,3,-24.511,1632.117,-21.82156,1315.4753,28.731522,151.37968
610,1118937035000,5,-24.606,1630.233,-15.856726,1215.4213,28.451584,147.99254
610,1118937035200,1,-24.56,1632.019,-25.855816,1519.0322,28.94367,144.14705
610,1118937035200,3,-24.448,1632.245,-21.402208,1317.868,28.731522,151.37968
610,1118937035200,5,-24.779,1630.321,-16.186378,1215.4213,28.451584,147.99254
610,1118937035700,1,-24.511,1632.117,-25.855816,1519.0322,28.94367,144.14705
610,1118937035700,3,-24.606,1630.233,-21.356575,1317.868,28.731522,151.37968
610,1118937035700,5,-24.896,1628.483,-21.197206,1215.4213,28.451584,147.99254
610,1118937037600,1,-24.448,1632.245,-25.855816,1519.0322,28.94367,144.14705
610,1118937037600,3,-24.779,1630.321,-20.805908,1317.868,28.731522,151.37968
610,1118937037600,5,-27.445,1581.337,-18.143744,1215.4213,28.451584,147.99254
610,1118937040100,1,-24.606,1630.233,-25.855816,1519.0322,28.94367,144.14705
610,1118937040100,3,-24.896,1628.483,-21.261545,1317.868,28.731522,151.37968
610,1118937040100,5,-26.985,1251.864,-18.122887,1220.6508,28.451584,147.99254
610,1118937043100,1,-24.779,1630.321,-25.866972,1519.0322,28.94367,144.14705
610,1118937043100,3,-27.445,1581.337,-21.651127,1317.868,28.731522,151.37968
610,1118937043100,5,-27.953,1154.134,-19.457851,1220.2253,28.451584,147.99254
610,1118937044100,1,-24.896,1628.483,-26.256279,1495.2166,28.94367,144.14705
610,1118937044100,3,-26.985,1251.864,-21.29166,1310.9033,28.731522,151.37968
610,1118937044100,5,-28.531,1141.603,-20.817617,1215.9819,28.451584,147.99254
610,1118937046100,1,-27.445,1581.337,-26.529224,1519.0322,28.94367,144.14705
610,1118937046100,3,-27.953,1154.134,-21.25882,1263.6364,28.731522,151.37968
610,1118937046100,5,-28.957,1133.253,-19.816584,1159.8497,28.451584,147.99254
610,1118937049900,1,-26.985,1251.864,-28.554428,1517.4419,28.94367,144.14705
610,1118937049900,3,-28.531,1141.603,-20.829618,1382.0135,28.731522,151.37968
610,1118937049900,5,-23.836,1051.148,-21.573881,972.8382,28.451584,147.99254
610,1118937058900,1,-27.953,1154.134,-28.396975,1250.1592,28.94367,144.14705
610,1118937058900,3,-28.957,1133.253,-20.926353,1143.4419,28.731522,151.37968
610,1118937058900,5,-18.298,917.909,-22.944376,1076.5421,28.451584,147.99254
610,1118937061200,1,-28.531,1141.603,-26.171305,1120.0566,28.94367,144.14705
610,1118937061200,3,-23.836,1051.148,-20.587402,1026.8848,28.731522,151.37968
610,1118937061200,5,-30.559,788.521,-24.181667,928.31036,28.451584,147.99254
610,1118937061500,1,-28.957,1133.253,-26.548115,1103.0549,28.94367,144.14705
610,1118937061500,3,-18.298,917.909,-23.615896,1022.1753,28.731522,151.37968
610,1118937061500,5,-20.005,283.952,-20.083382,917.4534,28.451584,147.99254
610,1118937061700,1,-23.836,1051.148,-26.742588,1098.6646,28.94367,144.14705
610,1118937061700,3,-30.559,788.521,-22.112326,1021.06866,28.731522,151.37968
610,1118937061700,5,-18.756,253.472,-14.535129,889.52875,28.451584,147.99254
610,1118937063500,1,-18.298,917.909,-22.25439,1028.3538,28.94367,144.14705
610,1118937063500,3,-20.005,283.952,-19.926262,896.6983,28.731522,151.37968
610,1118937063500,5,-17.581,205.318,-5.89109,854.2943,28.451584,147.99254
610,1118937066700,1,-30.559,788.521,-13.788156,879.5798,28.94367,144.14705
610,1118937066700,3,-18.756,253.472,-13.297601,752.8178,28.731522,151.37968
610,1118937066700,5,-17.213,178.211,-5.6437,661.764,28.451584,147.99254
630,1118937030700,1,17.544,115.275,18.083458,152.27994,28.943718,144.14668
630,1118937030700,3,19.196,133.246,17.369102,140.0547,28.731516,151.37967
630,1118937030700,5,19.763,134.814,17.495304,282.823,28.45158,147.99252
630,1118937031900,1,19.102,133.017,18.173529,-332.44742,28.943682,144.14697
630,1118937031900,3,19.762,134.808,17.998575,280.72552,28.731518,151.37968
630,1118937031900,5,19.764,134.837,19.027884,369.48,28.451582,147.99252
630,1118937033500,1,19.196,133.246,20.564924,180.8604,28.943672,144.14703
630,1118937033500,3,19.763,134.814,19.841908,251.42462,28.731522,151.37968
630,1118937033500,5,19.771,134.937,19.542973,303.16507,28.451582,147.99254
630,1118937033600,1,19.762,134.808,20.59071,191.1094,28.943672,144.14703
630,1118937033600,3,19.764,134.837,19.476608,277.35895,28.731522,151.37968
630,1118937033600,5,19.775,134.982,19.092047,305.5678,28.451582,147.99254
630,1118937034600,1,19.763,134.814,19.56468,195.63718,28.943674,144.14703
630,1118937034600,3,19.771,134.937,19.416203,258.5622,28.731522,151.37968
630,1118937034600,5,19.78,135.057,19.085466,304.90488,28.451582,147.99254
630,1118937034800,1,19.764,134.837,19.465288,195.31339,28.943674,144.14703
630,1118937034800,3,19.775,134.982,19.034275,263.18732,28.731522,151.37968
630,1118937034800,5,19.78,135.06,18.537485,331.4315,28.451582,147.99254
630,1118937035500,1,19.771,134.937,19.546242,191.47945,28.943674,144.14703
630,1118937035500,3,19.78,135.057,18.737339,243.40036,28.731522,151.37968
630,1118937035500,5,19.789,135.195,17.756355,303.45065,28.451582,147.99254
630,1118937038700,1,19.775,134.982,19.44917,187.6244,28.943674,144.14703
630,1118937038700,3,19.78,135.06,18.587654,244.30122,28.731522,151.37968
630,1118937038700,5,19.79,135.205,18.443865,300.75513,28.451582,147.99254
630,1118937040100,1,19.78,135.057,22.543781,187.6244,28.943674,144.14703
630,1118937040100,3,19.789,135.195,18.814383,241.33366,28.731522,151.37968
630,1118937040100,5,19.792,135.233,18.951881,298.86926,28.451582,147.99254
630,1118937042500,1,19.78,135.06,22.543781,187.6244,28.943674,144.14703
630,1118937042500,3,19.79,135.205,18.976171,241.33366,28.731522,151.37968
630,1118937042500,5,19.794,135.268,18.998695,301.375,28.451582,147.99254
630,1118937042600,1,19.789,135.195,22.543781,187.6244,28.943674,144.14703
630,1118937042600,3,19.792,135.233,18.976171,241.33366,28.731522,151.37968
630,1118937042600,5,19.795,135.271,19.11471,305.15158,28.451582,147.99254
630,1118937046900,1,19.79,135.205,19.530123,187.6244,28.943674,144.14703
630,1118937046900,3,19.794,135.268,19.012293,241.33366,28.731522,151.37968
630,1118937046900,5,19.804,135.407,19.11689,307.66238,28.451582,147.99254
630,1118937047200,1,19.792,135.233,22.543781,187.6244,28.943674,144.14703
630,1118937047200,3,19.795,135.271,19.06866,244.30122,28.731522,151.37968
630,1118937047200,5,19.806,135.438,19.11689,308.84583,28.451582,147.99254
630,1118937048100,1,19.794,135.268,19.44917,187.6244,28.943674,144.14703
630,1118937048100,3,19.804,135.407,19.06866,244.30122,28.731522,151.37968
630,1118937048100,5,19.808,135.466,19.11689,308.84583,28.451582,147.99254
630,1118937049200,1,19.795,135.271,22.543781,187.6244,28.943674,144.14703
630,1118937049200,3,19.806,135.438,19.06866,244.30122,28.731522,151.37968
630,1118937049200,5,19.809,135.483,19.11689,308.84583,28.451582,147.99254
630,1118937049300,1,19.804,135.407,22.543781,187.6244,28.943674,144.14703
630,1118937049300,3,19.808,135.466,19.06866,244.30122,28.731522,151.37968
630,1118937049300,5,19.812,135.523,19.11689,308.84583,28.451582,147.99254
630,1118937053600,1,19.806,135.438,19.530123,187.6244,28.943674,144.14703
630,1118937053600,3,19.809,135.483,19.06866,244.30122,28.731522,151.37968
630,1118937053600,5,19.825,135.709,19.11689,308.84583,28.451582,147.99254
630,1118937054600,1,19.808,135.466,22.543781,187.6244,28.943674,144.14703
630,1118937054600,3,19.812,135.523,19.06866,244.30122,28.731522,151.37968
630,1118937054600,5,19.853,136.118,19.11689,308.84583,28.451582,147.99254
630,1118937055500,1,19.809,135.483,22.543781,187.6244,28.943674,144.14703
630,1118937055500,3,19.825,135.709,19.06866,244.30122,28.731522,151.37968
630,1118937055500,5,19.856,136.161,19.11689,308.84583,28.451582,147.99254
630,1118937056000,1,19.812,135.523,22.543781,187.6244,28.943674,144.14703
630,1118937056000,3,19.853,136.118,19.06866,244.30122,28.731522,151.37968
630,1118937056000,5,19.931,137.252,19.11689,308.84583,28.451582,147.99254
630,1118937057300,1,19.825,135.709,19.44917,187.6244,28.943674,144.14703
630,1118937057300,3,19.856,136.161,19.06866,244.30122,28.731522,151.37968
630,1118937057300,5,20.793,149.763,19.11689,308.84583,28.451582,147.99254
630,1118937059700,1,19.853,136.118,22.543781,187.6244,28.943674,144.14703
630,1118937059700,3,19.931,137.252,19.06866,244.30122,28.731522,151.37968
630,1118937059700,5,22.156,161.848,19.11689,308.84583,28.451582,147.99254
630,1118937063600,1,19.856,136.161,19.44917,187.6244,28.943674,144.14703
630,1118937063600,3,20.793,149.763,19.06866,244.30122,28.731522,151.37968
630,1118937063600,5,22.699,169.996,19.11689,312.18353,28.451582,147.99254
630,1118937064000,1,19.931,137.252,19.44917,187.6244,28.943674,144.14703
630,1118937064000,3,22.156,161.848,19.06866,244.30122,28.731522,151.37968
630,1118937064000,5,22.929,173.324,19.11689,308.84583,28.451582,147.99254
630,1118937074400,1,20.793,149.763,19.44917,187.6244,28.943674,144.14703
630,1118937074400,3,22.699,169.996,19.06866,244.30122,28.731522,151.37968
630,1118937074400,5,23.604,183.121,19.11689,308.84583,28.451582,147.99254
630,1118937077600,1,22.156,161.848,21.090546,209.20757,28.943672,144.14705
630,1118937077600,3,22.929,173.324,21.241074,255.48364,28.731522,151.37968
630,1118937077600,5,25.256,199.388,22.281355,309.94348,28.451584,147.99254
630,1118937078400,1,22.699,169.996,24.64503,217.02904,28.94367,144.14705
630,1118937078400,3,23.604,183.121,24.686605,267.28848,28.731522,151.37968
630,1118937078400,5,25.492,208.026,25.263847,336.60568,28.451584,147.99254
630,1118937078900,1,22.929,173.324,24.857529,220.36118,28.94367,144.14705
630,1118937078900,3,25.256,199.388,25.337776,287.31064,28.731522,151.37968
630,1118937078900,5,26.14,219.722,25.436575,356.2909,28.451584,147.99254
630,1118937079100,1,23.604,183.121,24.857529,224.71802,28.94367,144.14705
630,1118937079100,3,25.492,208.026,25.337776,294.48767,28.731522,151.37968
630,1118937079100,5,26.906,230.794,25.436575,362.3041,28.451584,147.99254
630,1118937079700,1,25.256,199.388,24.857529,227.0068,28.94367,144.14705
630,1118937079700,3,26.14,219.722,25.428152,294.48767,28.731522,151.37968
630,1118937079700,5,28.355,287.812,25.389763,363.41116,28.451584,147.99254
630,1118937080700,1,25.492,208.026,24.857529,234.45305,28.94367,144.14705
630,1118937080700,3,26.906,230.794,25.337776,303.93317,28.731522,151.37968
630,1118937080700,5,28.72,326.685,25.273746,358.5765,28.451584,147.99254
630,1118937081200,1,26.14,219.722,23.68012,238.23462,28.94367,144.14705
630,1118937081200,3,28.355,287.812,25.282501,302.56827,28.731522,151.37968
630,1118937081200,5,28.454,345.207,25.271566,373.2078,28.451584,147.99254
630,1118937081800,1,26.906,230.794,27.00228,263.56036,28.94367,144.14705
630,1118937081800,3,28.72,326.685,25.469553,340.73764,28.731522,151.37968
630,1118937081800,5,26.139,365.819,25.271566,419.19226,28.451584,147.99254
630,1118937082300,1,28.355,287.812,28.606897,268.961,28.94367,144.14705
630,1118937082300,3,28.454,345.207,28.587582,384.24048,28.731522,151.37968
630,1118937082300,5,17.234,456.706,28.013088,466.39673,28.451584,147.99254
630,1118937084200,1,28.72,326.685,28.719965,354.1121,28.94367,144.14705
630,1118937084200,3,26.139,365.819,28.521706,475.34058,28.731522,151.37968
630,1118937084200,5,22.414,536.148,28.04713,595.7183,28.451584,147.99254
630,1118937085400,1,28.454,345.207,28.719965,378.15222,28.94367,144.14705
630,1118937085400,3,17.234,456.706,28.521706,479.41156,28.731522,151.37968
630,1118937085400,5,24.012,565.556,28.04713,601.109,28.451584,147.99254
630,1118937085900,1,26.139,365.819,28.567999,410.5032,28.94367,144.14705
630,1118937085900,3,22.414,536.148,28.267042,533.7811,28.731522,151.37968
630,1118937085900,5,24.349,584.497,28.04713,668.98224,28.451584,147.99254
630,1118937086500,1,17.234,456.706,24.325008,422.7667,28.94367,144.14705
630,1118937086500,3,24.012,565.556,24.32459,524.5884,28.731522,151.37968
630,1118937086500,5,24.89,612.937,24.646065,661.2076,28.451584,147.99254
630,1118937089100,1,22.414,536.148,16.300451,522.7944,28.94367,144.14705
630,1118937089100,3,24.349,584.497,18.19703,653.43823,28.731522,151.37968
630,1118937089100,5,25.48,658.863,18.604055,776.6972,28.451584,147.99254
630,1118937090900,1,24.012,565.556,24.082228,602.4321,28.94367,144.14705
630,1118937090900,3,24.89,612.937,24.994307,757.4896,28.731522,151.37968
630,1118937090900,5,24.333,704.178,25.265661,861.6526,28.451584,147.99254
630,1118937091500,1,24.349,584.497,23.902624,632.8425,28.94367,144.14705
630,1118937091500,3,25.48,658.863,24.024767,782.3435,28.731522,151.37968
630,1118937091500,5,24.28,710.204,24.716501,894.9347,28.451584,147.99254
630,1118937091900,1,24.89,612.937,23.68012,645.5554,28.94367,144.14705
630,1118937091900,3,24.333,704.178,25.152245,773.9103,28.731522,151.37968
630,1118937091900,5,51.982,954.801,25.2989,900.42194,28.451584,147.99254
630,1118937092500,1,25.48,658.863,23.68012,686.0694,28.94367,144.14705
630,1118937092500,3,24.28,710.204,25.918736,842.2141,28.731522,151.37968
630,1118937092500,5,47.786,1032.679,25.329277,968.1121,28.451584,147.99254
630,1118937093400,1,24.333,704.178,23.694452,730.7422,28.94367,144.14705
630,1118937093400,3,51.982,954.801,26.06194,893.28436,28.731522,151.37968
630,1118937093400,5,38.382,1128.185,24.843924,993.2714,28.451584,147.99254
630,1118937094100,1,24.28,710.204,23.317408,779.2515,28.94367,144.14705
630,1118937094100,3,47.786,1032.679,23.887154,967.39014,28.731522,151.37968
630,1118937094100,5,38.608,1133.139,24.603714,1025.0848,28.451584,147.99254
630,1118937094200,1,51.982,954.801,23.542486,992.8516,28.94367,144.14705
630,1118937094200,3,38.382,1128.185,25.538738,1016.5151,28.731522,151.37968
630,1118937094200,5,38.353,1161.782,25.890814,980.1864,28.451584,147.99254
630,1118937098500,1,47.786,1032.679,47.270443,805.5411,28.94367,144.14705
630,1118937098500,3,38.608,1133.139,49.737877,1189.5886,28.731522,151.37968
630,1118937098500,5,43.272,1365.102,46.878838,1087.607,28.451584,147.99254
630,1118937099800,1,38.382,1128.185,40.83012,1062.8602,28.94367,144.14705
630,1118937099800,3,38.353,1161.782,43.241577,1214.735,28.731522,151.37968
630,1118937099800,5,50.176,1409.059,47.652428,1087.1737,28.451584,147.99254
630,1118937101800,1,38.608,1133.139,37.63132,1255.6537,28.94367,144.14705
630,1118937101800,3,43.272,1365.102,37.57453,1321.5371,28.731522,151.37968
630,1118937101800,5,57.085,1454.943,37.67545,1324.3624,28.451584,147.99254
630,1118937101900,1,38.353,1161.782,39.365128,1222.796,28.94367,144.14705
630,1118937101900,3,50.176,1409.059,38.31494,1283.3773,28.731522,151.37968
630,1118937101900,5,61.608,1469.535,38.36997,1337.8342,28.451584,147.99254
630,1118937102500,1,43.272,1365.102,38.794277,1239.5505,28.94367,144.14705
630,1118937102500,3,57.085,1454.943,38.561275,1308.1674,28.731522,151.37968
630,1118937102500,5,63.35,1477.28,38.65651,1428.5435,28.451584,147.99254
630,1118937108300,1,50.176,1409.059,42.7309,1355.4164,28.94367,144.14705
630,1118937108300,3,61.608,1469.535,42.359688,1505.3657,28.731522,151.37968
630,1118937108300,5,63.345,1477.281,40.85628,1381.5188,28.451584,147.99254
630,1118937110200,1,57.085,1454.943,51.46731,1376.3359,28.94367,144.14705
630,1118937110200,3,63.35,1477.28,51.621307,1514.4701,28.731522,151.37968
630,1118937110200,5,63.254,1477.3,50.903084,1288.2985,28.451584,147.99254
630,1118937113300,1,61.608,1469.535,53.946327,1456.9154,28.94367,144.14705
630,1118937113300,3,63.345,1477.281,52.53285,1503.3472,28.731522,151.37968
630,1118937113300,5,63.237,1477.303,51.391518,1428.8204,28.451584,147.99254
630,1118937114300,1,63.35,1477.28,58.677708,1434.2014,28.94367,144.14705
630,1118937114300,3,63.254,1477.3,55.268543,1467.1211,28.731522,151.37968
630,1118937114300,5,63.079,1477.336,51.467903,1337.7736,28.451584,147.99254
630,1118937118400,1,63.345,1477.281,63.224087,1425.5826,28.94367,144.14705
630,1118937118400,3,63.237,1477.303,61.396767,1468.9487,28.731522,151.37968
630,1118937118400,5,63.079,1477.336,50.0535,1169.5103,28.451584,147.99254
630,1118937118500,1,63.254,1477.3,63.24961,1432.6935,28.94367,144.14705
630,1118937118500,3,63.079,1477.336,61.12698,1423.8975,28.731522,151.37968
630,1118937118500,5,63.079,1477.336,50.05182,1249.4905,28.451584,147.99254
630,1118937120700,1,63.237,1477.303,63.586906,1424.1793,28.94367,144.14705
630,1118937120700,3,63.079,1477.336,61.128075,1375.9213,28.731522,151.37968
630,1118937120700,5,63.079,1477.336,50.127483,1294.3636,28.451584,147.99254
630,1118937121100,1,63.079,1477.336,63.57079,1422.8867,28.94367,144.14705
630,1118937121100,3,63.079,1477.336,61.821186,1341.4987,28.731522,151.37968
630,1118937121100,5,63.079,1477.336,51.059677,1289.1691,28.451584,147.99254
630,1118937125500,1,63.079,1477.336,63.04455,1422.8867,28.94367,144.14705
630,1118937125500,3,63.079,1477.336,62.413998,1344.6926,28.731522,151.37968
630,1118937125500,5,63.079,1477.336,51.237907,1274.679,28.451584,147.99254
630,1118937125900,1,63.079,1477.336,63.265644,1422.8867,28.94367,144.14705
630,1118937125900,3,63.079,1477.336,62.70754,1336.3959,28.731522,151.37968
630,1118937125900,5,63.079,1477.336,52.263863,1229.4004,28.451584,147.99254
630,1118937127200,1,63.079,1477.336,63.265644,1422.8867,28.94367,144.14705
630,1118937127200,3,63.079,1477.336,62.70754,1336.3959,28.731522,151.37968
630,1118937127200,5,63.079,1477.336,52.37988,1233.1769,28.451584,147.99254
630,1118937128900,1,63.079,1477.336,63.265644,1422.8867,28.94367,144.14705
630,1118937128900,3,63.079,1477.336,62.74366,1336.3959,28.731522,151.37968
630,1118937128900,5,63.079,1477.336,52.38206,1228.6418,28.451584,147.99254
630,1118937130600,1,63.079,1477.336,63.265644,1422.8867,28.94367,144.14705
630,1118937130600,3,63.079,1477.336,62.800026,1338.9854,28.731522,151.37968
630,1118937130600,5,63.079,1477.336,52.38206,1229.8253,28.451584,147.99254
630,1118937131600,1,63.079,1477.336,63.265644,1422.8867,28.94367,144.14705
630,1118937131600,3,63.079,1477.336,62.800026,1338.9854,28.731522,151.37968
630,1118937131600,5,63.079,1477.336,52.38206,1229.8253,28.451584,147.99254
630,1118937132600,1,63.079,1477.336,63.265644,1422.8867,28.94367,144.14705
630,1118937132600,3,63.079,1477.336,62.800026,1338.9854,28.731522,151.37968
630,1118937132600,5,63.079,1477.336,52.38206,1229.8253,28.451584,147.99254
630,1118937138100,1,63.079,1477.336,63.265644,1422.8867,28.94367,144.14705
630,1118937138100,3,63.079,1477.336,62.800026,1338.9854,28.731522,151.37968
630,1118937138100,5,63.071,1477.37,52.38206,1229.8253,28.451584,147.99254
630,1118937139900,1,63.079,1477.336,63.265644,1422.8867,28.94367,144.14705
630,1118937139900,3,63.079,1477.336,62.800026,1338.9854,28.731522,151.37968
630,1118937139900,5,63.006,1477.693,52.38206,1229.8253,28.451584,147.99254
630,1118937140600,1,63.079,1477.336,63.265644,1422.8867,28.94367,144.14705
630,1118937140600,3,63.071,1477.37,62.800026,1338.9854,28.731522,151.37968
630,1118937140600,5,62.882,1478.3,52.38206,1229.8253,28.451584,147.99254
630,1118937141500,1,63.079,1477.336,63.265644,1422.8867,28.94367,144.14705
630,1118937141500,3,63.006,1477.693,62.800026,1338.9854,28.731522,151.37968
630,1118937141500,5,62.656,1479.406,52.38206,1229.8253,28.451584,147.99254
630,1118937142600,1,63.071,1477.37,63.265644,1422.8867,28.94367,144.14705
630,1118937142600,3,62.882,1478.3,62.800026,1338.9854,28.731522,151.37968
630,1118937142600,5,57.133,1551.841,52.38206,1229.8253,28.451584,147.99254
633,1118936121000,1,47.652,452.787,51.75213,562.337,28.94367,144.14705
633,1118936121000,3,15.846,508.924,51.148888,624.4527,28.731522,151.37968
633,1118936121000,5,17.567,565.659,55.169422,706.9489,28.451584,147.99254
633,1118936124800,1,15.062,501.18,46.524868,518.8735,28.94367,144.14705
633,1118936124800,3,17.044,545.261,49.42155,495.9796,28.731522,151.37968
633,1118936124800,5,23.339,682.483,49.506413,613.6051,28.451584,147.99254
633,1118936128900,1,15.846,508.924,13.9234495,479.4273,28.94367,144.14705
633,1118936128900,3,17.567,565.659,16.497276,546.95447,28.731522,151.37968
633,1118936128900,5,23.467,722.735,15.760654,659.6818,28.451584,147.99254
633,1118936129200,1,17.044,545.261,16.705112,558.1674,28.94367,144.14705
633,1118936129200,3,23.339,682.483,17.353344,650.74066,28.731522,151.37968
633,1118936129200,5,23.964,743.105,17.395567,803.4426,28.451584,147.99254
633,1118936130300,1,17.567,565.659,17.97412,605.7927,28.94367,144.14705
633,1118936130300,3,23.467,722.735,17.640276,723.5247,28.731522,151.37968
633,1118936130300,5,34.618,835.302,16.299314,878.6146,28.451584,147.99254
633,1118936130900,1,23.339,682.483,17.8027,631.34235,28.94367,144.14705
633,1118936130900,3,23.964,743.105,18.76014,759.4346,28.731522,151.37968
633,1118936130900,5,39.62,877.137,18.63419,892.58563,28.451584,147.99254
633,1118936133800,1,23.467,722.735,23.885847,756.1272,28.94367,144.14705
633,1118936133800,3,34.618,835.302,24.206116,908.52905,28.731522,151.37968
633,1118936133800,5,48.475,989.006,24.812191,1032.6377,28.451584,147.99254
633,1118936134700,1,23.964,743.105,23.48374,808.97955,28.94367,144.14705
633,1118936134700,3,39.62,877.137,24.454548,964.95233,28.731522,151.37968
633,1118936134700,5,47.605,1037.563,24.652792,1056.6587,28.451584,147.99254
633,1118936135200,1,34.618,835.302,24.099005,825.21844,28.94367,144.14705
633,1118936135200,3,48.475,989.006,25.008863,966.15607,28.731522,151.37968
633,1118936135200,5,37.116,1111.004,24.201487,1075.5898,28.451584,147.99254
633,1118936137800,1,39.62,877.137,31.727673,855.97296,28.94367,144.14705
633,1118936137800,3,47.605,1037.563,32.05699,1029.8005,28.731522,151.37968
633,1118936137800,5,41.008,1234.332,33.84085,1115.019,28.451584,147.99254
633,1118936138900,1,48.475,989.006,40.148033,961.9276,28.94367,144.14705
633,1118936138900,3,37.116,1111.004,39.703285,1086.9332,28.731522,151.37968
633,1118936138900,5,39.354,1296.968,39.42035,1149.3573,28.451584,147.99254
633,1118936142000,1,47.605,1037.563,46.98168,1065.356,28.94367,144.14705
633,1118936142000,3,41.008,1234.332,50.232006,1192.0435,28.731522,151.37968
633,1118936142000,5,42.503,1365.714,50.550613,1299.6606,28.451584,147.99254
633,1118936143100,1,37.116,1111.004,46.47339,1108.3295,28.94367,144.14705
633,1118936143100,3,39.354,1296.968,49.892284,1244.8687,28.731522,151.37968
633,1118936143100,5,49.223,1399.548,49.916134,1372.3517,28.451584,147.99254
633,1118936146200,1,41.008,1234.332,34.816555,1065.3959,28.94367,144.14705
633,1118936146200,3,42.503,1365.714,33.758926,1190.4812,28.731522,151.37968
633,1118936146200,5,50.067,1404.257,34.40644,1270.263,28.451584,147.99254
633,1118936149800,1,39.354,1296.968,41.42828,1288.5697,28.94367,144.14705
633,1118936149800,3,49.223,1399.548,41.186127,1415.6307,28.731522,151.37968
633,1118936149800,5,55.548,1448.398,40.91769,1518.9662,28.451584,147.99254
633,1118936151500,1,42.503,1365.714,39.48974,1387.3387,28.94367,144.14705
633,1118936151500,3,50.067,1404.257,39.608585,1508.2253,28.731522,151.37968
633,1118936151500,5,47.925,1610.469,39.670254,1548.5198,28.451584,147.99254
633,1118936153200,1,49.223,1399.548,42.987732,1437.353,28.94367,144.14705
633,1118936153200,3,55.548,1448.398,42.41422,1575.5363,28.731522,151.37968
633,1118936153200,5,-51.513,399.214,40.548737,1556.5457,28.451584,147.99254
633,1118936154100,1,50.067,1404.257,47.56325,1250.3287,28.94367,144.14705
633,1118936154100,3,47.925,1610.469,51.482807,1548.0778,28.731522,151.37968
633,1118936154100,5,-0.917,433.367,51.25131,1451.6344,28.451584,147.99254
633,1118936154200,1,55.548,1448.398,51.213104,1264.6907,28.94367,144.14705
633,1118936154200,3,-51.513,399.214,51.617535,1597.8397,28.731522,151.37968
633,1118936154200,5,18.358,482.086,49.615387,1283.7496,28.451584,147.99254
633,1118936155000,1,47.925,1610.469,54.4206,1252.2941,28.94367,144.14705
633,1118936155000,3,-0.917,433.367,51.3996,1488.41,28.731522,151.37968
633,1118936155000,5,20.714,500.86,49.0699,944.03534,28.451584,147.99254
633,1118936158900,1,-51.513,399.214,45.973206,1604.9983,28.94367,144.14705
633,1118936158900,3,18.358,482.086,44.556435,1391.6997,28.731522,151.37968
633,1118936158900,5,24.385,546.205,40.963173,1331.096,28.451584,147.99254
633,1118937031700,1,-0.917,433.367,25.352356,328.81876,28.941526,144.13773
633,1118937031700,3,20.714,500.86,26.833666,119.198166,28.731522,151.37967
633,1118937031700,5,24.813,692.766,17.56138,227.56581,28.451302,147.99155
633,1118937034400,1,18.358,482.086,-11.725903,371.23514,28.94329,144.14546
633,1118937034400,3,24.385,546.205,-0.73071116,407.4692,28.731522,151.37968
633,1118937034400,5,48.783,920.175,2.9151757,417.09244,28.451479,147.99219
633,1118937036400,1,20.714,500.86,8.311034,494.34576,28.943556,144.14658
633,1118937036400,3,24.813,692.766,6.553794,501.33984,28.731522,151.37968
633,1118937036400,5,50.907,977.541,13.940335,515.2555,28.451544,147.99242
645,1118936120000,1,-31.418,387.356,22.133272,229.75192,28.785307,143.46677
645,1118936120000,3,25.766,74.806,18.444311,-0.34280896,28.731516,151.37964
645,1118936120000,5,25.666,75.997,13.251803,224.31046,28.35449,147.6557
645,1118936120800,1,23.413,57.271,-21.041073,399.8535,28.923021,144.05966
645,1118936120800,3,25.795,75.941,-7.635357,459.79346,28.73152,151.37967
645,1118936120800,5,25.485,76.075,-2.047962,392.88132,28.377535,147.73573
645,1118937045300,1,25.766,74.806,19.073029,152.1832,28.941977,144.12498
645,1118937045300,3,25.666,75.997,25.738197,169.89699,28.731497,151.37956
645,1118937045300,5,25.475,76.08,28.383028,266.87604,28.440212,147.95306
645,1118937048300,1,25.795,75.941,26.308428,152.10623,28.94387,144.14133
645,1118937048300,3,25.485,76.075,26.279121,222.13553,28.73151,151.37964
645,1118937048300,5,25.455,76.089,27.601568,291.42416,28.449863,147.98654
645,1118937052500,1,25.666,75.997,26.338123,157.68567,28.944237,144.14322
645,1118937052500,3,25.475,76.08,26.102009,184.51294,28.731512,151.37964
645,1118937052500,5,25.418,76.104,24.555727,252.21127,28.451315,147.9916
645,1118937055000,1,25.485,76.075,25.753355,161.00534,28.944283,144.14354
645,1118937055000,3,25.455,76.089,28.977825,237.71448,28.731512,151.37964
645,1118937055000,5,25.248,76.176,25.028585,261.62366,28.451532,147.99234
645,1118937058500,1,25.475,76.08,24.375484,155.46454,28.944263,144.14365
645,1118937058500,3,25.418,76.104,27.858871,225.16486,28.731512,151.37964
645,1118937058500,5,24.984,76.286,24.172915,253.50531,28.451557,147.99243
645,1118937058700,1,25.455,76.089,24.455805,157.6732,28.94405,144.14198
645,1118937058700,3,25.248,76.176,25.258581,227.93176,28.731504,151.37961
645,1118937058700,5,24.958,76.296,23.610828,251.79648,28.451567,147.99246
645,1118937059100,1,25.418,76.104,23.673439,157.6732,28.944263,144.14368
645,1118937059100,3,24.984,76.286,25.590055,224.9642,28.731512,151.37964
645,1118937059100,5,24.797,76.361,24.13591,252.20006,28.451561,147.99245
645,1118937059800,1,25.248,76.176,23.673439,157.6732,28.944271,144.14377
645,1118937059800,3,24.958,76.296,24.790133,228.45847,28.731512,151.37964
645,1118937059800,5,24.574,76.45,24.804789,246.62207,28.451578,147.99251
645,1118937063100,1,24.984,76.286,23.673439,157.6732,28.944252,144.14388
645,1118937063100,3,24.797,76.361,24.826256,225.4909,28.731512,151.37964
645,1118937063100,5,24.452,76.629,24.806969,245.03719,28.451578,147.99251
645,1118937068200,1,24.958,76.296,23.673439,157.6732,28.944221,144.14403
645,1118937068200,3,24.574,76.45,24.882624,228.45847,28.731512,151.37964
645,1118937068200,5,30.446,112.618,24.806969,246.22064,28.451578,147.99251
645,1118937068700,1,24.797,76.361,23.673439,157.6732,28.94422,144.14404
645,1118937068700,3,24.452,76.629,24.882624,228.45847,28.731512,151.37964
645,1118937068700,5,30.77,117.65,24.806969,246.22064,28.451578,147.99251
645,1118937071800,1,24.574,76.45,23.673439,157.6732,28.944202,144.14413
645,1118937071800,3,30.446,112.618,24.882624,228.45847,28.731512,151.37964
645,1118937071800,5,37.67,210.112,24.806969,246.22064,28.451578,147.99251
645,1118937076100,1,24.452,76.629,23.673439,157.6732,28.94418,144.14424
645,1118937076100,3,30.77,117.65,24.882624,228.45847,28.731512,151.37964
645,1118937076100,5,39.05,230.056,24.806969,246.22064,28.451578,147.99251
645,1118937079700,1,30.446,112.618,23.673439,157.6732,28.944162,144.14433
645,1118937079700,3,37.67,210.112,24.825861,228.45847,28.731512,151.37964
645,1118937079700,5,40.386,292.456,24.806969,246.22064,28.451578,147.99251
645,1118937084600,1,30.77,117.65,31.541624,163.75104,28.943792,144.14641
645,1118937084600,3,39.05,230.056,30.48349,228.54855,28.731518,151.37967
645,1118937084600,5,40.458,306.32,30.107471,237.60263,28.451582,147.99254
645,1118937085000,1,37.67,210.112,30.58429,164.64403,28.943771,144.14653
645,1118937085000,3,40.386,292.456,30.502642,231.50957,28.731518,151.37967
645,1118937085000,5,40.112,346.286,30.364685,276.08878,28.451582,147.99254
645,1118937090300,1,39.05,230.056,39.524086,247.53764,28.94367,144.14705
645,1118937090300,3,40.458,306.32,38.775772,293.5672,28.73152,151.37967
645,1118937090300,5,35.568,383.78,38.17019,360.43933,28.451584,147.99254
645,1118937091200,1,40.386,292.456,40.62713,263.14304,28.943668,144.14705
645,1118937091200,3,40.112,346.286,39.92108,367.46063,28.73152,151.37967
645,1118937091200,5,25.781,455.928,39.394905,471.6959,28.451584,147.99254
645,1118937093700,1,40.458,306.32,40.65344,346.6933,28.943668,144.14705
645,1118937093700,3,35.568,383.78,40.49707,453.91364,28.73152,151.37968
645,1118937093700,5,26.313,706.955,40.273506,547.6486,28.451584,147.99254
645,1118937094300,1,40.112,346.286,40.65344,346.30737,28.943668,144.14705
645,1118937094300,3,25.781,455.928,40.302593,455.18842,28.73152,151.37968
645,1118937094300,5,26.235,709.971,40.210884,546.5881,28.451584,147.99254
645,1118937095800,1,35.568,383.78,40.184273,400.66486,28.943668,144.14705
645,1118937095800,3,26.313,706.955,40.187134,495.4564,28.731522,151.37968
645,1118937095800,5,26.205,713.088,40.208702,591.4863,28.451584,147.99254
645,1118937097100,1,25.781,455.928,32.80591,430.26138,28.94367,144.14705
645,1118937097100,3,26.235,709.971,32.978615,540.2244,28.731522,151.37968
645,1118937097100,5,45.454,902.022,34.829178,653.7503,28.451584,147.99254
645,1118937099600,1,26.313,706.955,24.421915,502.74216,28.94367,144.14705
645,1118937099600,3,26.205,713.088,24.487354,628.535,28.731522,151.37968
645,1118937099600,5,50.877,958.265,25.244772,747.36774,28.451584,147.99254
645,1118937107200,1,26.235,709.971,26.396542,779.67426,28.94367,144.14705
645,1118937107200,3,45.454,902.022,25.478718,888.4972,28.731522,151.37968
645,1118937107200,5,50.045,1055.918,25.42336,1046.0773,28.451584,147.99254
679,1118936148100,1,-26.754,1356.015,-8.263614,861.11237,28.94367,144.14705
679,1118936148100,3,-25.192,1250.328,-3.030102,1409.3481,28.731522,151.37968
679,1118936148100,5,-29.31,1081.135,-4.1146626,1445.0571,28.451584,147.99254
679,1118936148200,1,-26.816,1338.623,-20.800034,1422.1902,28.94367,144.14705
679,1118936148200,3,-26.75,1197.569,-14.54384,1538.733,28.731522,151.37968
679,1118936148200,5,-17.676,955.367,-9.726377,1418.5127,28.451584,147.99254
679,1118936148600,1,-25.192,1250.328,-23.85391,1329.3188,28.94367,144.14705
679,1118936148600,3,-29.31,1081.135,-18.612244,1416.9819,28.731522,151.37968
679,1118936148600,5,-19.344,917.138,-17.988503,1386.1793,28.451584,147.99254
679,1118936150500,1,-26.75,1197.569,-25.858057,1273.6809,28.94367,144.14705
679,1118936150500,3,-17.676,955.367,-18.383638,1243.5466,28.731522,151.37968
679,1118936150500,5,-20.07,908.23,-20.10501,1338.6471,28.451584,147.99254
679,1118936151800,1,-29.31,1081.135,-25.49464,1236.8931,28.94367,144.14705
679,1118936151800,3,-19.344,917.138,-20.218529,1139.8334,28.731522,151.37968
679,1118936151800,5,-33.779,661.976,-19.039234,1165.5602,28.451584,147.99254
679,1118936154500,1,-17.676,955.367,-25.222712,1075.2256,28.94367,144.14705
679,1118936154500,3,-20.07,908.23,-19.256033,967.0456,28.731522,151.37968
679,1118936154500,5,-33.774,599.294,-12.713391,1062.6473,28.451584,147.99254
679,1118936157500,1,-19.344,917.138,-13.693986,921.20636,28.94367,144.14705
679,1118936157500,3,-33.779,661.976,-13.132231,794.12305,28.731522,151.37968
679,1118936157500,5,-33.788,471.596,-9.822826,839.9333,28.451584,147.99254
679,1118936158400,1,-20.07,908.23,-21.474508,875.0515,28.94367,144.14705
679,1118936158400,3,-33.774,599.294,-18.460999,744.68616,28.731522,151.37968
679,1118936158400,5,-28.726,419.888,0.4913479,688.57056,28.451584,147.99254
679,1118936158600,1,-33.779,661.976,-23.254982,866.17114,28.94367,144.14705
679,1118936158600,3,-33.788,471.596,-19.89728,738.69104,28.731522,151.37968
679,1118936158600,5,-19.017,307.678,-15.567316,730.9895,28.451584,147.99254
679,1118936164300,1,-33.774,599.294,2.8307202,503.53302,28.94367,144.14705
679,1118936164300,3,-28.726,419.888,0.39205107,513.48083,28.731522,151.37968
679,1118936164300,5,-17.056,269.062,-3.3544488,467.46674,28.451584,147.99254
679,1118936165900,1,-33.788,471.596,3.6348681,462.06918,28.94367,144.14705
679,1118936165900,3,-19.017,307.678,1.9935665,488.74017,28.731522,151.37968
679,1118936165900,5,-25.376,1599.325,-5.927644,516.44055,28.451584,147.99254
679,1118936169500,1,-28.726,419.888,-0.10663265,333.43027,28.94367,144.14705
679,1118936169500,3,-17.056,269.062,-0.26497295,389.0097,28.731522,151.37967
679,1118936169500,5,-25.738,1586.755,-3.729998,431.27487,28.451584,147.99254
679,1118936170800,1,-19.017,307.678,-25.225859,393.00433,28.94367,144.14705
679,1118936170800,3,-25.376,1599.325,-22.214937,352.114,28.731522,151.37967
679,1118936170800,5,-18.06,1551.462,-20.187332,374.75305,28.451584,147.99254
679,1118936173600,1,-17.056,269.062,-21.15574,295.30466,28.943665,144.14705
679,1118936173600,3,-25.738,1586.755,-12.275419,277.46054,28.731522,151.37967
679,1118936173600,5,-16.946,1546.107,-2.3513436,310.0142,28.451584,147.99254
679,1118936174500,1,-25.376,1599.325,-12.878836,255.29169,28.943665,144.14705
679,1118936174500,3,-18.06,1551.462,-6.3816576,239.35605,28.731516,151.3796
679,1118936174500,5,-13.084,1523.162,1.1628975,353.0366,28.451584,147.99254
679,1118937060200,1,-25.738,1586.755,-25.927341,1397.7684,28.943668,144.14705
679,1118937060200,3,-16.946,1546.107,3.6169364,1265.1467,28.731522,151.37968
679,1118937060200,5,-10.103,1488.827,-9.921804,1174.925,28.451584,147.99254
679,1118937060400,1,-18.06,1551.462,-20.016422,1501.8118,28.943663,144.14703
679,1118937060400,3,-13.084,1523.162,1.428999,1332.7574,28.73152,151.37968
679,1118937060400,5,-15.936,1430.43,-7.4151645,1034.9299,28.451584,147.99254
679,1118937061700,1,-16.946,1546.107,-11.341181,1401.9772,28.943653,144.147
679,1118937061700,3,-10.103,1488.827,5.1928506,1372.5955,28.73152,151.37968
679,1118937061700,5,-19.825,1407.202,-17.18169,1239.7505,28.451584,147.99254
679,1118937061900,1,-13.084,1523.162,-16.308105,1423.0215,28.943636,144.14693
679,1118937061900,3,-15.936,1430.43,-15.66801,1361.9753,28.73152,151.37967
679,1118937061900,5,-27.33,1268.159,-9.843014,1191.1028,28.45158,147.99252
679,1118937062700,1,-10.103,1488.827,-15.880467,1428.3441,28.943645,144.14697
679,1118937062700,3,-19.825,1407.202,-16.205622,1361.7786,28.731516,151.37965
679,1118937062700,5,-27.023,1210.099,-7.3597445,1266.7954,28.451576,147.99251
679,1118937063800,1,-15.936,1430.43,-10.670106,1408.7926,28.943651,144.14699
679,1118937063800,3,-27.33,1268.159,-11.990301,1326.238,28.731504,151.37958
679,1118937063800,5,-18.982,1016.401,-10.288228,1206.4039,28.45157,147.99248
679,1118937065400,1,-19.825,1407.202,-15.103974,1402.0117,28.94366,144.14703
679,1118937065400,3,-27.023,1210.099,-13.6595955,1310.9814,28.731514,151.37961
679,1118937065400,5,-16.968,1005.892,-18.607162,1225.8854,28.451576,147.9925
679,1118937066100,1,-27.33,1268.159,-22.470837,1359.2734,28.94367,144.14705
679,1118937066100,3,-18.982,1016.401,-13.656833,1349.6168,28.731522,151.37968
679,1118937066100,5,-16.366,950.487,-15.853001,1136.0206,28.451584,147.99254
679,1118937069500,1,-27.023,1210.099,-28.694014,1240.7457,28.94367,144.14705
679,1118937069500,3,-16.968,1005.892,-22.256659,1161.2594,28.731522,151.37968
679,1118937069500,5,-23.254,855.132,-27.41806,1123.852,28.451584,147.99254
679,1118937071000,1,-18.982,1016.401,-25.960312,1183.263,28.94367,144.14705
679,1118937071000,3,-16.366,950.487,-23.389795,1081.6963,28.731522,151.37968
679,1118937071000,5,-33.501,715.652,-22.707096,1063.2848,28.451584,147.99254
679,1118937076000,1,-16.968,1005.892,-21.15574,984.16406,28.94367,144.14705
679,1118937076000,3,-23.254,855.132,-20.79581,871.3056,28.731522,151.37968
679,1118937076000,5,-33.058,636.122,-18.082092,802.94543,28.451584,147.99254
679,1118937076300,1,-16.366,950.487,-16.308105,969.8787,28.94367,144.14705
679,1118937076300,3,-33.501,715.652,-16.529913,860.0961,28.731522,151.37968
679,1118937076300,5,-34.594,468.646,-19.256098,780.16156,28.451584,147.99254
679,1118937077700,1,-23.254,855.132,-15.123749,920.4546,28.94367,144.14705
679,1118937077700,3,-33.058,636.122,-14.786367,788.41284,28.731522,151.37968
679,1118937077700,5,-30.33,416.884,-8.975348,592.8058,28.451584,147.99254
679,1118937080300,1,-33.501,715.652,-22.70293,824.2628,28.94367,144.14705
679,1118937080300,3,-34.594,468.646,-20.96242,700.53296,28.731522,151.37968
679,1118937080300,5,-27.299,389.046,-22.017546,614.17737,28.451584,147.99254
679,1118937083700,1,-33.058,636.122,2.6977684,568.48456,28.94367,144.14705
679,1118937083700,3,-30.33,416.884,4.1277375,511.9764,28.731522,151.37968
679,1118937083700,5,-25.983,377.105,-10.38631,506.17136,28.451584,147.99254
679,1118937085500,1,-34.594,468.646,-0.1075039,509.6619,28.94367,144.14705
679,1118937085500,3,-27.299,389.046,-1.4377087,538.75824,28.731522,151.37968
679,1118937085500,5,-19.453,320.865,-16.8017,485.12234,28.451584,147.99254
679,1118937089300,1,-30.33,416.884,0.82852864,333.93915,28.943668,144.14705
679,1118937089300,3,-25.983,377.105,-0.52763283,381.96695,28.731522,151.37967
679,1118937089300,5,-19.419,317.17,-1.2450444,387.2396,28.451584,147.99254
679,1118937090500,1,-27.299,389.046,-25.320028,393.00433,28.943668,144.14705
679,1118937090500,3,-19.453,320.865,-20.42851,349.14645,28.731522,151.37967
679,1118937090500,5,-19.216,298.705,-14.930803,353.1274,28.451584,147.99254
679,1118937091200,1,-25.983,377.105,-24.645226,360.93857,28.943668,144.14705
679,1118937091200,3,-19.419,317.17,-20.8837,331.05478,28.731522,151.37967
679,1118937091200,5,-16.845,244.338,-15.0749855,316.25513,28.451584,147.99254
679,1118937091500,1,-19.453,320.865,-24.216017,352.69482,28.943668,144.14705
679,1118937091500,3,-19.216,298.705,-16.154757,337.3857,28.731522,151.37967
679,1118937091500,5,-16.754,237.382,1.1155992,373.7034,28.451584,147.99254
679,1118937093100,1,-19.419,317.17,-21.061571,250.77658,28.943666,144.14705
679,1118937093100,3,-16.845,244.338,-10.082959,276.24496,28.731522,151.37967
679,1118937093100,5,-17.071,155.394,-5.807341,300.29593,28.451584,147.99254
679,1118937093200,1,-19.216,298.705,-20.886703,300.85394,28.943659,144.14702
679,1118937093200,3,-16.754,237.382,-4.5841384,279.0632,28.731522,151.37967
679,1118937093200,5,-16.284,102.877,9.456039,337.28198,28.451584,147.99254
679,1118937093700,1,-16.845,244.338,-21.09506,300.85394,28.943598,144.1468
679,1118937093700,3,-17.071,155.394,-1.8131671,276.09564,28.73152,151.37967
679,1118937093700,5,-16.744,98.808,-0.9441104,341.2062,28.451584,147.99254
679,1118937095200,1,-16.754,237.382,-14.483466,247.16997,28.943592,144.14676
679,1118937095200,3,-16.284,102.877,-4.5169344,226.92564,28.73151,151.3796
679,1118937095200,5,-16.869,98.63,5.8660774,327.87234,28.451574,147.9925
679,1118937095400,1,-17.071,155.394,-15.012504,225.26082,28.94361,144.14684
679,1118937095400,3,-16.744,98.808,-6.469208,217.22057,28.73151,151.37958
679,1118937095400,5,-17.099,98.305,0.22870262,322.6866,28.451574,147.9925
679,1118937098200,1,-16.284,102.877,-2.5635293,185.11523,28.94279,144.14339
679,1118937098200,3,-16.869,98.63,19.185665,258.18277,28.731432,151.37872
679,1118937098200,5,-17.099,98.305,16.047285,317.73557,28.451536,147.99223
679,1118937101400,1,-16.744,98.808,10.912934,134.42075,28.928516,144.08386
679,1118937101400,3,-17.099,98.305,18.801323,250.27269,28.731361,151.37865
679,1118937101400,5,-17.099,98.305,15.488748,305.14856,28.451277,147.99045
679,1118937102500,1,-16.869,98.63,10.701941,133.91522,28.918854,144.04358
679,1118937102500,3,-17.099,98.305,13.291355,240.46878,28.731304,151.3786
679,1118937102500,5,-17.099,98.305,9.137041,297.16504,28.451178,147.98978
679,1118937102600,1,-17.099,98.305,10.325131,129.387,28.91965,144.04689
679,1118937102600,3,-17.099,98.305,13.773836,255.72256,28.731285,151.37852
679,1118937102600,5,-17.099,98.305,3.9437892,268.4337,28.451183,147.98985
679,1118937103500,1,-17.099,98.305,10.701941,136.61711,28.913052,144.01929
679,1118937103500,3,-17.099,98.305,13.35786,261.1382,28.731258,151.37834
679,1118937103500,5,-17.099,98.305,4.007462,273.07217,28.451105,147.9893
679,1118937105900,1,-17.099,98.305,10.793547,136.61711,28.911644,144.01341
679,1118937105900,3,-17.099,98.305,13.387975,266.8447,28.73125,151.37828
679,1118937105900,5,-17.099,98.305,4.400739,327.40973,28.451084,147.98917
679,1118937108600,1,-17.099,98.305,10.793547,152.02077,28.911621,144.01332
679,1118937108600,3,-17.099,98.305,13.424098,293.6824,28.731247,151.37827
679,1118937108600,5,-17.099,98.305,4.333716,261.15952,28.451082,147.98914
679,1118937113300,1,-17.099,98.305,10.793547,152.02077,28.911629,144.01335
679,1118937113300,3,-17.099,98.305,13.538037,288.71432,28.731247,151.37831
679,1118937113300,5,-17.099,98.305,4.9206514,184.12903,28.451088,147.98918
679,1118937120800,1,-17.099,98.305,10.793547,152.02077,28.911634,144.0134
679,1118937120800,3,-17.099,98.305,13.409813,248.30727,28.731256,151.37831
679,1118937120800,5,-17.099,98.305,7.210591,151.22363,28.451086,147.98917
679,1118937122600,1,-17.099,98.305,10.793547,154.75237,28.911634,144.01337
679,1118937122600,3,-17.099,98.305,13.466181,210.18326,28.731258,151.37834
679,1118937122600,5,-17.099,98.305,7.210591,152.40709,28.451086,147.98918
679,1118937123700,1,-17.099,98.305,10.793547,154.75237,28.911633,144.01337
679,1118937123700,3,-17.099,98.305,13.466181,210.18326,28.731258,151.37836
679,1118937123700,5,-17.099,98.305,7.210591,152.40709,28.451086,147.98918
679,1118937125300,1,-17.099,98.305,10.793547,154.75237,28.911633,144.01337
679,1118937125300,3,-17.099,98.305,13.671433,206.57404,28.731258,151.37834
679,1118937125300,5,-17.129,97.879,7.210591,152.40709,28.451088,147.9892
679,1118937129900,1,-17.099,98.305,10.793547,154.75237,28.911634,144.01337
679,1118937129900,3,-17.099,98.305,13.671433,206.57404,28.731258,151.37834
679,1118937129900,5,-17.231,89.206,7.5901804,152.40709,28.451088,147.9892
679,1118937130900,1,-17.099,98.305,10.793547,154.75237,28.911634,144.01337
679,1118937130900,3,-17.129,97.879,13.671433,206.57404,28.731258,151.37834
679,1118937130900,5,-16.861,51.471,7.5901804,152.40709,28.451088,147.9892
686,1118936148700,1,-28.578,1420.623,-10.95954,1629.6631,28.94367,144.14705
686,1118936148700,3,-39.018,1273.234,-0.6054232,1469.6151,28.731522,151.37968
686,1118936148700,5,-37.943,1087.084,-2.6509445,1492.4884,28.451584,147.99254
686,1118936149000,1,-37.51,1331.069,-22.259163,1494.4741,28.94367,144.14705
686,1118936149000,3,-38.58,1180.826,-14.122474,1535.0225,28.731522,151.37968
686,1118936149000,5,-26.39,976.748,-9.195437,1412.8412,28.451584,147.99254
686,1118936150900,1,-39.018,1273.234,10.501385,1158.83,28.94367,144.14705
686,1118936150900,3,-37.943,1087.084,4.0455403,1357.1248,28.731522,151.37968
686,1118936150900,5,-25.948,954.308,1.9953308,1369.4215,28.451584,147.99254
686,1118936152000,1,-38.58,1180.826,9.731963,849.74927,28.94367,144.14705
686,1118936152000,3,-26.39,976.748,4.4327664,1020.5325,28.731522,151.37968
686,1118936152000,5,-26.422,934.536,-2.751147,1073.973,28.451584,147.99254
686,1118936154100,1,-37.943,1087.084,11.094853,728.32214,28.94367,144.14705
686,1118936154100,3,-25.948,954.308,2.233653,1049.0753,28.731522,151.37968
686,1118936154100,5,-33.685,854.905,-6.536475,1203.9052,28.451584,147.99254
686,1118936156100,1,-26.39,976.748,4.9740133,567.5438,28.94367,144.14705
686,1118936156100,3,-26.422,934.536,1.3693585,965.4655,28.731522,151.37968
686,1118936156100,5,-43.721,668.693,3.7043626,1089.1628,28.451584,147.99254
686,1118936158700,1,-25.948,954.308,-25.225859,947.07764,28.94367,144.14705
686,1118936158700,3,-33.685,854.905,-20.353731,843.50244,28.731522,151.37968
686,1118936158700,5,-45.075,635.616,-8.206106,937.76447,28.451584,147.99254
686,1118936159200,1,-26.422,934.536,-24.8563,917.86346,28.94367,144.14705
686,1118936159200,3,-43.721,668.693,-21.981192,792.7453,28.731522,151.37968
686,1118936159200,5,-46.448,573.179,13.229575,781.0041,28.451584,147.99254
686,1118936159700,1,-33.685,854.905,-26.142982,900.82385,28.94367,144.14705
686,1118936159700,3,-45.075,635.616,-4.276665,757.3429,28.731522,151.37968
686,1118936159700,5,-39.665,401.152,-13.581683,774.3992,28.451584,147.99254
686,1118936161500,1,-43.721,668.693,4.104409,696.4417,28.94367,144.14705
686,1118936161500,3,-46.448,573.179,14.807778,667.7379,28.731522,151.37968
686,1118936161500,5,-36.726,379.591,6.235651,613.3947,28.451584,147.99254
686,1118936165600,1,-45.075,635.616,6.9588428,284.50244,28.94367,144.14705
686,1118936165600,3,-39.665,401.152,13.476395,367.9908,28.731522,151.37968
686,1118936165600,5,-28.413,219.264,-0.94483143,319.58554,28.451584,147.99254
694,1118937063700,1,-26.267,1500.968,23.482878,524.15466,28.94367,144.14705
694,1118937063700,3,-40.457,1307.734,16.838455,1529.1583,28.731522,151.37968
694,1118937063700,5,-39.402,1135.967,13.981432,1472.7494,28.451584,147.99254
694,1118937065800,1,-25.867,1445.62,-20.621735,1589.7626,28.94367,144.14705
694,1118937065800,3,-40.046,1173.345,-13.814666,1618.7815,28.731522,151.37968
694,1118937065800,5,-39.344,1132.566,-2.6944315,1414.3408,28.451584,147.99254
694,1118937067200,1,-40.457,1307.734,-24.34049,1437.6396,28.94367,144.14705
694,1118937067200,3,-39.402,1135.967,-18.69239,1547.5209,28.731522,151.37968
694,1118937067200,5,-39.807,1115.718,1.8167298,1338.5305,28.451584,147.99254
694,1118937070700,1,-40.046,1173.345,6.3805995,959.5979,28.94367,144.14705
694,1118937070700,3,-39.344,1132.566,4.2770686,1092.9031,28.731522,151.37968
694,1118937070700,5,-42.081,1096.412,-1.624035,1154.5085,28.451584,147.99254
694,1118937074100,1,-39.402,1135.967,10.375604,548.804,28.94367,144.14705
694,1118937074100,3,-39.807,1115.718,9.902625,767.178,28.731522,151.37968
694,1118937074100,5,-31.0,1022.977,1.845405,922.23615,28.451584,147.99254
694,1118937075200,1,-39.344,1132.566,7.1048684,498.01163,28.94367,144.14705
694,1118937075200,3,-42.081,1096.412,3.294055,828.3558,28.731522,151.37968
694,1118937075200,5,-25.203,973.91,4.319034,976.90094,28.451584,147.99254
694,1118937075300,1,-39.807,1115.718,4.794223,446.56857,28.94367,144.14705
694,1118937075300,3,-31.0,1022.977,16.676182,793.943,28.731522,151.37968
694,1118937075300,5,-29.545,909.912,3.2554784,928.9455,28.451584,147.99254
694,1118937075800,1,-42.081,1096.412,3.3964448,398.05975,28.94367,144.14705
694,1118937075800,3,-25.203,973.91,0.039757837,708.5958,28.731522,151.37968
694,1118937075800,5,-31.994,890.564,11.192735,706.47504,28.451584,147.99254
694,1118937076200,1,-31.0,1022.977,4.4766073,365.06015,28.94367,144.14705
694,1118937076200,3,-29.545,909.912,-4.1336436,699.4178,28.731522,151.37968
694,1118937076200,5,-36.629,840.79,5.928764,754.9402,28.451584,147.99254
694,1118937078300,1,-25.203,973.91,-25.574236,942.73175,28.94367,144.14705
694,1118937078300,3,-31.994,890.564,-5.2690625,886.41,28.731522,151.37968
694,1118937078300,5,-39.902,805.483,-15.834808,790.6963,28.451584,147.99254
694,1118937079900,1,-29.545,909.912,-19.001398,943.73474,28.94367,144.14705
694,1118937079900,3,-36.629,840.79,-8.779173,844.45856,28.731522,151.37968
694,1118937079900,5,-44.662,744.766,-7.7294736,804.9377,28.451584,147.99254
694,1118937081800,1,-31.994,890.564,-15.805995,866.17114,28.94367,144.14705
694,1118937081800,3,-39.902,805.483,-5.5492754,742.6086,28.731522,151.37968
694,1118937081800,5,-44.338,714.716,-14.761862,671.7667,28.451584,147.99254
694,1118937082400,1,-36.629,840.79,3.2923377,723.83984,28.94367,144.14705
694,1118937082400,3,-44.662,744.766,9.860301,671.7084,28.731522,151.37968
694,1118937082400,5,-44.483,626.629,-14.576422,666.44354,28.451584,147.99254
694,1118937083900,1,-39.902,805.483,4.0875297,702.52783,28.94367,144.14705
694,1118937083900,3,-44.338,714.716,15.078801,650.98,28.731522,151.37968
694,1118937083900,5,-44.773,583.771,-0.2458817,583.6046,28.451584,147.99254
694,1118937084900,1,-44.662,744.766,7.1685743,260.62177,28.94367,144.14705
694,1118937084900,3,-44.483,626.629,13.840889,469.21304,28.731522,151.37968
694,1118937084900,5,-34.719,368.112,-6.1712246,382.464,28.451584,147.99254
694,1118937086400,1,-44.338,714.716,5.901557,182.5835,28.94367,144.14705
694,1118937086400,3,-44.773,583.771,12.887902,421.00763,28.731522,151.37968
694,1118937086400,5,-30.313,272.989,1.7429843,355.4848,28.451584,147.99254
694,1118937087200,1,-44.483,626.629,6.7865844,267.29318,28.94367,144.14705
694,1118937087200,3,-34.719,368.112,1.6897806,400.28912,28.731522,151.37968
694,1118937087200,5,-29.566,264.858,4.2351046,336.41998,28.451584,147.99254
694,1118937089300,1,-44.773,583.771,3.8108993,218.85509,28.94367,144.14705
694,1118937089300,3,-30.313,272.989,0.30036741,330.8266,28.731522,151.37968
694,1118937089300,5,-28.717,255.023,6.340114,402.22183,28.451584,147.99254
694,1118937090300,1,-34.719,368.112,3.7304494,167.9562,28.943668,144.14705
694,1118937090300,3,-29.566,264.858,12.292077,276.35385,28.731522,151.37967
694,1118937090300,5,-28.06,246.576,9.051785,375.78427,28.451584,147.99254
694,1118937095900,1,-30.313,272.989,1.8713394,329.04166,28.943657,144.14702
694,1118937095900,3,-28.717,255.023,7.9871154,296.23077,28.731512,151.37955
694,1118937095900,5,-27.952,245.271,4.1947503,281.06174,28.451584,147.99254
694,1118937099800,1,-29.566,264.858,-13.896972,301.36438,28.94357,144.14667
694,1118937099800,3,-28.06,246.576,-2.9711115,231.8674,28.731516,151.3796
694,1118937099800,5,-28.169,237.777,-6.550156,230.39188,28.451576,147.9925
694,1118937100400,1,-28.717,255.023,-13.802802,252.89986,28.943491,144.14635
694,1118937100400,3,-27.952,245.271,-2.4786572,235.6881,28.731522,151.37967
694,1118937100400,5,-27.892,230.8,6.133565,236.61304,28.451576,147.99248
694,1118937101000,1,-28.06,246.576,-12.534967,244.77814,28.94336,144.14589
694,1118937101000,3,-28.169,237.777,-0.70808905,229.58862,28.73152,151.37965
694,1118937101000,5,-27.892,230.8,6.077402,276.1661,28.45157,147.99245
694,1118937101600,1,-27.952,245.271,-12.534967,247.87971,28.942581,144.14342
694,1118937101600,3,-27.892,230.8,-1.0465021,220.29013,28.731518,151.37965
694,1118937101600,5,-27.892,230.8,6.1934595,249.19879,28.451569,147.99245
694,1118937101800,1,-28.169,237.777,-13.17525,244.77814,28.942896,144.14429
694,1118937101800,3,-27.892,230.8,1.1814941,236.59145,28.731516,151.37965
694,1118937101800,5,-27.892,230.8,10.508057,274.6437,28.451565,147.99243
694,1118937103500,1,-27.892,230.8,-13.386244,226.0035,28.943102,144.14482
694,1118937103500,3,-27.892,230.8,-8.276887,232.4936,28.73151,151.37964
694,1118937103500,5,-27.892,230.8,0.8952504,261.79758,28.451553,147.99236
694,1118937106700,1,-27.892,230.8,-13.17525,226.51395,28.943048,144.14449
694,1118937106700,3,-27.892,230.8,10.946249,228.57608,28.7315,151.37958
694,1118937106700,5,-27.892,230.8,16.616615,224.75858,28.451548,147.99232
694,1118937107900,1,-27.892,230.8,-13.294638,226.51395,28.943035,144.14441
694,1118937107900,3,-27.892,230.8,2.4197505,237.13567,28.731506,151.37961
694,1118937107900,5,-27.892,230.8,17.194496,235.72183,28.451553,147.99234
694,1118937108800,1,-27.892,230.8,-24.137062,244.61949,28.94303,144.14436
694,1118937108800,3,-27.892,230.8,6.2059913,256.25223,28.73151,151.37962
694,1118937108800,5,-27.892,230.8,24.059433,255.34212,28.451546,147.99232
694,1118937109700,1,-27.892,230.8,-24.137062,244.61949,28.94304,144.14441
694,1118937109700,3,-27.892,230.8,5.9510994,256.03772,28.731508,151.37961
694,1118937109700,5,-27.892,230.8,25.258966,259.02774,28.451546,147.99232
694,1118937114800,1,-27.892,230.8,-24.137062,244.61949,28.943054,144.14444
694,1118937114800,3,-27.892,230.8,5.9510994,260.43423,28.73151,151.37962
694,1118937114800,5,-27.892,230.8,24.35963,262.80432,28.451544,147.99232
694,1118937125400,1,-27.892,230.8,-24.137062,247.35109,28.943052,144.14442
694,1118937125400,3,-27.892,230.8,7.32956,262.82697,28.73151,151.37964
694,1118937125400,5,-27.892,230.8,24.275543,265.31512,28.451544,147.99231
694,1118937125900,1,-27.892,230.8,-24.137062,247.35109,28.943054,144.14444
694,1118937125900,3,-27.892,230.8,6.426818,265.79453,28.731512,151.37964
694,1118937125900,5,-27.892,230.8,24.35963,266.4986,28.451544,147.9923
694,1118937128500,1,-27.892,230.8,-24.137062,247.35109,28.943056,144.14445
694,1118937128500,3,-27.892,230.8,7.5348125,265.79453,28.731512,151.37964
694,1118937128500,5,-28.127,227.832,24.36181,269.83627,28.451544,147.9923
694,1118937128700,1,-27.892,230.8,-24.137062,247.35109,28.943058,144.14445
694,1118937128700,3,-27.892,230.8,8.010531,262.1853,28.731512,151.37964
694,1118937128700,5,-27.813,224.268,24.7414,266.4986,28.451544,147.9923
694,1118937131700,1,-27.892,230.8,-24.137062,247.35109,28.943058,144.14445
694,1118937131700,3,-28.127,227.832,8.010531,262.1853,28.731512,151.37964
694,1118937131700,5,-28.133,198.807,24.7414,266.4986,28.451544,147.9923
694,1118937131800,1,-27.892,230.8,-24.137062,247.35109,28.943058,144.14445
694,1118937131800,3,-27.813,224.268,8.010531,262.1853,28.731512,151.37964
694,1118937131800,5,-28.131,162.126,24.7414,266.4986,28.451544,147.9923
694,1118937137200,1,-28.127,227.832,-24.137062,247.35109,28.943058,144.14445
694,1118937137200,3,-28.133,198.807,8.010531,262.1853,28.731512,151.37964
694,1118937137200,5,-27.868,149.29,24.7414,266.4986,28.451544,147.9923
707,1118936152200,1,-21.279,1478.845,23.866919,468.56937,28.94367,144.14705
707,1118936152200,3,-36.745,1228.67,20.47649,1399.6636,28.731522,151.37968
707,1118936152200,5,-37.686,1153.724,16.539976,1463.504,28.451584,147.99254
707,1118936155500,1,-36.712,1368.518,-14.487794,1582.9673,28.94367,144.14705
707,1118936155500,3,-37.404,1162.36,-14.247703,1629.7417,28.731522,151.37968
707,1118936155500,5,-26.197,1016.362,-7.363413,1589.0344,28.451584,147.99254
707,1118936158200,1,-36.745,1228.67,3.954474,1159.713,28.94367,144.14705
707,1118936158200,3,-37.686,1153.724,2.497864,1425.6417,28.731522,151.37968
707,1118936158200,5,-26.576,943.932,19.09643,1413.6196,28.451584,147.99254
707,1118936161200,1,-37.404,1162.36,5.7957067,1089.2435,28.94367,144.14705
707,1118936161200,3,-26.197,1016.362,7.8539,1242.0266,28.731522,151.37968
707,1118936161200,5,-30.293,896.9,-3.6490345,1274.3328,28.451584,147.99254
707,1118936162700,1,-37.686,1153.724,5.9341893,603.5719,28.94367,144.14705
707,1118936162700,3,-26.576,943.932,6.9215555,1061.6505,28.731522,151.37968
707,1118936162700,5,-41.564,785.936,-1.0624006,1176.8828,28.451584,147.99254
707,1118936162900,1,-26.197,1016.362,5.4129777,587.25946,28.94367,144.14705
707,1118936162900,3,-30.293,896.9,0.8640872,1042.5992,28.731522,151.37968
707,1118936162900,5,-43.263,704.124,1.0396516,1161.6418,28.451584,147.99254
707,1118936166000,1,-26.576,943.932,-24.929293,987.78467,28.94367,144.14705
707,1118936166000,3,-41.564,785.936,-5.4750333,881.5679,28.731522,151.37968
707,1118936166000,5,-44.635,506.033,-7.9431615,954.19696,28.451584,147.99254
707,1118936167700,1,-30.293,896.9,-15.234712,910.2076,28.94367,144.14705
707,1118936167700,3,-43.263,704.124,-22.237467,784.77594,28.731522,151.37968
707,1118936167700,5,-44.253,489.461,11.080203,773.7118,28.451584,147.99254
707,1118936168900,1,-41.564,785.936,-26.8338,854.76245,28.94367,144.14705
707,1118936168900,3,-44.635,506.033,-2.8599546,738.69104,28.731522,151.37968
707,1118936168900,5,-43.529,467.242,-12.609819,737.2587,28.451584,147.99254
707,1118936171900,1,-43.263,704.124,6.306335,188.43207,28.94367,144.14705
707,1118936171900,3,-44.253,489.461,14.625268,385.0657,28.731522,151.37968
707,1118936171900,5,-41.527,443.723,5.1910954,395.25168,28.451584,147.99254
707,1118936173900,1,-44.635,506.033,7.765931,327.6742,28.94367,144.14705
707,1118936173900,3,-43.529,467.242,16.217754,365.96664,28.731522,151.37968
707,1118936173900,5,-13.102,1635.373,-6.354608,363.01666,28.451584,147.99254
707,1118936178500,1,-44.253,489.461,3.918966,210.34323,28.943666,144.14705
707,1118936178500,3,-41.527,443.723,7.089881,226.94255,28.731522,151.37965
707,1118936178500,5,-16.472,1360.914,0.86257875,384.59116,28.451584,147.99254
707,1118936178900,1,-43.529,467.242,4.581726,170.02261,28.943651,144.147
707,1118936178900,3,-13.102,1635.373,1.5646211,231.19771,28.73152,151.37965
707,1118936178900,5,-16.416,1216.54,6.9425397,381.57465,28.451584,147.99254
707,1118936179400,1,-41.527,443.723,4.581726,184.52371,28.943542,144.14665
707,1118936179400,3,-16.472,1360.914,1.7820339,203.33401,28.731514,151.37958
707,1118936179400,5,-10.474,1035.885,9.793345,347.14905,28.451584,147.99254
707,1118936179900,1,-13.102,1635.373,4.858037,277.5702,28.942776,144.14424
707,1118936179900,3,-16.416,1216.54,8.245056,169.68755,28.7315,151.37943
707,1118936179900,5,-14.053,814.613,12.482596,326.72058,28.451582,147.99252
707,1118937066700,1,-16.472,1360.914,-12.488295,1426.842,28.942764,144.1442
707,1118937066700,3,-10.474,1035.885,-4.0877256,1259.6062,28.731522,151.37968
707,1118937066700,5,-16.882,779.581,-7.7534556,1133.5212,28.451584,147.99254
707,1118937075000,1,-16.416,1216.54,-13.605652,1375.0797,28.936924,144.12599
707,1118937075000,3,-14.053,814.613,-2.8195953,1341.9147,28.73152,151.37968
707,1118937075000,5,-17.576,769.943,-11.889345,1348.83,28.451584,147.99254
707,1118937078900,1,-10.474,1035.885,-14.786244,1214.3206,28.935097,144.11931
707,1118937078900,3,-16.882,779.581,-6.916864,1138.696,28.731514,151.37965
707,1118937078900,5,-15.489,718.879,-11.67146,1139.0292,28.451578,147.99252
707,1118937084100,1,-14.053,814.613,-10.670106,1001.6826,28.94219,144.14207
707,1118937084100,3,-17.576,769.943,-7.125789,883.3192,28.731497,151.37958
707,1118937084100,5,-13.612,673.254,-8.31153,865.746,28.451553,147.99242
707,1118937090200,1,-16.882,779.581,-13.125018,787.39374,28.943422,144.14621
707,1118937090200,3,-15.489,718.879,-6.4226055,658.7578,28.731493,151.37956
707,1118937090200,5,-13.612,673.251,-17.490883,674.7287,28.451542,147.99237
707,1118937091200,1,-17.576,769.943,-16.396774,740.96875,28.943624,144.1469
707,1118937091200,3,-13.612,673.254,-7.078068,637.7531,28.731495,151.37955
707,1118937091200,5,-13.612,673.251,-21.582273,547.5454,28.451555,147.99242
707,1118937091500,1,-15.489,718.879,-16.132957,726.9023,28.94366,144.14703
707,1118937091500,3,-13.612,673.251,-16.213137,628.0352,28.73151,151.37961
707,1118937091500,5,-13.612,673.251,-21.221361,557.815,28.451578,147.99252
707,1118937093200,1,-13.612,673.254,-13.028139,703.2161,28.94367,144.14705
707,1118937093200,3,-13.612,673.251,-14.105294,612.40015,28.731522,151.37968
707,1118937093200,5,-13.612,673.251,-12.195929,495.60278,28.451584,147.99254
707,1118937096900,1,-13.612,673.251,-13.123246,653.43823,28.94367,144.14705
707,1118937096900,3,-13.612,673.251,-14.049782,577.21893,28.731522,151.37968
707,1118937096900,5,-13.612,673.251,-16.402935,514.278,28.451584,147.99254
707,1118937097600,1,-13.612,673.251,-13.242634,657.2825,28.94367,144.14705
707,1118937097600,3,-13.612,673.251,-11.351377,609.2981,28.731522,151.37968
707,1118937097600,5,-13.612,673.251,-14.373329,575.0323,28.451584,147.99254
707,1118937099100,1,-13.612,673.251,-13.242634,675.6296,28.94367,144.14705
707,1118937099100,3,-13.612,673.251,-13.867352,630.40234,28.731522,151.37968
707,1118937099100,5,-13.612,673.251,-14.029539,573.22925,28.451584,147.99254
707,1118937101200,1,-13.612,673.251,-13.242634,678.0747,28.94367,144.14705
707,1118937101200,3,-13.612,673.251,-13.610301,643.24866,28.731522,151.37968
707,1118937101200,5,-13.612,673.251,-13.915662,596.8518,28.451584,147.99254
707,1118937102300,1,-13.612,673.251,-13.242634,678.0747,28.94367,144.14705
707,1118937102300,3,-13.612,673.251,-13.507736,643.24866,28.731522,151.37968
707,1118937102300,5,-13.612,673.251,-14.260466,610.6791,28.451584,147.99254
707,1118937103600,1,-13.612,673.251,-13.242634,680.8063,28.94367,144.14705
707,1118937103600,3,-13.612,673.251,-13.5438595,647.6452,28.731522,151.37968
707,1118937103600,5,-13.612,673.251,-14.215834,608.16833,28.451584,147.99254
707,1118937105200,1,-13.612,673.251,-13.242634,680.8063,28.94367,144.14705
707,1118937105200,3,-13.612,673.251,-13.439445,647.0704,28.731522,151.37968
707,1118937105200,5,-13.612,673.251,-14.030304,610.7614,28.451584,147.99254
707,1118937106100,1,-13.612,673.251,-13.242634,680.8063,28.94367,144.14705
707,1118937106100,3,-13.612,673.251,-11.926242,647.0704,28.731522,151.37968
707,1118937106100,5,-13.612,673.251,-10.0110855,613.2722,28.451584,147.99254
707,1118937112100,1,-13.612,673.251,-13.242634,680.8063,28.94367,144.14705
707,1118937112100,3,-13.612,673.251,-11.869874,650.0379,28.731522,151.37968
707,1118937112100,5,-13.612,673.251,-9.631496,614.4557,28.451584,147.99254
707,1118937122400,1,-13.612,673.251,-13.242634,680.8063,28.94367,144.14705
707,1118937122400,3,-13.612,673.251,-11.869874,650.0379,28.731522,151.37968
707,1118937122400,5,-13.612,673.251,-9.631496,614.4557,28.451584,147.99254
707,1118937129600,1,-13.612,673.251,-13.242634,680.8063,28.94367,144.14705
707,1118937129600,3,-13.612,673.251,-11.869874,650.0379,28.731522,151.37968
707,1118937129600,5,-13.612,673.251,-9.631496,614.4557,28.451584,147.99254
707,1118937136000,1,-13.612,673.251,-13.242634,680.8063,28.94367,144.14705
707,1118937136000,3,-13.612,673.251,-11.869874,650.0379,28.731522,151.37968
707,1118937136000,5,-13.612,673.251,-9.631496,614.4557,28.451584,147.99254
707,1118937136500,1,-13.612,673.251,-13.242634,680.8063,28.94367,144.14705
707,1118937136500,3,-13.612,673.251,-11.869874,650.0379,28.731522,151.37968
707,1118937136500,5,-13.612,673.251,-9.631496,614.4557,28.451584,147.99254
707,1118937137700,1,-13.612,673.251,-13.242634,680.8063,28.94367,144.14705
707,1118937137700,3,-13.612,673.251,-11.869874,650.0379,28.731522,151.37968
707,1118937137700,5,-13.612,673.251,-9.631496,614.4557,28.451584,147.99254
707,1118937139300,1,-13.612,673.251,-13.242634,680.8063,28.94367,144.14705
707,1118937139300,3,-13.612,673.251,-11.869874,650.0379,28.731522,151.37968
707,1118937139300,5,-13.612,673.251,-9.631496,614.4557,28.451584,147.99254
707,1118937140400,1,-13.612,673.251,-13.242634,680.8063,28.94367,144.14705
707,1118937140400,3,-13.612,673.251,-11.869874,650.0379,28.731522,151.37968
707,1118937140400,5,-13.612,673.251,-9.631496,614.4557,28.451584,147.99254
707,1118937141500,1,-13.612,673.251,-13.242634,680.8063,28.94367,144.14705
707,1118937141500,3,-13.612,673.251,-11.869874,650.0379,28.731522,151.37968
707,1118937141500,5,-15.054,603.61,-9.631496,614.4557,28.451584,147.99254
707,1118937142200,1,-13.612,673.251,-13.242634,680.8063,28.94367,144.14705
707,1118937142200,3,-13.612,673.251,-11.869874,650.0379,28.731522,151.37968
707,1118937142200,5,-15.156,575.156,-9.631496,614.4557,28.451584,147.99254
707,1118937142500,1,-13.612,673.251,-13.242634,680.8063,28.94367,144.14705
707,1118937142500,3,-15.054,603.61,-11.869874,650.0379,28.731522,151.37968
707,1118937142500,5,-15.038,566.555,-9.631496,614.4557,28.451584,147.99254
707,1118937151100,1,-13.612,673.251,-13.242634,680.8063,28.94367,144.14705
707,1118937151100,3,-15.156,575.156,-11.869874,650.0379,28.731522,151.37968
707,1118937151100,5,-14.343,511.19,-9.631496,614.4557,28.451584,147.99254
707,1118937152600,1,-15.054,603.61,-13.242634,680.8063,28.94367,144.14705
707,1118937152600,3,-15.038,566.555,-11.869874,650.0379,28.731522,151.37968
707,1118937152600,5,-13.961,472.594,-9.631496,614.4557,28.451584,147.99254
707,1118937159100,1,-15.156,575.156,-13.879416,610.8347,28.94367,144.14705
707,1118937159100,3,-14.343,511.19,-11.899988,579.2749,28.731522,151.37968
707,1118937159100,5,10.926,410.701,-9.573475,514.98517,28.451584,147.99254
707,1118937160200,1,-15.038,566.555,-13.798966,549.78687,28.94367,144.14705
707,1118937160200,3,-13.961,472.594,-10.617612,508.84485,28.731522,151.37968
707,1118937160200,5,57.339,388.36,-6.2750745,486.6357,28.451584,147.99254
707,1118937160500,1,-14.343,511.19,-13.668422,542.88025,28.94367,144.14705
707,1118937160500,3,10.926,410.701,-10.228634,486.95963,28.731522,151.37968
707,1118937160500,5,75.324,388.263,-7.7869077,469.35278,28.451584,147.99254
709,1118936153900,1,29.443,118.797,20.551058,68.414406,28.944542,144.13846
709,1118936153900,3,30.652,129.024,16.517714,228.8889,28.73148,151.37943
709,1118936153900,5,34.224,181.028,21.073809,363.2574,28.451553,147.99237
709,1118936158900,1,29.507,119.725,30.475714,-358.12393,28.943735,144.1467
709,1118936158900,3,30.696,129.667,26.383429,222.32031,28.73152,151.37968
709,1118936158900,5,35.049,199.562,27.602537,316.20682,28.451582,147.99254
709,1118936160000,1,30.652,129.024,29.145594,153.71834,28.943737,144.1467
709,1118936160000,3,34.224,181.028,28.388865,210.71861,28.73152,151.37968
709,1118936160000,5,35.532,214.374,29.030005,334.47147,28.451582,147.99254
709,1118936167600,1,30.696,129.667,30.419369,183.59422,28.943712,144.14682
709,1118936167600,3,35.049,199.562,29.819963,247.01357,28.731522,151.37968
709,1118936167600,5,37.097,243.439,29.794863,311.47787,28.451582,147.99254
709,1118936169800,1,34.224,181.028,30.579082,178.66347,28.94371,144.14684
709,1118936169800,3,35.532,214.374,29.778578,248.00299,28.731522,151.37968
709,1118936169800,5,37.183,254.683,29.638718,307.29636,28.451582,147.99254
709,1118936175900,1,35.049,199.562,31.308788,217.60626,28.943672,144.14705
709,1118936175900,3,37.097,243.439,32.502,276.61313,28.731522,151.37968
709,1118936175900,5,37.499,286.168,29.635529,321.35577,28.451584,147.99254
709,1118936176700,1,35.532,214.374,35.381195,228.99104,28.94367,144.14705
709,1118936176700,3,37.183,254.683,34.13952,335.02704,28.731522,151.37968
709,1118936176700,5,37.773,352.722,34.739742,459.38513,28.451584,147.99254
709,1118936177300,1,37.097,243.439,34.239925,252.30502,28.943668,144.14705
709,1118936177300,3,37.499,286.168,34.10123,342.1593,28.731522,151.37968
709,1118936177300,5,35.15,377.491,35.556557,449.4575,28.451584,147.99254
709,1118936178500,1,37.183,254.683,37.427982,293.00934,28.94367,144.14705
709,1118936178500,3,37.773,352.722,35.06053,385.84488,28.731522,151.37968
709,1118936178500,5,24.894,564.166,35.501495,470.78946,28.451584,147.99254
709,1118936178900,1,37.499,286.168,36.250572,297.837,28.94367,144.14705
709,1118936178900,3,35.15,377.491,34.81078,384.54608,28.731522,151.37968
709,1118936178900,5,24.97,629.967,35.564793,504.00784,28.451584,147.99254
709,1118936180100,1,37.773,352.722,36.250572,352.34317,28.94367,144.14705
709,1118936180100,3,24.894,564.166,34.921604,459.72574,28.731522,151.37968
709,1118936180100,5,25.28,635.815,35.382202,550.75116,28.451584,147.99254
709,1118936182600,1,35.15,377.491,38.443584,404.96335,28.94367,144.14705
709,1118936182600,3,24.97,629.967,38.934834,500.68045,28.731522,151.37968
709,1118936182600,5,46.404,703.087,39.283287,605.36725,28.451584,147.99254
709,1118936183500,1,24.894,564.166,32.80591,417.66632,28.94367,144.14705
709,1118936183500,3,25.28,635.815,33.053314,528.4999,28.731522,151.37968
709,1118936183500,5,-26.633,1606.365,34.835087,638.4434,28.451584,147.99254
709,1118936189700,1,24.97,629.967,23.399982,616.03284,28.94367,144.14705
709,1118936189700,3,46.404,703.087,24.487354,735.28015,28.731522,151.37968
709,1118936189700,5,-13.286,1511.068,25.244772,857.6035,28.451584,147.99254
709,1118936191600,1,25.28,635.815,23.716667,687.0081,28.94367,144.14705
709,1118936191600,3,-26.633,1606.365,25.224363,815.3505,28.731522,151.37968
709,1118936191600,5,-15.035,1413.279,25.420639,948.4917,28.451584,147.99254
709,1118936191800,1,46.404,703.087,24.175892,683.54987,28.94367,144.14705
709,1118936191800,3,-13.286,1511.068,25.143848,835.1366,28.731522,151.37968
709,1118936191800,5,-27.471,1263.71,25.208668,918.3544,28.451584,147.99254
709,1118936195400,1,-26.633,1606.365,42.79867,519.2062,28.94367,144.14705
709,1118936195400,3,-15.035,1413.279,41.868664,801.5327,28.731522,151.37968
709,1118936195400,5,-26.844,1253.15,42.289745,874.32544,28.451584,147.99254
709,1118937068200,1,-13.286,1511.068,-9.803837,1490.7091,28.94367,144.14705
709,1118937068200,3,-27.471,1263.71,-0.26965407,1379.6842,28.731522,151.37968
709,1118937068200,5,-25.804,1163.886,14.204901,1230.1938,28.451584,147.99254
709,1118937070700,1,-15.035,1413.279,-9.03978,1455.2513,28.94367,144.14705
709,1118937070700,3,-26.844,1253.15,-6.1216893,1466.8422,28.731522,151.37968
709,1118937070700,5,-14.174,780.791,12.746766,1460.8558,28.451584,147.99254
709,1118937073100,1,-27.471,1263.71,-9.781178,1391.3649,28.94367,144.14705
709,1118937073100,3,-25.804,1163.886,-6.497772,1381.8491,28.731522,151.37968
709,1118937073100,5,-12.196,660.598,7.522807,1404.2637,28.451584,147.99254
709,1118937076500,1,-26.844,1253.15,-25.58426,1250.1995,28.94367,144.14705
709,1118937076500,3,-14.174,780.791,-11.946228,1209.344,28.731522,151.37968
709,1118937076500,5,-12.194,659.083,-6.6436105,1303.5404,28.451584,147.99254
709,1118937076800,1,-25.804,1163.886,-25.466274,1226.6635,28.94367,144.14705
709,1118937076800,3,-12.196,660.598,-8.123955,1103.1852,28.731522,151.37968
709,1118937076800,5,-13.221,654.877,-9.789004,1354.4989,28.451584,147.99254
709,1118937079400,1,-14.174,780.791,-24.030197,1120.9456,28.94367,144.14705
709,1118937079400,3,-12.194,659.083,-17.970907,1036.5029,28.731522,151.37968
709,1118937079400,5,-13.297,654.562,-5.94266,1150.6631,28.451584,147.99254
709,1118937089700,1,-12.196,660.598,-11.755887,749.86957,28.94367,144.14705
709,1118937089700,3,-13.221,654.877,-12.67165,631.26306,28.731522,151.37968
709,1118937089700,5,-13.41,654.091,-13.422092,675.0959,28.451584,147.99254
709,1118937094000,1,-12.194,659.083,-10.532142,634.0277,28.94367,144.14705
709,1118937094000,3,-13.297,654.562,-11.779959,553.0426,28.731522,151.37968
709,1118937094000,5,-13.601,653.301,-12.070081,516.38257,28.451584,147.99254
709,1118937094300,1,-13.221,654.877,-12.197131,637.1293,28.94367,144.14705
709,1118937094300,3,-13.41,654.091,-14.835218,583.1326,28.731522,151.37968
709,1118937094300,5,-13.631,653.13,-14.617867,529.46124,28.451584,147.99254
709,1118937097000,1,-13.297,654.562,-12.999395,632.8152,28.94367,144.14705
709,1118937097000,3,-13.601,653.301,-13.939623,611.45984,28.731522,151.37968
709,1118937097000,5,-13.434,652.801,-15.193704,589.5895,28.451584,147.99254
709,1118937097200,1,-13.41,654.091,-12.999395,634.1183,28.94367,144.14705
709,1118937097200,3,-13.631,653.13,-13.591354,605.038,28.731522,151.37968
709,1118937097200,5,-13.329,652.621,-15.750931,583.0211,28.451584,147.99254
709,1118937097500,1,-13.601,653.301,-13.33424,634.1183,28.94367,144.14705
709,1118937097500,3,-13.434,652.801,-13.936295,595.73956,28.731522,151.37968
709,1118937097500,5,-12.852,651.802,-14.431378,553.42224,28.451584,147.99254
709,1118937098000,1,-13.631,653.13,-13.33424,634.1183,28.94367,144.14705
709,1118937098000,3,-13.329,652.621,-13.732906,595.73956,28.731522,151.37968
709,1118937098000,5,-12.827,651.761,-14.215834,553.42224,28.451584,147.99254
709,1118937098200,1,-13.434,652.801,-13.33424,634.1183,28.94367,144.14705
709,1118937098200,3,-12.852,651.802,-13.630342,603.59906,28.731522,151.37968
709,1118937098200,5,-12.827,651.762,-13.546956,557.19885,28.451584,147.99254
709,1118937100600,1,-13.329,652.621,-13.123246,634.1183,28.94367,144.14705
709,1118937100600,3,-12.827,651.761,-13.403321,603.59906,28.731522,151.37968
709,1118937100600,5,-12.827,651.762,-13.071675,560.13513,28.451584,147.99254
709,1118937101900,1,-12.852,651.802,-13.123246,634.1183,28.94367,144.14705
709,1118937101900,3,-12.827,651.762,-12.075127,615.5899,28.731522,151.37968
709,1118937101900,5,-12.827,651.762,-9.216037,561.31854,28.451584,147.99254
709,1118937107800,1,-12.827,651.761,-13.123246,634.1183,28.94367,144.14705
709,1118937107800,3,-12.827,651.762,-12.075127,615.5899,28.731522,151.37968
709,1118937107800,5,-12.827,651.762,-9.216037,561.31854,28.451584,147.99254
709,1118937108300,1,-12.827,651.762,-13.183605,634.1183,28.94367,144.14705
709,1118937108300,3,-12.827,651.762,-12.075127,615.5899,28.731522,151.37968
709,1118937108300,5,-12.827,651.762,-9.216037,561.31854,28.451584,147.99254
709,1118937109200,1,-12.827,651.762,-13.183605,634.1183,28.94367,144.14705
709,1118937109200,3,-12.827,651.762,-12.075127,615.5899,28.731522,151.37968
709,1118937109200,5,-12.827,651.762,-9.216037,561.31854,28.451584,147.99254
709,1118937112000,1,-12.827,651.762,-13.183605,654.79974,28.94367,144.14705
709,1118937112000,3,-12.827,651.762,-12.075127,619.8491,28.731522,151.37968
709,1118937112000,5,-12.827,651.762,-10.097354,576.31537,28.451584,147.99254
709,1118937117900,1,-12.827,651.762,-13.183605,654.79974,28.94367,144.14705
709,1118937117900,3,-12.827,651.762,-12.111249,625.4687,28.731522,151.37968
709,1118937117900,5,-12.827,651.762,-10.099534,602.2043,28.451584,147.99254
709,1118937119800,1,-12.827,651.762,-13.183605,654.79974,28.94367,144.14705
709,1118937119800,3,-12.827,651.762,-12.167617,629.8652,28.731522,151.37968
709,1118937119800,5,-12.827,651.762,-9.719945,605.542,28.451584,147.99254
709,1118937120700,1,-12.827,651.762,-13.183605,657.5313,28.94367,144.14705
709,1118937120700,3,-12.827,651.762,-12.167617,632.25793,28.731522,151.37968
709,1118937120700,5,-12.827,651.762,-9.633677,605.542,28.451584,147.99254
709,1118937122600,1,-12.827,651.762,-13.183605,657.5313,28.94367,144.14705
709,1118937122600,3,-12.827,651.762,-11.926242,632.25793,28.731522,151.37968
709,1118937122600,5,-12.827,651.762,-9.272764,605.542,28.451584,147.99254
709,1118937124200,1,-12.827,651.762,-13.183605,657.5313,28.94367,144.14705
709,1118937124200,3,-12.827,651.762,-11.869874,632.25793,28.731522,151.37968
709,1118937124200,5,-12.827,651.762,-9.631496,605.542,28.451584,147.99254
709,1118937125100,1,-12.827,651.762,-13.183605,657.5313,28.94367,144.14705
709,1118937125100,3,-12.827,651.762,-11.869874,632.25793,28.731522,151.37968
709,1118937125100,5,-12.827,651.762,-9.631496,602.2043,28.451584,147.99254
709,1118937126200,1,-12.827,651.762,-13.183605,657.5313,28.94367,144.14705
709,1118937126200,3,-12.827,651.762,-11.869874,632.25793,28.731522,151.37968
709,1118937126200,5,-12.827,651.762,-9.631496,602.2043,28.451584,147.99254
709,1118937128200,1,-12.827,651.762,-13.183605,657.5313,28.94367,144.14705
709,1118937128200,3,-12.827,651.762,-11.869874,632.25793,28.731522,151.37968
709,1118937128200,5,-12.827,651.762,-9.631496,602.2043,28.451584,147.99254
709,1118937129300,1,-12.827,651.762,-13.183605,657.5313,28.94367,144.14705
709,1118937129300,3,-12.827,651.762,-11.869874,632.25793,28.731522,151.37968
709,1118937129300,5,-12.827,651.762,-9.631496,602.2043,28.451584,147.99254
709,1118937131900,1,-12.827,651.762,-13.183605,657.5313,28.94367,144.14705
709,1118937131900,3,-12.827,651.762,-11.869874,632.25793,28.731522,151.37968
709,1118937131900,5,-12.827,651.762,-9.631496,602.2043,28.451584,147.99254
709,1118937134100,1,-12.827,651.762,-13.183605,657.5313,28.94367,144.14705
709,1118937134100,3,-12.827,651.762,-11.869874,632.25793,28.731522,151.37968
709,1118937134100,5,-12.827,651.762,-9.631496,602.2043,28.451584,147.99254
709,1118937135100,1,-12.827,651.762,-13.183605,657.5313,28.94367,144.14705
709,1118937135100,3,-12.827,651.762,-11.869874,632.25793,28.731522,151.37968
709,1118937135100,5,-12.827,651.762,-9.631496,602.2043,28.451584,147.99254
709,1118937136000,1,-12.827,651.762,-13.183605,657.5313,28.94367,144.14705
709,1118937136000,3,-12.827,651.762,-11.869874,632.25793,28.731522,151.37968
709,1118937136000,5,-12.827,651.762,-9.631496,602.2043,28.451584,147.99254
709,1118937136700,1,-12.827,651.762,-13.183605,657.5313,28.94367,144.14705
709,1118937136700,3,-12.827,651.762,-11.869874,632.25793,28.731522,151.37968
709,1118937136700,5,-12.827,651.762,-9.631496,602.2043,28.451584,147.99254
709,1118937140700,1,-12.827,651.762,-13.183605,657.5313,28.94367,144.14705
709,1118937140700,3,-12.827,651.762,-11.869874,632.25793,28.731522,151.37968
709,1118937140700,5,-14.28,624.642,-9.631496,602.2043,28.451584,147.99254
709,1118937146600,1,-12.827,651.762,-13.183605,657.5313,28.94367,144.14705
709,1118937146600,3,-12.827,651.762,-11.869874,632.25793,28.731522,151.37968
709,1118937146600,5,-14.546,620.916,-9.631496,602.2043,28.451584,147.99254
709,1118937150000,1,-12.827,651.762,-13.183605,657.5313,28.94367,144.14705
709,1118937150000,3,-14.28,624.642,-11.869874,632.25793,28.731522,151.37968
709,1118937150000,5,-14.837,605.722,-9.631496,602.2043,28.451584,147.99254
709,1118937150700,1,-12.827,651.762,-13.183605,657.5313,28.94367,144.14705
709,1118937150700,3,-14.546,620.916,-11.869874,632.25793,28.731522,151.37968
709,1118937150700,5,-13.99,572.876,-9.631496,602.2043,28.451584,147.99254
709,1118937153200,1,-14.28,624.642,-13.183605,657.5313,28.94367,144.14705
709,1118937153200,3,-14.837,605.722,-11.869874,632.25793,28.731522,151.37968
709,1118937153200,5,18.878,402.371,-9.631496,602.2043,28.451584,147.99254
709,1118937155800,1,-14.546,620.916,-13.46249,622.6703,28.94367,144.14705
709,1118937155800,3,-13.99,572.876,-11.899988,578.38007,28.731522,151.37968
709,1118937155800,5,28.398,396.034,-9.573475,514.98517,28.451584,147.99254
709,1118937156000,1,-14.837,605.722,-13.773453,594.7587,28.94367,144.14705
709,1118937156000,3,18.878,402.371,-12.790289,545.09534,28.731522,151.37968
709,1118937156000,5,47.793,388.522,-9.429646,490.75455,28.451584,147.99254
709,1118937156700,1,-13.99,572.876,-13.396644,593.4024,28.94367,144.14705
709,1118937156700,3,28.398,396.034,-11.899988,543.99664,28.731522,151.37968
709,1118937156700,5,60.743,386.37,-9.573475,482.92227,28.451584,147.99254
717,1118936163400,1,-37.953,1184.058,21.986376,1294.1674,28.94367,144.14705
717,1118936163400,3,-27.31,928.175,21.813782,1461.5997,28.731522,151.37968
717,1118936163400,5,-43.234,711.292,19.532076,1429.148,28.451584,147.99254
717,1118936167900,1,-36.43,1072.427,12.056128,710.413,28.94367,144.14705
717,1118936167900,3,-40.689,789.497,8.782878,1209.9625,28.731522,151.37968
717,1118936167900,5,-44.346,637.407,7.822704,1202.4695,28.451584,147.99254
717,1118936170300,1,-27.31,928.175,4.1033754,766.76984,28.94367,144.14705
717,1118936170300,3,-43.234,711.292,2.6535785,979.8986,28.731522,151.37968
717,1118936170300,5,-43.982,450.465,1.6389335,1104.6907,28.451584,147.99254
717,1118936174000,1,-40.689,789.497,-24.385426,909.4255,28.94367,144.14705
717,1118936174000,3,-44.346,637.407,-19.738882,845.72,28.731522,151.37968
717,1118936174000,5,-33.599,368.667,-20.333677,979.3324,28.451584,147.99254
717,1118936177600,1,-43.234,711.292,6.2666264,145.85483,28.94367,144.14705
717,1118936177600,3,-43.982,450.465,0.5908452,367.62305,28.731522,151.37968
717,1118936177600,5,-30.131,326.959,2.379804,492.2699,28.451584,147.99254
717,1118936179500,1,-44.346,637.407,8.809675,231.4158,28.94367,144.14705
717,1118936179500,3,-33.599,368.667,6.4576116,360.02524,28.731522,151.37968
717,1118936179500,5,-25.303,149.819,9.171038,374.3127,28.451584,147.99254
717,1118936181300,1,-43.982,450.465,7.9136415,249.78644,28.94367,144.14705
717,1118936181300,3,-30.131,326.959,20.495007,294.1874,28.731522,151.37968
717,1118936181300,5,-25.335,146.066,15.427953,383.72485,28.451584,147.99254
717,1118936185700,1,-33.599,368.667,5.250959,303.3038,28.943665,144.14703
717,1118936185700,3,-25.303,149.819,11.986961,146.67572,28.731508,151.3795
717,1118936185700,5,11.125,130.829,11.579306,223.49902,28.451584,147.99254
717,1118936187700,1,-30.131,326.959,1.6171328,337.02097,28.943647,144.14699
717,1118936187700,3,-25.335,146.066,6.397686,303.66833,28.731512,151.37955
717,1118936187700,5,11.325,133.802,4.676111,324.2661,28.451584,147.99254
717,1118936188800,1,-25.303,149.819,-13.896972,296.89124,28.943617,144.1469
717,1118936188800,3,11.125,130.829,-20.06762,280.71497,28.73151,151.37953
717,1118936188800,5,11.676,138.794,9.733941,268.99985,28.451582,147.99254
717,1118936193400,1,-25.335,146.066,-11.186115,187.50706,28.933128,144.10281
717,1118936193400,3,11.325,133.802,28.218344,245.28291,28.716593,151.19568
717,1118936193400,5,12.224,146.734,20.289127,321.55496,28.45119,147.98978
717,1118936193500,1,11.125,130.829,1.0173254,160.43051,28.918713,144.05609
717,1118936193500,3,11.676,138.794,36.613888,213.86063,28.716051,151.18924
717,1118936193500,5,15.885,200.946,30.389708,331.1066,28.451122,147.98943
717,1118937079700,1,11.325,133.802,8.380982,152.71022,28.860859,143.88573
717,1118937079700,3,12.224,146.734,27.46483,304.95737,28.731472,151.37949
717,1118937079700,5,13.867,507.86,21.254955,364.86172,28.451504,147.99219
717,1118937080200,1,11.676,138.794,11.333968,175.9291,28.910788,144.03905
717,1118937080200,3,15.885,200.946,18.500116,320.2131,28.731394,151.37914
717,1118937080200,5,14.624,521.076,26.199883,369.57785,28.451246,147.99106
717,1118937080700,1,12.224,146.734,14.067757,185.7858,28.936083,144.12152
717,1118937080700,3,13.867,507.86,16.858635,343.05264,28.731047,151.37753
717,1118937080700,5,16.646,556.456,20.442429,385.58075,28.45078,147.98889
717,1118937081400,1,15.885,200.946,14.901985,189.11794,28.941881,144.14078
717,1118937081400,3,14.624,521.076,16.989414,346.29913,28.730904,151.37685
717,1118937081400,5,17.821,579.344,18.718285,382.05463,28.450909,147.98946
717,1118937084200,1,13.867,507.86,18.027073,232.8461,28.943224,144.14531
717,1118937084200,3,16.646,556.456,17.23279,358.28397,28.731197,151.37808
717,1118937084200,5,19.497,612.237,14.268647,433.83472,28.45127,147.99106
717,1118937092700,1,14.624,521.076,13.434819,571.7617,28.943596,144.14674
717,1118937092700,3,17.821,579.344,15.339353,670.9041,28.73145,151.37929
717,1118937092700,5,32.389,819.907,13.480037,819.8706,28.451517,147.99216
717,1118937093100,1,16.646,556.456,15.752764,592.74347,28.943657,144.147
717,1118937093100,3,19.497,612.237,15.932631,688.5375,28.731508,151.3796
717,1118937093100,5,45.69,1046.325,13.400566,838.0739,28.45157,147.99246
717,1118937094300,1,17.821,579.344,17.776981,601.7891,28.94367,144.14705
717,1118937094300,3,32.389,819.907,17.551764,711.5658,28.731522,151.37968
717,1118937094300,5,50.055,1057.016,17.05197,826.0913,28.451584,147.99254
718,1118936158100,1,-16.203,1591.645,-2.9718606,1664.7476,28.94367,144.14705
718,1118936158100,3,-12.741,1361.146,1.7942436,1382.1819,28.731522,151.37968
718,1118936158100,5,-3.477,1291.577,4.249432,1498.1595,28.451584,147.99254
718,1118936158500,1,-12.539,1386.014,-10.384046,1571.3356,28.94367,144.14705
718,1118936158500,3,-11.566,1353.396,-6.2200937,1621.6339,28.731522,151.37968
718,1118936158500,5,-11.609,1391.513,1.2101347,1370.1034,28.451584,147.99254
718,1118936163900,1,-12.741,1361.146,-10.540877,1440.874,28.94367,144.14705
718,1118936163900,3,-3.477,1291.577,-10.030269,1436.6713,28.731522,151.37968
718,1118936163900,5,-14.249,1378.892,-7.683857,1434.9116,28.451584,147.99254
718,1118936164700,1,-11.566,1353.396,-12.315906,1410.2142,28.94367,144.14705
718,1118936164700,3,-11.609,1391.513,-10.254738,1449.7867,28.731522,151.37968
718,1118936164700,5,-17.93,1347.338,-12.193659,1433.7338,28.451584,147.99254
718,1118936165000,1,-3.477,1291.577,-9.616631,1397.6605,28.94367,144.14705
718,1118936165000,3,-14.249,1378.892,-11.897598,1376.7092,28.731522,151.37968
718,1118936165000,5,-17.044,1277.113,-10.586717,1431.5913,28.451584,147.99254
718,1118936168600,1,-11.609,1391.513,-5.1943727,1268.6829,28.94367,144.14705
718,1118936168600,3,-17.93,1347.338,-8.450858,1332.4307,28.731522,151.37968
718,1118936168600,5,-16.839,1194.745,-9.177611,1401.0535,28.451584,147.99254
718,1118937081000,1,-14.249,1378.892,-9.943264,1353.0562,28.94367,144.14705
718,1118937081000,3,-17.044,1277.113,-10.605179,1417.1327,28.731522,151.37968
718,1118937081000,5,-16.549,1146.803,-10.510621,1396.3416,28.451584,147.99254
718,1118937081400,1,-17.93,1347.338,-14.256065,1377.8075,28.94367,144.14705
718,1118937081400,3,-16.839,1194.745,-12.247395,1323.0868,28.731522,151.37968
718,1118937081400,5,-18.754,1086.931,-10.842417,1199.2839,28.451584,147.99254
718,1118937082200,1,-17.044,1277.113,-16.470205,1299.8446,28.94367,144.14705
718,1118937082200,3,-16.549,1146.803,-16.102356,1267.2651,28.731522,151.37968
718,1118937082200,5,-18.068,1082.359,-22.732992,1198.6041,28.451584,147.99254
718,1118937084100,1,-16.839,1194.745,-15.123749,1255.5712,28.94367,144.14705
718,1118937084100,3,-18.754,1086.931,-16.563322,1155.0817,28.731522,151.37968
718,1118937084100,5,-6.515,1017.376,-21.509396,1142.0468,28.451584,147.99254
718,1118937086300,1,-16.549,1146.803,-15.123749,1171.7002,28.94367,144.14705
718,1118937086300,3,-18.068,1082.359,-17.411425,1094.1481,28.731522,151.37968
718,1118937086300,5,-14.672,856.46,-18.29911,971.7705,28.451584,147.99254
718,1118937087500,1,-18.754,1086.931,-14.203477,1107.5833,28.94367,144.14705
718,1118937087500,3,-6.515,1017.376,-16.629602,1031.2279,28.731522,151.37968
718,1118937087500,5,-22.874,781.446,-15.015538,942.61035,28.451584,147.99254
718,1118937088900,1,-18.068,1082.359,-16.586063,1050.3953,28.94367,144.14705
718,1118937088900,3,-14.672,856.46,-18.934376,930.7162,28.731522,151.37968
718,1118937088900,5,-25.21,741.959,-16.191723,867.78845,28.451584,147.99254
718,1118937089000,1,-6.515,1017.376,-14.737673,1045.891,28.94367,144.14705
718,1118937089000,3,-22.874,781.446,-7.7997293,943.4921,28.731522,151.37968
718,1118937089000,5,-25.694,629.475,-10.232862,823.80145,28.451584,147.99254
718,1118937090800,1,-14.672,856.46,-6.6439204,986.1105,28.94367,144.14705
718,1118937090800,3,-25.21,741.959,-10.452092,883.9966,28.731522,151.37968
718,1118937090800,5,-25.596,560.516,-15.120853,522.0102,28.451584,147.99254
718,1118937095600,1,-22.874,781.446,-12.637891,827.3644,28.94367,144.14705
718,1118937095600,3,-25.694,629.475,-13.22034,707.9705,28.731522,151.37968
718,1118937095600,5,-25.456,542.885,-17.483047,582.85187,28.451584,147.99254
718,1118937097700,1,-25.21,741.959,-22.376667,737.8671,28.94367,144.14705
718,1118937097700,3,-25.596,560.516,-17.078852,588.47345,28.731522,151.37968
718,1118937097700,5,-25.466,511.906,-25.194845,555.46124,28.451584,147.99254
718,1118937098600,1,-25.694,629.475,-25.592491,711.41473,28.94367,144.14705
718,1118937098600,3,-25.456,542.885,-22.764547,553.88745,28.731522,151.37968
718,1118937098600,5,-25.477,509.245,-25.28635,510.7908,28.451584,147.99254
718,1118937101300,1,-25.596,560.516,-25.161463,597.95416,28.94367,144.14705
718,1118937101300,3,-25.466,511.906,-23.127028,529.9178,28.731522,151.37968
718,1118937101300,5,-25.477,509.243,-20.30177,516.8022,28.451584,147.99254
718,1118937103800,1,-25.456,542.885,-25.069857,538.1763,28.94367,144.14705
718,1118937103800,3,-25.477,509.245,-21.840149,491.2192,28.731522,151.37968
718,1118937103800,5,-25.477,509.243,-17.373003,500.93713,28.451584,147.99254
718,1118937104900,1,-25.466,511.906,-24.405916,513.74304,28.94367,144.14705
718,1118937104900,3,-25.477,509.243,-22.830505,474.59012,28.731522,151.37968
718,1118937104900,5,-25.477,509.243,-19.506681,481.8613,28.451584,147.99254
718,1118937108900,1,-25.477,509.245,-24.619474,483.942,28.94367,144.14705
718,1118937108900,3,-25.477,509.243,-22.16058,439.82498,28.731522,151.37968
718,1118937108900,5,-25.477,509.243,-17.105942,438.94778,28.451584,147.99254
718,1118937110400,1,-25.477,509.243,-24.63063,485.19513,28.94367,144.14705
718,1118937110400,3,-25.477,509.243,-23.640007,455.76984,28.731522,151.37968
718,1118937110400,5,-25.477,509.243,-21.086885,477.64474,28.451584,147.99254
718,1118937111300,1,-25.477,509.243,-24.619474,487.89703,28.94367,144.14705
718,1118937111300,3,-25.477,509.243,-20.918957,462.88354,28.731522,151.37968
718,1118937111300,5,-25.477,509.243,-22.480091,475.57318,28.451584,147.99254
718,1118937111700,1,-25.477,509.243,-24.619474,506.6438,28.94367,144.14705
718,1118937111700,3,-25.477,509.243,-19.758839,478.23776,28.731522,151.37968
718,1118937111700,5,-25.477,509.243,-11.851139,499.47946,28.451584,147.99254
718,1118937112700,1,-25.477,509.243,-24.619474,508.5785,28.943668,144.14705
718,1118937112700,3,-25.477,509.243,-19.758839,488.11652,28.731522,151.37968
718,1118937112700,5,-25.477,509.243,-11.578674,500.2179,28.451584,147.99254
718,1118937117600,1,-25.477,509.243,-24.619474,508.5785,28.943668,144.14705
718,1118937117600,3,-25.477,509.243,-20.976517,481.78558,28.731522,151.37968
718,1118937117600,5,-25.477,509.243,-7.6210427,491.66855,28.451584,147.99254
718,1118937117900,1,-25.477,509.243,-24.619474,511.31006,28.94367,144.14705
718,1118937117900,3,-25.477,509.243,-15.227708,486.1821,28.731522,151.37968
718,1118937117900,5,-25.477,509.243,2.493897,505.9269,28.451584,147.99254
718,1118937120000,1,-25.477,509.243,-24.619474,511.31006,28.94367,144.14705
718,1118937120000,3,-25.477,509.243,-14.751989,488.57486,28.731522,151.37968
718,1118937120000,5,-25.477,509.243,2.493897,502.5892,28.451584,147.99254
718,1118937120300,1,-25.477,509.243,-24.619474,511.31006,28.94367,144.14705
718,1118937120300,3,-25.477,509.243,-14.546737,488.57486,28.731522,151.37968
718,1118937120300,5,-25.477,509.243,2.493897,502.5892,28.451584,147.99254
718,1118937120800,1,-25.477,509.243,-24.619474,511.31006,28.94367,144.14705
718,1118937120800,3,-25.477,509.243,-14.546737,488.57486,28.731522,151.37968
718,1118937120800,5,-25.477,509.243,2.8734863,502.5892,28.451584,147.99254
718,1118937124400,1,-25.477,509.243,-24.619474,511.31006,28.94367,144.14705
718,1118937124400,3,-25.477,509.243,-14.546737,488.57486,28.731522,151.37968
718,1118937124400,5,-25.477,509.243,2.8734863,502.5892,28.451584,147.99254
718,1118937125300,1,-25.477,509.243,-24.619474,511.31006,28.94367,144.14705
718,1118937125300,3,-25.477,509.243,-14.546737,488.57486,28.731522,151.37968
718,1118937125300,5,-25.496,504.642,2.8734863,502.5892,28.451584,147.99254
718,1118937128900,1,-25.477,509.243,-24.619474,511.31006,28.94367,144.14705
718,1118937128900,3,-25.477,509.243,-14.546737,488.57486,28.731522,151.37968
718,1118937128900,5,-25.097,474.562,2.8734863,502.5892,28.451584,147.99254
718,1118937133700,1,-25.477,509.243,-24.619474,511.31006,28.94367,144.14705
718,1118937133700,3,-25.496,504.642,-14.546737,488.57486,28.731522,151.37968
718,1118937133700,5,-24.848,469.442,2.8734863,502.5892,28.451584,147.99254
718,1118937140400,1,-25.477,509.243,-24.619474,511.31006,28.94367,144.14705
718,1118937140400,3,-25.097,474.562,-14.546737,488.57486,28.731522,151.37968
718,1118937140400,5,-24.407,465.203,2.8734863,502.5892,28.451584,147.99254
718,1118937142300,1,-25.496,504.642,-24.619474,511.31006,28.94367,144.14705
718,1118937142300,3,-24.848,469.442,-14.546737,488.57486,28.731522,151.37968
718,1118937142300,5,-17.283,406.734,2.8734863,502.5892,28.451584,147.99254
718,1118937147300,1,-25.097,474.562,-24.619474,497.8184,28.94367,144.14705
718,1118937147300,3,-24.407,465.203,-14.576852,488.57486,28.731522,151.37968
718,1118937147300,5,-12.421,369.244,3.8745198,502.5892,28.451584,147.99254
718,1118937150200,1,-24.848,469.442,-24.111696,451.14804,28.94367,144.14705
718,1118937150200,3,-17.283,406.734,-12.633246,428.72168,28.731522,151.37968
718,1118937150200,5,-8.847,316.404,8.323947,423.45984,28.451584,147.99254
718,1118937150600,1,-24.407,465.203,-24.111696,448.44617,28.94367,144.14705
718,1118937150600,3,-12.421,369.244,-12.082368,406.34595,28.731522,151.37968
718,1118937150600,5,-8.866,302.125,9.453306,405.8531,28.451584,147.99254
718,1118937150900,1,-17.283,406.734,-22.80916,448.44617,28.94367,144.14705
718,1118937150900,3,-8.847,316.404,-10.879851,404.26428,28.731522,151.37968
718,1118937150900,5,-7.954,267.515,9.453306,406.2552,28.451584,147.99254
718,1118937153900,1,-12.421,369.244,-13.788156,389.94415,28.94367,144.14705
718,1118937153900,3,-8.866,302.125,-4.818414,348.2894,28.731522,151.37968
718,1118937153900,5,-6.912,219.711,11.496845,338.68283,28.451584,147.99254
718,1118937155600,1,-8.847,316.404,-10.940737,337.74298,28.94367,144.14705
718,1118937155600,3,-7.954,267.515,-4.2140627,316.44006,28.731522,151.37968
718,1118937155600,5,-6.874,216.395,11.737827,303.9393,28.451584,147.99254
718,1118937157500,1,-8.866,302.125,-6.389714,303.83002,28.94367,144.14705
718,1118937157500,3,-6.912,219.711,-0.23228496,280.51898,28.731522,151.37968
718,1118937157500,5,-6.027,130.61,10.211795,279.77908,28.451584,147.99254
718,1118937158000,1,-7.954,267.515,-5.9977164,303.83002,28.94367,144.14705
718,1118937158000,3,-6.874,216.395,-4.471737,296.05215,28.731522,151.37968
718,1118937158000,5,-6.029,79.915,-0.36207604,281.15967,28.451584,147.99254
744,1118936170500,1,-25.013,1495.397,22.34012,1108.924,28.94367,144.14705
744,1118936170500,3,-37.625,1270.545,21.692812,1420.4272,28.731522,151.37968
744,1118936170500,5,-37.829,1066.216,19.024372,1393.1289,28.451584,147.99254
744,1118936172600,1,-29.586,1420.631,-19.205626,1512.4739,28.94367,144.14705
744,1118936172600,3,-38.027,1180.609,-14.064627,1548.7338,28.731522,151.37968
744,1118936172600,5,-27.25,976.657,-6.282113,1327.7634,28.451584,147.99254
744,1118936174200,1,-37.625,1270.545,-26.31683,1391.2465,28.94367,144.14705
744,1118936174200,3,-37.829,1066.216,-17.475702,1504.1486,28.731522,151.37968
744,1118936174200,5,-27.425,963.903,1.2422932,1322.6323,28.451584,147.99254
744,1118936177300,1,-38.027,1180.609,7.554283,882.61615,28.94367,144.14705
744,1118936177300,3,-27.25,976.657,6.5849643,1269.2603,28.731522,151.37968
744,1118936177300,5,-43.149,778.803,-4.955549,1323.23,28.451584,147.99254
744,1118936179300,1,-37.829,1066.216,9.154692,645.6659,28.94367,144.14705
744,1118936179300,3,-27.425,963.903,9.523485,1000.7815,28.731522,151.37968
744,1118936179300,5,-44.279,746.147,-1.9735678,1203.4159,28.451584,147.99254
744,1118936181800,1,-27.25,976.657,5.924814,526.52765,28.94367,144.14705
744,1118936181800,3,-43.149,778.803,1.095384,920.58514,28.731522,151.37968
744,1118936181800,5,-44.165,713.944,3.9911776,1053.4022,28.451584,147.99254
744,1118936184100,1,-27.425,963.903,-25.480066,943.73474,28.94367,144.14705
744,1118936184100,3,-44.279,746.147,-3.9175363,843.3744,28.731522,151.37968
744,1118936184100,5,-45.113,544.387,-12.6211405,940.2499,28.451584,147.99254
744,1118936184600,1,-43.149,778.803,-15.234712,933.43097,28.94367,144.14705
744,1118936184600,3,-44.165,713.944,-22.462502,815.0221,28.731522,151.37968
744,1118936184600,5,-45.174,531.7,3.2180402,806.9392,28.451584,147.99254
744,1118936189200,1,-44.279,746.147,3.182951,172.89513,28.94367,144.14705
744,1118936189200,3,-45.113,544.387,-0.3025738,382.09814,28.731522,151.37968
744,1118936189200,5,-44.935,518.842,1.2311177,505.38245,28.451584,147.99254
744,1118936189900,1,-44.165,713.944,7.283509,148.64116,28.94367,144.14705
744,1118936189900,3,-45.174,531.7,16.688139,370.3729,28.731522,151.37968
744,1118936189900,5,-44.121,469.914,8.114448,357.59485,28.451584,147.99254
744,1118936190700,1,-45.113,544.387,7.948602,296.7161,28.94367,144.14705
744,1118936190700,3,-44.935,518.842,15.654751,420.3949,28.731522,151.37968
744,1118936190700,5,-43.255,450.496,-3.1540606,457.15408,28.451584,147.99254
744,1118936194500,1,-45.174,531.7,3.7304494,201.14267,28.943666,144.14705
744,1118936194500,3,-44.121,469.914,6.342402,287.00037,28.731522,151.37967
744,1118936194500,5,-42.474,442.399,4.3981338,398.31622,28.451584,147.99254
744,1118936194800,1,-44.935,518.842,3.824619,197.84398,28.943655,144.14702
744,1118936194800,3,-43.255,450.496,0.32027334,247.67308,28.731522,151.37967
744,1118936194800,5,-39.744,414.057,6.372638,382.47052,28.451584,147.99254
744,1118936195100,1,-44.121,469.914,3.9414434,197.84398,28.943583,144.14677
744,1118936195100,3,-42.474,442.399,2.7248867,249.10301,28.731522,151.37967
744,1118936195100,5,-27.29,221.365,6.449347,351.56363,28.451584,147.99254
744,1118936196200,1,-43.255,450.496,4.986414,184.52371,28.943047,144.1451
744,1118936196200,3,-39.744,414.057,9.480399,198.24118,28.731514,151.37956
744,1118936196200,5,-28.803,198.406,19.731928,319.8176,28.451584,147.99254
744,1118936196600,1,-42.474,442.399,4.581726,276.58984,28.903553,144.02232
744,1118936196600,3,-27.29,221.365,14.72159,169.68755,28.731478,151.37914
744,1118936196600,5,-28.923,198.197,22.654171,331.642,28.451582,147.99252
744,1118936196800,1,-39.744,414.057,4.858037,270.10382,28.633202,143.18536
744,1118936196800,3,-28.803,198.406,14.088526,169.68755,28.73151,151.37958
744,1118936196800,5,-28.923,198.197,31.727472,322.4858,28.451574,147.9925
744,1118936197500,1,-27.29,221.365,5.808838,274.37518,27.524939,139.71994
744,1118936197500,3,-28.923,198.197,16.403572,176.5906,28.731503,151.37953
744,1118936197500,5,-28.923,198.197,44.42457,312.51105,28.45157,147.99248
744,1118936204100,1,-28.803,198.406,-12.552043,220.37325,27.882273,140.79842
744,1118936204100,3,-28.923,198.197,36.20171,219.14627,28.731394,151.37839
744,1118936204100,5,-28.923,198.197,29.227047,348.7041,28.451492,147.99207
744,1118936206900,1,-28.923,198.197,7.372512,191.4249,28.680838,143.30891
744,1118936206900,3,-28.923,198.197,31.833775,227.29836,28.731468,151.37943
744,1118936206900,5,-28.923,198.197,21.767328,320.22577,28.451424,147.99162
744,1118936210400,1,-28.923,198.197,7.5642066,192.67801,28.896606,143.99153
744,1118936210400,3,-28.923,198.197,21.579002,240.21057,28.731443,151.37935
744,1118936210400,5,-28.924,198.207,8.161435,332.79355,28.451355,147.99127
744,1118936211600,1,-28.923,198.197,7.575363,195.37991,28.93236,144.106
744,1118936211600,3,-28.923,198.197,21.958426,274.67233,28.731441,151.37933
744,1118936211600,5,-29.225,96.445,11.028909,290.3414,28.451385,147.9914
762,1118936185500,1,-2.429,1479.603,3.610363,1715.4252,28.94367,144.14705
762,1118936185500,3,-18.404,1279.13,5.9729247,1468.4795,28.731522,151.37968
762,1118936185500,5,-9.498,899.991,6.569329,1327.998,28.451584,147.99254
762,1118936186500,1,-19.285,1343.218,-0.3468397,1556.9701,28.94367,144.14705
762,1118936186500,3,-16.559,1177.708,-1.0802357,1593.7476,28.731522,151.37968
762,1118936186500,5,-18.307,825.625,2.9334974,1386.4998,28.451584,147.99254
762,1118936189600,1,-18.404,1279.13,-17.822214,1362.0658,28.94367,144.14705
762,1118936189600,3,-9.498,899.991,-14.290125,1380.0612,28.731522,151.37968
762,1118936189600,5,-19.736,815.035,-9.903329,1417.9991,28.451584,147.99254
762,1118936190900,1,-16.559,1177.708,-13.256808,1328.922,28.94367,144.14705
762,1118936190900,3,-18.307,825.625,-10.693993,1381.6273,28.731522,151.37968
762,1118936190900,5,-21.574,798.914,-11.278115,1413.2814,28.451584,147.99254
762,1118936193500,1,-9.498,899.991,-13.3428755,1177.5757,28.94367,144.14705
762,1118936193500,3,-19.736,815.035,-14.498808,1074.2747,28.731522,151.37968
762,1118936193500,5,-23.633,654.023,-12.50581,1169.5613,28.451584,147.99254
762,1118936202000,1,-18.307,825.625,-10.233544,894.2178,28.94367,144.14705
762,1118936202000,3,-21.574,798.914,-8.4981785,789.40247,28.731522,151.37968
762,1118936202000,5,-24.804,634.222,-11.394997,868.0047,28.451584,147.99254
762,1118936204700,1,-19.736,815.035,-14.623928,789.626,28.94367,144.14705
762,1118936204700,3,-23.633,654.023,-12.935254,654.75714,28.731522,151.37968
762,1118936204700,5,-24.711,629.612,-13.915114,667.7097,28.451584,147.99254
762,1118936205100,1,-21.574,798.914,-21.550566,780.1339,28.94367,144.14705
762,1118936205100,3,-24.804,634.222,-20.180418,652.88495,28.731522,151.37968
762,1118936205100,5,-24.712,629.392,-14.114183,593.6965,28.451584,147.99254
762,1118936205700,1,-23.633,654.023,-22.805681,760.5405,28.94367,144.14705
762,1118936205700,3,-24.711,629.612,-23.953882,630.4246,28.731522,151.37968
762,1118936205700,5,-24.712,629.349,-25.153269,559.62305,28.451584,147.99254
762,1118936211900,1,-24.804,634.222,-9.624047,631.5621,28.94367,144.14705
762,1118936211900,3,-24.712,629.392,-22.837837,559.94727,28.731522,151.37968
762,1118936211900,5,-24.356,631.064,-23.909708,496.97992,28.451584,147.99254
762,1118936214500,1,-24.711,629.612,-24.482475,596.55536,28.94367,144.14705
762,1118936214500,3,-24.712,629.349,-13.117309,559.65173,28.731522,151.37968
762,1118936214500,5,-24.196,633.347,-21.853819,508.78195,28.451584,147.99254
762,1118936220500,1,-24.712,629.392,-23.847399,597.8085,28.94367,144.14705
762,1118936220500,3,-24.356,631.064,-22.642584,568.63776,28.731522,151.37968
762,1118936220500,5,-24.196,633.347,-21.386059,514.37427,28.451584,147.99254
762,1118936221000,1,-24.712,629.349,-23.847399,600.5104,28.94367,144.14705
762,1118936221000,3,-24.196,633.347,-22.230469,568.31384,28.731522,151.37968
762,1118936221000,5,-24.196,633.347,-20.670328,512.25244,28.451584,147.99254
762,1118936221600,1,-24.356,631.064,-23.847399,600.5104,28.94367,144.14705
762,1118936221600,3,-24.196,633.347,-22.247725,571.28143,28.731522,151.37968
762,1118936221600,5,-24.196,633.347,-20.589619,513.5892,28.451584,147.99254
762,1118936230200,1,-24.196,633.347,-23.56883,600.5104,28.94367,144.14705
762,1118936230200,3,-24.196,633.347,-21.727978,580.3047,28.731522,151.37968
762,1118936230200,5,-24.196,633.347,-21.045614,513.5892,28.451584,147.99254
762,1118936231500,1,-24.196,633.347,-23.419153,621.19183,28.94367,144.14705
762,1118936231500,3,-24.196,633.347,-17.810143,584.56396,28.731522,151.37968
762,1118936231500,5,-24.196,633.347,-21.083647,528.58594,28.451584,147.99254
762,1118936236700,1,-24.196,633.347,-23.53854,621.19183,28.94367,144.14705
762,1118936236700,3,-24.196,633.347,-22.245598,590.1835,28.731522,151.37968
762,1118936236700,5,-24.196,633.347,-20.927032,545.7537,28.451584,147.99254
762,1118936237000,1,-24.196,633.347,-23.206108,624.524,28.94367,144.14705
762,1118936237000,3,-24.196,633.347,-21.474028,594.57996,28.731522,151.37968
762,1118936237000,5,-24.196,633.347,-21.085146,547.18585,28.451584,147.99254
762,1118936240100,1,-24.196,633.347,-23.56883,623.92346,28.94367,144.14705
762,1118936240100,3,-24.196,633.347,-21.474028,596.9727,28.731522,151.37968
762,1118936240100,5,-24.196,633.347,-21.085146,548.45197,28.451584,147.99254
762,1118936240400,1,-24.196,633.347,-23.56883,623.92346,28.94367,144.14705
762,1118936240400,3,-24.196,633.347,-21.268776,596.9727,28.731522,151.37968
762,1118936240400,5,-24.196,633.347,-21.085146,545.65204,28.451584,147.99254
762,1118936241200,1,-24.196,633.347,-23.56883,623.92346,28.94367,144.14705
762,1118936241200,3,-24.196,633.347,-21.268776,596.9727,28.731522,151.37968
762,1118936241200,5,-24.226,625.847,-20.433092,545.65204,28.451584,147.99254
762,1118936242400,1,-24.196,633.347,-23.56883,623.92346,28.94367,144.14705
762,1118936242400,3,-24.196,633.347,-21.487116,596.9727,28.731522,151.37968
762,1118936242400,5,-24.226,625.847,-20.707737,548.98975,28.451584,147.99254
762,1118936242600,1,-24.196,633.347,-23.56883,623.92346,28.94367,144.14705
762,1118936242600,3,-24.226,625.847,-21.325144,596.9727,28.731522,151.37968
762,1118936242600,5,-24.767,610.745,-20.705557,548.98975,28.451584,147.99254
762,1118936244600,1,-24.196,633.347,-23.56883,623.92346,28.94367,144.14705
762,1118936244600,3,-24.226,625.847,-21.268776,596.9727,28.731522,151.37968
762,1118936244600,5,-24.37,529.417,-20.705557,545.65204,28.451584,147.99254
762,1118936245800,1,-24.226,625.847,-23.56883,623.92346,28.94367,144.14705
762,1118936245800,3,-24.767,610.745,-21.268776,596.9727,28.731522,151.37968
762,1118936245800,5,-19.833,431.916,-20.705557,545.65204,28.451584,147.99254
762,1118936249500,1,-24.226,625.847,-23.579988,623.92346,28.94367,144.14705
762,1118936249500,3,-24.37,529.417,-21.29889,576.24817,28.731522,151.37968
762,1118936249500,5,-12.692,376.567,-19.387823,523.90405,28.451584,147.99254
762,1118936250200,1,-24.767,610.745,-23.56883,600.5401,28.94367,144.14705
762,1118936250200,3,-19.833,431.916,-21.268776,583.6902,28.731522,151.37968
762,1118936250200,5,-12.333,373.058,-20.705557,530.6553,28.451584,147.99254
762,1118936254500,1,-24.37,529.417,-23.939005,618.0389,28.94367,144.14705
762,1118936254500,3,-12.692,376.567,-21.29889,570.6286,28.731522,151.37968
762,1118936254500,5,-6.341,216.797,-18.919304,506.41248,28.451584,147.99254
762,1118936258700,1,-19.833,431.916,-23.449444,501.51215,28.94367,144.14705
762,1118936258700,3,-12.333,373.058,-19.776802,466.74234,28.731522,151.37968
762,1118936258700,5,7.052,9.843,-15.620903,468.49805,28.451584,147.99254
762,1118936262100,1,-12.692,376.567,-21.15574,418.02478,28.94367,144.14705
762,1118936262100,3,-6.341,216.797,-16.110348,366.40567,28.731522,151.37968
762,1118936262100,5,6.271,11.884,-12.27945,372.89633,28.451584,147.99254
762,1118936263700,1,-12.333,373.058,-10.940737,352.83527,28.94367,144.14705
762,1118936263700,3,7.052,9.843,-12.6734295,336.41507,28.731522,151.37968
762,1118936263700,5,6.272,11.925,-9.106079,334.52725,28.451584,147.99254
762,1118936263800,1,-6.341,216.797,-12.354632,348.96326,28.94367,144.14705
762,1118936263800,3,6.271,11.884,-11.600831,340.44418,28.731522,151.37968
762,1118936263800,5,6.272,12.076,-2.91758,336.06107,28.451584,147.99254
762,1118936268000,1,7.052,9.843,-6.389714,220.37325,28.943665,144.14705
762,1118936268000,3,6.272,11.925,15.723056,186.55325,28.731522,151.37967
762,1118936268000,5,6.272,12.141,12.962848,295.3939,28.451584,147.99254
762,1118937103200,1,6.271,11.884,6.0976763,131.73244,28.892138,143.50685
762,1118937103200,3,6.272,12.076,15.2295,198.58788,28.720037,151.31763
762,1118937103200,5,6.272,12.146,10.912014,299.9877,28.44468,147.9577
762,1118937106700,1,6.272,11.925,6.0490193,135.67714,28.873394,143.504
762,1118937106700,3,6.272,12.141,11.457586,224.48941,28.723036,151.33394
762,1118937106700,5,6.273,12.31,7.2277994,335.7534,28.44636,147.9661
762,1118937107400,1,6.272,12.076,6.8115916,154.43117,28.829618,143.2839
762,1118937107400,3,6.272,12.146,4.013416,272.52032,28.72303,151.33397
762,1118937107400,5,6.273,12.432,5.383864,385.09418,28.446457,147.96663
762,1118937110000,1,6.272,12.141,7.4903064,202.68216,28.036549,140.74397
762,1118937110000,3,6.273,12.31,4.38126,474.27258,28.72317,151.33473
762,1118937110000,5,6.273,12.461,1.2884959,476.33182,28.44658,147.96725
762,1118937111100,1,6.272,12.146,7.4741874,202.68216,26.289732,135.2506
762,1118937111100,3,6.273,12.432,2.613187,521.7743,28.723185,151.33484
762,1118937111100,5,6.273,12.597,1.336807,489.15546,28.446634,147.96753
762,1118937111200,1,6.273,12.31,7.4741874,263.90167,25.926937,134.05272
762,1118937111200,3,6.273,12.461,2.613187,555.5705,28.723137,151.33461
762,1118937111200,5,6.274,12.686,1.452823,413.46533,28.44664,147.96753
762,1118937114000,1,6.273,12.432,6.6826687,263.90167,25.91464,134.00838
762,1118937114000,3,6.273,12.597,2.7430043,549.73645,28.723278,151.33536
762,1118937114000,5,6.275,13.133,1.4550034,394.8534,28.44676,147.96812
762,1118937116100,1,6.273,12.461,6.6826687,263.90167,25.914547,134.03279
762,1118937116100,3,6.274,12.686,2.7321517,533.26556,28.72329,151.33551
762,1118937116100,5,6.275,13.174,4.3977847,393.20996,28.446842,147.96858
762,1118937116600,1,6.273,12.597,6.6826687,263.90167,25.914337,134.04877
762,1118937116600,3,6.275,13.133,2.7321517,533.26556,28.72339,151.33603
762,1118937116600,5,6.275,13.247,4.7773743,389.87225,28.44687,147.96872
762,1118937118500,1,6.274,12.686,6.6826687,263.90167,25.914669,134.07257
762,1118937118500,3,6.275,13.174,2.7321517,533.26556,28.723574,151.33699
762,1118937118500,5,6.275,13.304,4.7773743,389.87225,28.446976,147.96924
762,1118937119600,1,6.275,13.133,6.6826687,263.90167,25.914854,134.09229
762,1118937119600,3,6.275,13.247,2.7321517,533.26556,28.723694,151.33765
762,1118937119600,5,6.276,13.474,4.7773743,389.87225,28.447044,147.96957
762,1118937125100,1,6.275,13.174,6.6826687,263.90167,25.91696,134.15085
762,1118937125100,3,6.275,13.304,2.7321517,533.26556,28.724241,151.34058
762,1118937125100,5,12.519,45.788,4.7773743,389.87225,28.447365,147.97119
762,1118937125600,1,6.275,13.247,6.6826687,263.90167,25.916895,134.17412
762,1118937125600,3,6.276,13.474,2.7321517,533.26556,28.724304,151.34093
762,1118937125600,5,27.136,75.069,4.7773743,389.87225,28.447393,147.97134
762,1118937126500,1,6.275,13.304,6.6826687,263.90167,25.916855,134.19412
762,1118937126500,3,12.519,45.788,2.7321517,533.26556,28.724405,151.34145
762,1118937126500,5,42.471,130.096,4.7773743,389.87225,28.447441,147.97157
762,1118937127200,1,6.276,13.474,6.6826687,263.90167,25.916742,134.20952
762,1118937127200,3,27.136,75.069,2.7321517,533.26556,28.724483,151.34184
762,1118937127200,5,51.309,288.945,4.7773743,389.87225,28.447483,147.97177
762,1118937129300,1,12.519,45.788,6.6826687,263.90167,25.917269,134.23389
762,1118937129300,3,42.471,130.096,2.7321517,533.26556,28.724678,151.3429
762,1118937129300,5,51.97,313.42,4.7773743,389.87225,28.447596,147.97235
762,1118937133700,1,27.136,75.069,14.300737,263.90167,25.980251,134.99174
762,1118937133700,3,51.309,288.945,11.149526,533.35565,28.731337,151.37872
762,1118937133700,5,88.21,380.467,13.009546,390.53513,28.451502,147.99205
782,1118936200200,1,31.282,57.065,50.431793,115.12471,29.121885,143.18143
782,1118936200200,3,27.084,64.378,47.930523,291.84863,28.731441,151.37923
782,1118936200200,5,22.208,141.214,48.384678,511.24417,28.451508,147.99207
782,1118936201400,1,30.206,59.034,29.82101,143.56778,28.966942,143.9985
782,1118936201400,3,21.626,113.595,28.196957,198.40605,28.731312,151.3783
782,1118936201400,5,27.989,239.818,32.8264,294.98087,28.451576,147.9917
782,1118936201500,1,27.084,64.378,30.858768,238.1983,28.955564,144.07497
782,1118936201500,3,22.208,141.214,30.300724,246.20868,28.73139,151.37878
782,1118936201500,5,29.178,272.872,32.69712,351.9282,28.451572,147.99197
782,1118936201800,1,21.626,113.595,27.85095,279.26492,28.948568,144.11781
782,1118936201800,3,27.989,239.818,27.440798,297.62912,28.731457,151.37924
782,1118936201800,5,29.397,282.447,28.179918,362.55612,28.451574,147.99225
782,1118936204100,1,22.208,141.214,21.36769,200.33768,28.943666,144.14641
782,1118936204100,3,29.178,272.872,23.589853,335.44577,28.73152,151.37967
782,1118936204100,5,29.408,283.11,24.581001,412.05975,28.451582,147.99254
782,1118936205100,1,27.989,239.818,23.608458,209.2705,28.943665,144.14693
782,1118936205100,3,29.397,282.447,24.654678,344.25858,28.731522,151.37967
782,1118936205100,5,29.408,283.11,26.570856,474.03506,28.451582,147.99254
782,1118936209100,1,29.178,272.872,29.161219,269.47144,28.943663,144.14702
782,1118936209100,3,29.408,283.11,28.381138,382.72202,28.731522,151.37967
782,1118936209100,5,29.408,283.11,28.755798,501.84073,28.451584,147.99254
782,1118936211400,1,29.397,282.447,28.721268,291.96857,28.94365,144.14696
782,1118936211400,3,29.408,283.11,28.84877,351.74777,28.731504,151.3796
782,1118936211400,5,29.408,283.11,29.020655,395.60712,28.451574,147.9925
782,1118936213400,1,29.408,283.11,29.418451,336.64484,28.943655,144.14699
782,1118936213400,3,29.408,283.11,29.44511,395.5898,28.73151,151.37962
782,1118936213400,5,29.408,283.11,28.745789,424.73218,28.451574,147.99251
782,1118936216500,1,29.408,283.11,29.358093,334.6923,28.943663,144.14702
782,1118936216500,3,29.408,283.11,29.205963,385.33417,28.731516,151.37965
782,1118936216500,5,29.408,283.11,29.222391,416.6174,28.451578,147.99252
782,1118936216700,1,29.408,283.11,29.358093,334.87894,28.943666,144.14703
782,1118936216700,3,29.408,283.11,29.262726,386.56155,28.731518,151.37967
782,1118936216700,5,29.408,283.11,28.814863,405.47415,28.45158,147.99252
782,1118936218100,1,29.408,283.11,29.422928,331.5468,28.943668,144.14705
782,1118936218100,3,29.408,283.11,29.226603,379.34216,28.731522,151.37968
782,1118936218100,5,29.408,283.11,29.08755,388.11722,28.451584,147.99254
782,1118936219000,1,29.408,283.11,29.422928,331.0239,28.94367,144.14705
782,1118936219000,3,29.408,283.11,29.170235,372.60635,28.731522,151.37968
782,1118936219000,5,29.408,283.11,29.134361,387.47153,28.451584,147.99254
782,1118936222700,1,29.408,283.11,29.422928,331.0239,28.94367,144.14705
782,1118936222700,3,29.408,283.11,29.170235,372.60635,28.731522,151.37968
782,1118936222700,5,29.408,283.11,29.164108,392.51364,28.451584,147.99254
782,1118936223100,1,29.408,283.11,29.422928,331.0239,28.94367,144.14705
782,1118936223100,3,29.408,283.11,29.170235,372.60635,28.731522,151.37968
782,1118936223100,5,29.408,283.11,29.250378,397.53015,28.451584,147.99254
782,1118936223500,1,29.408,283.11,29.422928,331.0239,28.94367,144.14705
782,1118936223500,3,29.408,283.11,29.206358,375.5739,28.731522,151.37968
782,1118936223500,5,29.408,283.11,29.252558,402.0513,28.451584,147.99254
782,1118936225500,1,29.408,283.11,29.422928,331.0239,28.94367,144.14705
782,1118936225500,3,29.408,283.11,29.262726,375.5739,28.731522,151.37968
782,1118936225500,5,29.408,283.11,29.252558,398.71362,28.451584,147.99254
782,1118936226400,1,29.408,283.11,29.422928,331.0239,28.94367,144.14705
782,1118936226400,3,29.408,283.11,29.262726,375.5739,28.731522,151.37968
782,1118936226400,5,29.408,283.11,29.252558,398.71362,28.451584,147.99254
782,1118936228400,1,29.408,283.11,29.422928,331.0239,28.94367,144.14705
782,1118936228400,3,29.408,283.11,29.262726,375.5739,28.731522,151.37968
782,1118936228400,5,29.408,283.11,29.252558,398.71362,28.451584,147.99254
782,1118936229000,1,29.408,283.11,29.422928,331.0239,28.94367,144.14705
782,1118936229000,3,29.408,283.11,29.262726,375.5739,28.731522,151.37968
782,1118936229000,5,29.424,284.059,29.252558,398.71362,28.451584,147.99254
782,1118936229700,1,29.408,283.11,29.422928,331.0239,28.94367,144.14705
782,1118936229700,3,29.408,283.11,29.262726,375.5739,28.731522,151.37968
782,1118936229700,5,29.475,287.108,29.252558,398.71362,28.451584,147.99254
782,1118936235300,1,29.408,283.11,29.422928,331.0239,28.94367,144.14705
782,1118936235300,3,29.424,284.059,29.262726,375.5739,28.731522,151.37968
782,1118936235300,5,29.502,288.74,29.252558,398.71362,28.451584,147.99254
782,1118936235800,1,29.408,283.11,29.422928,331.0239,28.94367,144.14705
782,1118936235800,3,29.475,287.108,29.262726,375.5739,28.731522,151.37968
782,1118936235800,5,29.508,289.074,29.252558,398.71362,28.451584,147.99254
782,1118936236600,1,29.424,284.059,29.422928,331.0239,28.94367,144.14705
782,1118936236600,3,29.502,288.74,29.262726,375.5739,28.731522,151.37968
782,1118936236600,5,29.542,291.109,29.252558,398.71362,28.451584,147.99254
782,1118936238800,1,29.475,287.108,29.422928,331.0239,28.94367,144.14705
782,1118936238800,3,29.508,289.074,29.273647,375.5739,28.731522,151.37968
782,1118936238800,5,29.542,291.109,29.12463,398.71362,28.451584,147.99254
782,1118936244000,1,29.502,288.74,29.341974,331.0239,28.94367,144.14705
782,1118936244000,3,29.542,291.109,29.273647,375.5739,28.731522,151.37968
782,1118936244000,5,29.542,291.109,29.020655,398.71362,28.451584,147.99254
782,1118936245000,1,29.508,289.074,29.358093,331.0239,28.94367,144.14705
782,1118936245000,3,29.542,291.109,29.26078,375.5739,28.731522,151.37968
782,1118936245000,5,29.542,291.109,29.020655,398.71362,28.451584,147.99254
782,1118936245200,1,29.542,291.109,29.358093,331.0239,28.94367,144.14705
782,1118936245200,3,29.542,291.109,29.26078,375.5739,28.731522,151.37968
782,1118936245200,5,29.542,291.109,29.020655,398.71362,28.451584,147.99254
782,1118936248800,1,29.542,291.109,29.358093,334.35602,28.94367,144.14705
782,1118936248800,3,29.542,291.109,29.273647,375.5739,28.731522,151.37968
782,1118936248800,5,29.542,291.111,29.020655,398.71362,28.451584,147.99254
782,1118936251400,1,29.542,291.109,29.358093,334.35602,28.94367,144.14705
782,1118936251400,3,29.542,291.109,29.061338,375.5739,28.731522,151.37968
782,1118936251400,5,29.588,293.976,29.511993,398.71362,28.451584,147.99254
782,1118936253300,1,29.542,291.109,29.439047,331.0239,28.94367,144.14705
782,1118936253300,3,29.542,291.111,29.061338,375.5739,28.731522,151.37968
782,1118936253300,5,29.671,297.108,29.615969,398.71362,28.451584,147.99254
782,1118936253900,1,29.542,291.109,29.422928,331.0239,28.94367,144.14705
782,1118936253900,3,29.588,293.976,29.061338,375.5739,28.731522,151.37968
782,1118936253900,5,29.149,298.676,29.615969,398.71362,28.451584,147.99254
782,1118936254400,1,29.542,291.111,29.422928,331.0239,28.94367,144.14705
782,1118936254400,3,29.671,297.108,29.061338,375.5739,28.731522,151.37968
782,1118936254400,5,29.174,298.984,29.652515,402.0513,28.451584,147.99254
782,1118936255600,1,29.588,293.976,29.422928,331.0239,28.94367,144.14705
782,1118936255600,3,29.149,298.676,29.061338,375.5739,28.731522,151.37968
782,1118936255600,5,29.173,298.965,29.652515,402.0513,28.451584,147.99254
782,1118936257700,1,29.671,297.108,29.422928,331.0239,28.94367,144.14705
782,1118936257700,3,29.174,298.984,29.463316,375.5739,28.731522,151.37968
782,1118936257700,5,29.306,306.788,29.12463,402.0513,28.451584,147.99254
782,1118936258800,1,29.149,298.676,29.693546,331.0239,28.94367,144.14705
782,1118936258800,3,29.173,298.965,29.613163,375.5739,28.731522,151.37968
782,1118936258800,5,25.763,376.93,29.020655,402.0513,28.451584,147.99254
782,1118936259900,1,29.174,298.984,28.567999,334.35602,28.94367,144.14705
782,1118936259900,3,29.306,306.788,28.644691,372.44882,28.731522,151.37968
782,1118936259900,5,24.515,386.443,29.020655,398.28815,28.451584,147.99254
782,1118936260600,1,29.173,298.965,29.019396,334.35602,28.94367,144.14705
782,1118936260600,3,25.763,376.93,28.687674,377.5762,28.731522,151.37968
782,1118936260600,5,15.583,630.769,29.020655,398.71362,28.451584,147.99254
782,1118936262000,1,29.306,306.788,29.019396,334.87894,28.94367,144.14705
782,1118936262000,3,24.515,386.443,28.475365,375.5739,28.731522,151.37968
782,1118936262000,5,13.72,730.907,29.67674,398.71362,28.451584,147.99254
782,1118936265900,1,25.763,376.93,29.439047,326.65335,28.94367,144.14705
782,1118936265900,3,15.583,630.769,29.26078,372.05673,28.731522,151.37968
782,1118936265900,5,13.569,736.446,28.888777,383.71683,28.451584,147.99254
782,1118936269200,1,24.515,386.443,25.59094,404.71893,28.94367,144.14705
782,1118936269200,3,13.72,730.907,25.063961,494.87146,28.731522,151.37968
782,1118936269200,5,29.823,904.65,25.350307,569.5705,28.451584,147.99254
782,1118936269500,1,15.583,630.769,22.180258,444.96906,28.94367,144.14705
782,1118936269500,3,13.569,736.446,24.137537,528.79785,28.731522,151.37968
782,1118936269500,5,34.752,960.586,24.808893,679.92975,28.451584,147.99254
782,1118936275500,1,13.72,730.907,15.392034,690.16296,28.94367,144.14705
782,1118936275500,3,29.823,904.65,16.06196,830.59485,28.731522,151.37968
782,1118936275500,5,28.773,1177.089,17.296597,968.2442,28.451584,147.99254
782,1118936277300,1,13.569,736.446,14.397504,803.9612,28.94367,144.14705
782,1118936277300,3,34.752,960.586,15.545302,950.0758,28.731522,151.37968
782,1118936277300,5,35.379,1404.387,18.479084,1080.6584,28.451584,147.99254
782,1118936277400,1,29.823,904.65,14.130011,820.44904,28.94367,144.14705
782,1118936277400,3,28.773,1177.089,15.493802,985.57556,28.731522,151.37968
782,1118936277400,5,-14.423,1628.622,18.507198,1124.0924,28.451584,147.99254
782,1118936280500,1,34.752,960.586,29.721546,930.3272,28.94367,144.14705
782,1118936280500,3,35.379,1404.387,28.825935,1134.5033,28.731522,151.37968
782,1118936280500,5,-13.572,1623.701,28.308746,1221.7203,28.451584,147.99254
782,1118936281400,1,28.773,1177.089,32.962547,819.66736,28.94367,144.14705
782,1118936281400,3,-14.423,1628.622,30.522951,1148.2587,28.731522,151.37968
782,1118936281400,5,-13.477,1623.576,34.68412,1025.2616,28.451584,147.99254
782,1118936285100,1,35.379,1404.387,28.538902,1253.2783,28.94367,144.14705
782,1118936285100,3,-13.572,1623.701,28.552046,1145.3314,28.731522,151.37968
782,1118936285100,5,-13.417,1623.497,27.942299,1253.7644,28.451584,147.99254
782,1118936289400,1,-14.423,1628.622,34.777905,1456.4874,28.94367,144.14705
782,1118936289400,3,-13.477,1623.576,34.035774,1420.6118,28.731522,151.37968
782,1118936289400,5,-13.074,1623.041,34.059387,1315.0625,28.451584,147.99254
782,1118937114300,1,-13.572,1623.701,-2.5793245,1471.4799,28.94367,144.14705
782,1118937114300,3,-13.417,1623.497,7.1857815,1203.5573,28.731522,151.37968
782,1118937114300,5,-12.83,1622.725,8.004187,1217.441,28.451584,147.99254
782,1118937118800,1,-13.477,1623.576,-8.058971,1534.6139,28.94367,144.14705
782,1118937118800,3,-13.074,1623.041,-1.9693931,1424.645,28.731522,151.37968
782,1118937118800,5,-12.83,1622.729,2.682555,1046.7473,28.451584,147.99254
782,1118937119900,1,-13.417,1623.497,-10.424569,1451.1772,28.94367,144.14705
782,1118937119900,3,-12.83,1622.725,-9.64809,1300.8992,28.731522,151.37968
782,1118937119900,5,-12.823,1622.742,-6.39599,1233.5461,28.451584,147.99254
782,1118937120600,1,-13.074,1623.041,-12.1886425,1466.8832,28.94367,144.14705
782,1118937120600,3,-12.83,1622.729,-9.968797,1349.959,28.731522,151.37968
782,1118937120600,5,-12.816,1622.758,-8.286806,1219.7198,28.451584,147.99254
782,1118937124600,1,-12.83,1622.725,-12.202974,1468.5142,28.94367,144.14705
782,1118937124600,3,-12.823,1622.742,-11.947087,1318.3401,28.731522,151.37968
782,1118937124600,5,-12.798,1622.793,-8.4335,1155.5088,28.451584,147.99254
782,1118937127600,1,-12.83,1622.729,-12.202974,1464.77,28.94367,144.14705
782,1118937127600,3,-12.816,1622.758,-12.291611,1376.6068,28.731522,151.37968
782,1118937127600,5,-12.781,1622.827,-8.484399,1121.1088,28.451584,147.99254
782,1118937127800,1,-12.823,1622.742,-13.183605,1464.77,28.94367,144.14705
782,1118937127800,3,-12.798,1622.793,-12.043941,1314.5743,28.731522,151.37968
782,1118937127800,5,-12.768,1622.853,-9.698404,1113.9658,28.451584,147.99254
782,1118937128500,1,-12.816,1622.758,-13.183605,1483.3822,28.94367,144.14705
782,1118937128500,3,-12.781,1622.827,-12.818248,1189.9778,28.731522,151.37968
782,1118937128500,5,-12.767,1622.854,-9.832005,996.71124,28.451584,147.99254
782,1118937129400,1,-12.798,1622.793,-13.183605,1483.3822,28.94367,144.14705
782,1118937129400,3,-12.768,1622.853,-12.624944,1195.5973,28.731522,151.37968
782,1118937129400,5,-12.761,1622.867,-10.211595,1023.3085,28.451584,147.99254
782,1118937131500,1,-12.781,1622.827,-13.183605,1483.3822,28.94367,144.14705
782,1118937131500,3,-12.767,1622.854,-12.624944,1199.9938,28.731522,151.37968
782,1118937131500,5,-12.759,1622.87,-9.832005,1027.8296,28.451584,147.99254
782,1118937133500,1,-12.768,1622.853,-13.183605,1486.1138,28.94367,144.14705
782,1118937133500,3,-12.761,1622.867,-12.624944,1202.3866,28.731522,151.37968
782,1118937133500,5,-12.736,1622.918,-9.832005,1027.8296,28.451584,147.99254
782,1118937135000,1,-12.767,1622.854,-13.183605,1486.1138,28.94367,144.14705
782,1118937135000,3,-12.759,1622.87,-12.064929,1202.3866,28.731522,151.37968
782,1118937135000,5,-12.73,1622.93,-9.745737,1027.8296,28.451584,147.99254
782,1118937135100,1,-12.761,1622.867,-13.183605,1486.1138,28.94367,144.14705
782,1118937135100,3,-12.736,1622.918,-12.028807,1202.3866,28.731522,151.37968
782,1118937135100,5,-12.727,1622.935,-9.743557,1027.8296,28.451584,147.99254
782,1118937135800,1,-12.759,1622.87,-13.183605,1486.1138,28.94367,144.14705
782,1118937135800,3,-12.73,1622.93,-12.222111,1202.3866,28.731522,151.37968
782,1118937135800,5,-12.724,1622.943,-9.743557,1022.60016,28.451584,147.99254
782,1118937136000,1,-12.736,1622.918,-13.183605,1486.1138,28.94367,144.14705
782,1118937136000,3,-12.727,1622.935,-12.222111,1202.3866,28.731522,151.37968
782,1118937136000,5,-12.705,1622.98,-9.743557,1027.8296,28.451584,147.99254
782,1118937138800,1,-12.73,1622.93,-13.183605,1486.1138,28.94367,144.14705
782,1118937138800,3,-12.724,1622.943,-12.222111,1202.3866,28.731522,151.37968
782,1118937138800,5,-12.676,1623.038,-9.743557,1022.60016,28.451584,147.99254
782,1118937139500,1,-12.727,1622.935,-13.183605,1486.1138,28.94367,144.14705
782,1118937139500,3,-12.705,1622.98,-12.222111,1202.3866,28.731522,151.37968
782,1118937139500,5,-8.845,1564.572,-9.743557,1022.60016,28.451584,147.99254
782,1118937139800,1,-12.724,1622.943,-13.183605,1486.1138,28.94367,144.14705
782,1118937139800,3,-12.676,1623.038,-12.222111,1202.3866,28.731522,151.37968
782,1118937139800,5,-1.215,1512.122,-9.743557,1022.60016,28.451584,147.99254
782,1118937140200,1,-12.705,1622.98,-13.183605,1486.1138,28.94367,144.14705
782,1118937140200,3,-8.845,1564.572,-12.222111,1202.3866,28.731522,151.37968
782,1118937140200,5,-3.277,1446.984,-9.743557,1022.60016,28.451584,147.99254
782,1118937142400,1,-12.676,1623.038,-13.183605,1486.1138,28.94367,144.14705
782,1118937142400,3,-1.215,1512.122,-12.222111,1202.3866,28.731522,151.37968
782,1118937142400,5,-4.963,1425.915,-9.743557,1027.8296,28.451584,147.99254
782,1118937145800,1,-8.845,1564.572,-13.183605,1486.1138,28.94367,144.14705
782,1118937145800,3,-3.277,1446.984,-12.222111,1202.3866,28.731522,151.37968
782,1118937145800,5,-16.796,1275.842,-9.743557,1022.60016,28.451584,147.99254
782,1118937150900,1,-1.215,1512.122,-6.967593,1508.3391,28.94367,144.14705
782,1118937150900,3,-4.963,1425.915,-7.631036,1371.5356,28.731522,151.37968
782,1118937150900,5,-9.918,1157.859,-7.867451,1188.1218,28.451584,147.99254
782,1118937152600,1,-3.277,1446.984,-5.3483214,1481.8215,28.94367,144.14705
782,1118937152600,3,-16.796,1275.842,-6.8680496,1377.466,28.731522,151.37968
782,1118937152600,5,-7.164,1137.689,-7.89271,1218.8677,28.451584,147.99254
782,1118937154300,1,-4.963,1425.915,-6.120131,1408.2297,28.94367,144.14705
782,1118937154300,3,-9.918,1157.859,-5.5821037,1358.9799,28.731522,151.37968
782,1118937154300,5,0.084,1109.828,-4.424173,1146.7502,28.451584,147.99254
804,1118936218400,1,-23.226,1640.777,-7.98884,1652.9583,28.94367,144.14705
804,1118936218400,3,-22.992,1635.91,-3.7739363,1681.7166,28.731522,151.37968
804,1118936218400,5,-23.993,1634.523,-2.1644204,1590.3632,28.451584,147.99254
804,1118936218700,1,-22.859,1636.095,-15.115205,1609.6779,28.94367,144.14705
804,1118936218700,3,-23.961,1634.568,-13.733481,1519.46,28.731522,151.37968
804,1118936218700,5,-23.993,1634.523,-5.174179,1571.061,28.451584,147.99254
804,1118936220600,1,-22.992,1635.91,-19.193047,1541.6383,28.94367,144.14705
804,1118936220600,3,-23.993,1634.523,-19.778591,1440.7898,28.731522,151.37968
804,1118936220600,5,-23.993,1634.523,-13.865439,1471.5741,28.451584,147.99254
804,1118936221000,1,-23.961,1634.568,-21.295103,1529.8334,28.94367,144.14705
804,1118936221000,3,-23.993,1634.523,-18.587196,1426.0953,28.731522,151.37968
804,1118936221000,5,-23.993,1634.523,-14.935012,1479.9164,28.451584,147.99254
804,1118936223900,1,-23.993,1634.523,-23.608433,1542.2446,28.94367,144.14705
804,1118936223900,3,-23.993,1634.523,-21.127453,1374.439,28.731522,151.37968
804,1118936223900,5,-23.993,1634.523,-15.216737,1508.1292,28.451584,147.99254
804,1118936225600,1,-23.993,1634.523,-23.567017,1537.6188,28.94367,144.14705
804,1118936225600,3,-23.993,1634.523,-21.115484,1395.4968,28.731522,151.37968
804,1118936225600,5,-23.993,1634.521,-16.37185,1502.8872,28.451584,147.99254
804,1118936236600,1,-23.993,1634.523,-24.476131,1496.1055,28.94367,144.14705
804,1118936236600,3,-23.993,1634.523,-20.68984,1319.6864,28.731522,151.37968
804,1118936236600,5,-23.993,1634.339,-18.554235,1361.7806,28.451584,147.99254
804,1118936237200,1,-23.993,1634.523,-24.476131,1516.3007,28.94367,144.14705
804,1118936237200,3,-23.993,1634.521,-22.171638,1311.0787,28.731522,151.37968
804,1118936237200,5,-23.944,1634.04,-19.235592,1187.7133,28.451584,147.99254
804,1118936238200,1,-23.993,1634.523,-24.476131,1516.3007,28.94367,144.14705
804,1118936238200,3,-23.993,1634.339,-21.978334,1308.1112,28.731522,151.37968
804,1118936238200,5,-26.112,1583.201,-20.458063,1216.1296,28.451584,147.99254
804,1118936239900,1,-23.993,1634.521,-24.476131,1519.0322,28.94367,144.14705
804,1118936239900,3,-23.944,1634.04,-21.987722,1315.4753,28.731522,151.37968
804,1118936239900,5,-16.976,1544.776,-21.197206,1216.1296,28.451584,147.99254
804,1118936245500,1,-23.993,1634.339,-24.476131,1519.0322,28.94367,144.14705
804,1118936245500,3,-26.112,1583.201,-22.181026,1317.868,28.731522,151.37968
804,1118936245500,5,-28.523,1282.495,-21.197206,1215.4213,28.451584,147.99254
804,1118936246000,1,-23.944,1634.04,-24.476131,1517.0975,28.94367,144.14705
804,1118936246000,3,-16.976,1544.776,-21.621012,1317.868,28.731522,151.37968
804,1118936246000,5,-27.098,1263.83,-20.196173,1213.2808,28.451584,147.99254
804,1118936246100,1,-26.112,1583.201,-24.356745,1495.2166,28.94367,144.14705
804,1118936246100,3,-28.523,1282.495,-20.882498,1288.4174,28.731522,151.37968
804,1118936246100,5,-17.115,1007.929,-18.002329,1167.264,28.451584,147.99254
804,1118936249700,1,-16.976,1544.776,-28.257862,1514.74,28.94367,144.14705
804,1118936249700,3,-27.098,1263.83,-20.810467,1418.7875,28.731522,151.37968
804,1118936249700,5,-16.186,998.185,-16.579075,1087.6715,28.451584,147.99254
804,1118936251600,1,-28.523,1282.495,-14.250719,1487.0554,28.94367,144.14705
804,1118936251600,3,-17.115,1007.929,-14.8302,1418.3615,28.731522,151.37968
804,1118936251600,5,-15.101,977.546,-13.244737,1198.9845,28.451584,147.99254
804,1118936258900,1,-27.098,1263.83,-27.95607,1276.6531,28.94367,144.14705
804,1118936258900,3,-16.186,998.185,-20.566483,1211.8619,28.731522,151.37968
804,1118936258900,5,-27.486,829.899,-2.974619,1063.103,28.451584,147.99254
804,1118936259400,1,-17.115,1007.929,-27.637304,1236.3066,28.94367,144.14705
804,1118936259400,3,-15.101,977.546,-17.87889,1193.5032,28.731522,151.37968
804,1118936259400,5,-29.08,816.333,-23.588974,1083.7416,28.451584,147.99254
804,1118936265500,1,-16.186,998.185,-13.788156,970.1203,28.94367,144.14705
804,1118936265500,3,-27.486,829.899,-15.910356,844.6946,28.731522,151.37968
804,1118936265500,5,-34.765,758.245,-15.194539,783.051,28.451584,147.99254
804,1118936265700,1,-15.101,977.546,-13.133042,972.46985,28.94367,144.14705
804,1118936265700,3,-29.08,816.333,-13.503883,863.06366,28.731522,151.37968
804,1118936265700,5,-34.804,753.718,-4.060606,831.2712,28.451584,147.99254
804,1118936266200,1,-27.486,829.899,-13.028139,943.2243,28.94367,144.14705
804,1118936266200,3,-34.765,758.245,-10.782832,831.42676,28.731522,151.37968
804,1118936266200,5,-34.605,740.588,-5.041383,831.5947,28.451584,147.99254
804,1118936269600,1,-29.08,816.333,-26.01865,789.11554,28.94367,144.14705
804,1118936269600,3,-34.804,753.718,-18.662796,668.8672,28.731522,151.37968
804,1118936269600,5,-33.203,643.192,-16.470627,573.6649,28.451584,147.99254
804,1118936269900,1,-34.765,758.245,-26.8338,779.6235,28.94367,144.14705
804,1118936269900,3,-34.605,740.588,-16.910515,639.88965,28.731522,151.37968
804,1118936269900,5,-34.247,514.08,-17.97574,589.9647,28.451584,147.99254
804,1118936271100,1,-34.804,753.718,3.016877,613.3166,28.94367,144.14705
804,1118936271100,3,-33.203,643.192,1.9458933,580.2398,28.731522,151.37968
804,1118936271100,5,-33.426,454.723,-11.680053,493.6222,28.451584,147.99254
804,1118936271200,1,-34.605,740.588,3.6906974,616.8186,28.94367,144.14705
804,1118936271200,3,-34.247,514.08,-0.60244215,582.8997,28.731522,151.37968
804,1118936271200,5,-17.931,145.629,-11.578769,519.2584,28.451584,147.99254
804,1118936271500,1,-33.203,643.192,0.012755002,603.09766,28.94367,144.14705
804,1118936271500,3,-33.426,454.723,-3.4869995,594.1033,28.731522,151.37968
804,1118936271500,5,-17.994,141.738,-8.426292,569.435,28.451584,147.99254
804,1118936273600,1,-34.247,514.08,-2.8757164,503.741,28.94367,144.14705
804,1118936273600,3,-17.931,145.629,-4.3972936,537.8473,28.731522,151.37968
804,1118936273600,5,-17.804,130.109,-6.648073,519.0729,28.451584,147.99254
804,1118936276500,1,-33.426,454.723,-0.19823892,372.03098,28.94367,144.14705
804,1118936276500,3,-17.994,141.738,-1.1908103,428.81085,28.731522,151.37967
804,1118936276500,5,-17.538,122.795,7.149404,469.35574,28.451584,147.99254
804,1118936277800,1,-17.931,145.629,0.012755002,419.4485,28.943668,144.14705
804,1118936277800,3,-17.804,130.109,2.415611,379.69238,28.731522,151.37967
804,1118936277800,5,-16.966,89.741,12.066094,417.76978,28.451584,147.99254
804,1118936285300,1,-17.994,141.738,-1.1144676,163.3328,28.941587,144.13817
804,1118936285300,3,-17.538,122.795,22.82644,263.50076,28.728876,151.34721
804,1118936285300,5,67.817,448.35,15.930441,326.68604,28.45147,147.99176
804,1118936285400,1,-17.804,130.109,12.223649,160.94096,28.941538,144.13786
804,1118936285400,3,-16.966,89.741,34.215256,252.08559,28.729391,151.35365
804,1118936285400,5,55.868,447.078,42.140217,330.263,28.451464,147.99174
804,1118936285700,1,-17.538,122.795,11.007104,154.55869,28.939003,144.12706
804,1118936285700,3,67.817,448.35,24.849888,255.40942,28.728317,151.34071
804,1118936285700,5,54.396,446.916,37.697,396.28476,28.451332,147.99092
804,1118936285900,1,-16.966,89.741,14.661499,136.55714,28.934881,144.11024
804,1118936285900,3,55.868,447.078,27.19932,293.66666,28.728983,151.35023
804,1118936285900,5,54.396,446.916,23.447903,441.48965,28.45105,147.98952
804,1118936286800,1,67.817,448.35,10.912934,130.98976,28.830898,143.67975
804,1118936286800,3,54.396,446.916,24.386845,305.85696,28.719965,151.25024
804,1118936286800,5,54.396,446.916,16.716135,424.24524,28.447876,147.97252
804,1118937126900,1,55.868,447.078,65.599915,427.6295,28.858566,143.81187
804,1118937126900,3,54.396,446.916,63.500916,415.56268,28.724943,151.35027
804,1118937126900,5,54.396,446.916,60.527115,483.62646,28.435898,147.92213
804,1118937128200,1,54.396,446.916,52.525394,445.77487,28.917063,144.04436
804,1118937128200,3,54.396,446.916,50.73217,447.10596,28.714767,151.30455
804,1118937128200,5,54.396,446.916,50.960247,495.83957,28.429636,147.89381
804,1118937130800,1,54.396,446.916,54.24393,437.026,28.93469,144.11227
804,1118937130800,3,54.396,446.916,52.46227,458.95712,28.725988,151.35422
804,1118937130800,5,54.396,446.916,49.021046,513.8431,28.444767,147.96109
804,1118937133400,1,54.396,446.916,53.974743,437.026,28.941639,144.13907
804,1118937133400,3,54.396,446.916,51.464096,468.5874,28.730131,151.37302
804,1118937133400,5,54.396,446.916,46.656452,467.32928,28.450035,147.98515
804,1118937134800,1,54.396,446.916,53.860786,460.7714,28.943241,144.14531
804,1118937134800,3,54.396,446.916,52.09164,467.58862,28.731192,151.37798
804,1118937134800,5,54.396,446.916,51.442642,415.61612,28.451242,147.9908
804,1118937137300,1,54.396,446.916,53.394913,457.70746,28.943596,144.14673
804,1118937137300,3,54.396,446.916,53.102146,472.6371,28.731453,151.37926
804,1118937137300,5,52.929,446.753,51.971165,505.54034,28.451523,147.99219
804,1118937137500,1,54.396,446.916,53.65819,457.70746,28.943655,144.147
804,1118937137500,3,54.396,446.916,54.101345,472.646,28.731506,151.3796
804,1118937137500,5,46.346,446.339,52.05743,519.6995,28.451572,147.99248
804,1118937137900,1,54.396,446.916,53.86813,460.43906,28.94367,144.14705
804,1118937137900,3,52.929,446.753,54.495617,476.29202,28.731522,151.37968
804,1118937137900,5,38.64,447.75,53.44199,510.71664,28.451584,147.99254
804,1118937139400,1,54.396,446.916,53.86813,460.43906,28.94367,144.14705
804,1118937139400,3,46.346,446.339,54.147797,476.29202,28.731522,151.37968
804,1118937139400,5,20.782,484.335,53.167126,507.37894,28.451584,147.99254
804,1118937140000,1,52.929,446.753,53.86813,460.43906,28.94367,144.14705
804,1118937140000,3,38.64,447.75,54.147797,476.29202,28.731522,151.37968
804,1118937140000,5,22.712,515.594,53.44199,507.37894,28.451584,147.99254
804,1118937141300,1,46.346,446.339,53.24215,455.91083,28.94367,144.14705
804,1118937141300,3,20.782,484.335,53.853497,468.64612,28.731522,151.37968
804,1118937141300,5,24.65,620.159,53.58582,511.99814,28.451584,147.99254
804,1118937142400,1,38.64,447.75,41.346592,435.22937,28.94367,144.14705
804,1118937142400,3,22.712,515.594,42.19651,464.38687,28.731522,151.37968
804,1118937142400,5,25.081,745.864,43.33255,497.00137,28.451584,147.99254
804,1118937143500,1,20.782,484.335,37.07237,435.22937,28.94367,144.14705
804,1118937143500,3,24.65,620.159,38.85186,449.50803,28.731522,151.37968
804,1118937143500,5,25.321,762.676,39.581818,483.85956,28.451584,147.99254
804,1118937146500,1,22.712,515.594,19.958952,503.62686,28.94367,144.14705
804,1118937146500,3,25.081,745.864,21.54708,535.7436,28.731522,151.37968
804,1118937146500,5,31.696,811.131,19.801973,591.29144,28.451584,147.99254
804,1118937147800,1,24.65,620.159,24.405848,563.2504,28.94367,144.14705
804,1118937147800,3,25.321,762.676,25.333578,624.4939,28.731522,151.37968
804,1118937147800,5,39.435,866.151,23.282629,707.9406,28.451584,147.99254
804,1118937151100,1,25.081,745.864,23.966944,678.93195,28.94367,144.14705
804,1118937151100,3,31.696,811.131,24.669584,794.8786,28.731522,151.37968
804,1118937151100,5,46.568,1012.703,23.447184,938.1653,28.451584,147.99254
804,1118937154100,1,25.321,762.676,23.890057,823.49585,28.94367,144.14705
804,1118937154100,3,39.435,866.151,24.472282,962.1596,28.731522,151.37968
804,1118937154100,5,36.075,1115.643,25.707945,1068.167,28.451584,147.99254
804,1118937154600,1,31.696,811.131,23.68012,832.1481,28.94367,144.14705
804,1118937154600,3,46.568,1012.703,25.136732,930.46265,28.731522,151.37968
804,1118937154600,5,38.557,1168.226,25.273472,1047.6324,28.451584,147.99254
804,1118937155800,1,39.435,866.151,31.318857,672.4481,28.94367,144.14705
804,1118937155800,3,36.075,1115.643,30.235844,1025.1172,28.731522,151.37968
804,1118937155800,5,38.632,1181.461,29.49486,1135.4688,28.451584,147.99254
804,1118937157100,1,46.568,1012.703,39.709476,722.1989,28.94367,144.14705
804,1118937157100,3,38.557,1168.226,39.545994,1095.4292,28.731522,151.37968
804,1118937157100,5,35.96,1280.287,39.342598,1182.9347,28.451584,147.99254
804,1118937160600,1,36.075,1115.643,43.072895,1096.6742,28.94367,144.14705
804,1118937160600,3,38.632,1181.461,42.44902,1242.9346,28.731522,151.37968
804,1118937160600,5,45.851,1401.615,42.842384,1144.7831,28.451584,147.99254
804,1118937162800,1,38.557,1168.226,32.80591,1213.3966,28.94367,144.14705
804,1118937162800,3,35.96,1280.287,32.84183,1271.5176,28.731522,151.37968
804,1118937162800,5,61.766,1500.865,33.865913,1411.1014,28.451584,147.99254
824,1118936244100,1,1.704,1596.843,4.3032093,1267.9615,28.94367,144.14705
824,1118936244100,3,5.145,1589.234,6.1523137,1427.7051,28.731522,151.37968
824,1118936244100,5,9.577,1575.11,7.591236,1492.1931,28.451584,147.99254
824,1118936248000,1,4.902,1589.936,2.8053248,1559.163,28.94367,144.14705
824,1118936248000,3,6.216,1585.542,1.4920503,1614.9928,28.731522,151.37968
824,1118936248000,5,11.756,1566.998,8.044176,1328.0361,28.451584,147.99254
824,1118936251300,1,5.145,1589.234,2.114049,1504.7786,28.94367,144.14705
824,1118936251300,3,9.577,1575.11,1.6520146,1525.5315,28.731522,151.37968
824,1118936251300,5,14.233,1559.376,8.593794,1284.8555,28.451584,147.99254
824,1118936251500,1,6.216,1585.542,5.6930265,1525.6273,28.94367,144.14705
824,1118936251500,3,11.756,1566.998,6.7790008,1476.7596,28.731522,151.37968
824,1118936251500,5,-67.73,376.97,7.543963,1291.7386,28.451584,147.99254
824,1118936252400,1,9.577,1575.11,7.0476303,1568.2155,28.94367,144.14705
824,1118936252400,3,14.233,1559.376,6.930602,1453.1498,28.731522,151.37968
824,1118936252400,5,-55.604,376.598,6.747254,1245.9423,28.451584,147.99254
824,1118936255400,1,11.756,1566.998,9.465163,1540.1958,28.94367,144.14705
824,1118936255400,3,-67.73,376.97,9.6401825,1457.0795,28.731522,151.37968
824,1118936255400,5,-52.938,376.612,8.456613,1401.7073,28.451584,147.99254
824,1118936257100,1,14.233,1559.376,14.514988,1490.3472,28.94367,144.14705
824,1118936257100,3,-55.604,376.598,15.347883,1432.616,28.731522,151.37968
824,1118936257100,5,-52.86,376.602,15.377039,1349.2117,28.451584,147.99254
824,1118936259400,1,-67.73,376.97,14.984229,1486.7266,28.94367,144.14705
824,1118936259400,3,-52.938,376.612,14.59894,1424.9633,28.731522,151.37968
824,1118936259400,5,-52.625,376.57,16.171448,1200.5728,28.451584,147.99254
824,1118937149700,1,-55.604,376.598,21.44277,237.86024,28.023998,140.03362
824,1118937149700,3,-52.86,376.602,21.173313,91.042984,28.73142,151.37857
824,1118937149700,5,-50.227,375.242,12.253216,145.88168,28.028105,146.38145
824,1118937152200,1,-52.938,376.612,15.23682,193.30025,28.722885,143.20158
824,1118937152200,3,-52.625,376.57,10.998959,79.31727,28.731508,151.37961
824,1118937152200,5,-31.737,355.282,6.9709496,144.87607,28.139395,146.874
824,1118937157400,1,-52.86,376.602,11.383483,246.51016,28.765486,143.39081
824,1118937157400,3,-50.227,375.242,5.234574,89.003685,28.731474,151.3795
824,1118937157400,5,-24.944,335.793,12.963937,130.79744,28.240948,147.25337
824,1118937157700,1,-52.625,376.57,9.795028,266.06937,28.767708,143.40135
824,1118937157700,3,-31.737,355.282,6.511785,121.59453,28.731335,151.37895
824,1118937157700,5,-16.967,89.338,3.0315676,195.06212,28.269243,147.35776
879,1118936279900,1,-14.015,1575.187,-3.2197192,1718.9875,28.94367,144.14705
879,1118936279900,3,-16.944,1188.254,3.1846497,1418.2867,28.731522,151.37968
879,1118936279900,5,-7.13,1013.444,5.1057787,1405.7198,28.451584,147.99254
879,1118936280100,1,-18.682,1325.038,-7.8360047,1580.8672,28.94367,144.14705
879,1118936280100,3,-10.586,1041.382,-6.8299417,1605.8812,28.731522,151.37968
879,1118936280100,5,-5.686,989.221,-1.185124,1374.7953,28.451584,147.99254
879,1118936285400,1,-16.944,1188.254,-12.857255,1317.138,28.94367,144.14705
879,1118936285400,3,-7.13,1013.444,-12.674254,1381.977,28.731522,151.37968
879,1118936285400,5,-19.3,802.508,-3.3005853,1454.5667,28.451584,147.99254
879,1118936288200,1,-10.586,1041.382,-14.164443,1227.9559,28.94367,144.14705
879,1118936288200,3,-5.686,989.221,-11.340275,1146.1018,28.731522,151.37968
879,1118936288200,5,-24.693,725.765,-12.264016,1222.7776,28.451584,147.99254
879,1118936291300,1,-7.13,1013.444,-9.616631,1059.1418,28.94367,144.14705
879,1118936291300,3,-19.3,802.508,-11.920126,889.9192,28.731522,151.37968
879,1118936291300,5,-24.828,695.534,-12.903487,1066.3489,28.451584,147.99254
879,1118936291900,1,-5.686,989.221,-5.3544097,917.5219,28.94367,144.14705
879,1118936291900,3,-24.693,725.765,-9.405958,918.1916,28.731522,151.37968
879,1118936291900,5,-24.701,678.431,-12.772637,1008.3988,28.451584,147.99254
879,1118936292400,1,-19.3,802.508,-4.919307,959.9758,28.94367,144.14705
879,1118936292400,3,-24.828,695.534,-8.490273,843.29724,28.731522,151.37968
879,1118936292400,5,-24.433,636.287,-10.3152485,961.1773,28.451584,147.99254
879,1118936296800,1,-24.693,725.765,-20.616264,760.0301,28.94367,144.14705
879,1118936296800,3,-24.701,678.431,-17.798613,655.84564,28.731522,151.37968
879,1118936296800,5,-24.617,602.552,-17.779226,585.0055,28.451584,147.99254
879,1118936298500,1,-24.828,695.534,-24.00055,698.1774,28.94367,144.14705
879,1118936298500,3,-24.433,636.287,-17.844753,565.1351,28.731522,151.37968
879,1118936298500,5,-24.466,573.592,-21.581657,548.9816,28.451584,147.99254
879,1118936299200,1,-24.701,678.431,-24.228521,667.66754,28.94367,144.14705
879,1118936299200,3,-24.617,602.552,-21.96264,582.33575,28.731522,151.37968
879,1118936299200,5,-23.94,539.436,-20.30487,515.9961,28.451584,147.99254
879,1118936299600,1,-24.433,636.287,-23.63384,653.43823,28.94367,144.14705
879,1118936299600,3,-24.466,573.592,-21.738909,576.96936,28.731522,151.37968
879,1118936299600,5,-23.967,532.73,-17.119251,543.5509,28.451584,147.99254
879,1118936300500,1,-24.617,602.552,-23.355274,609.2967,28.94367,144.14705
879,1118936300500,3,-23.94,539.436,-21.298662,554.44366,28.731522,151.37968
879,1118936300500,5,-24.046,513.233,-19.854965,511.17407,28.451584,147.99254
879,1118936301500,1,-24.466,573.592,-23.566267,583.321,28.94367,144.14705
879,1118936301500,3,-23.967,532.73,-21.995192,507.30096,28.731522,151.37968
879,1118936301500,5,-24.046,513.096,-23.455025,505.89594,28.451584,147.99254
879,1118936302400,1,-23.94,539.436,-23.355274,546.54645,28.94367,144.14705
879,1118936302400,3,-24.046,513.233,-22.231758,483.53375,28.731522,151.37968
879,1118936302400,5,-24.046,513.096,-21.522654,503.60117,28.451584,147.99254
879,1118936303900,1,-23.967,532.73,-22.894672,513.74304,28.94367,144.14705
879,1118936303900,3,-24.046,513.096,-21.168266,475.17624,28.731522,151.37968
879,1118936303900,5,-24.046,513.096,-20.717337,489.36835,28.451584,147.99254
879,1118936304300,1,-24.046,513.233,-23.119387,513.74304,28.943668,144.14705
879,1118936304300,3,-24.046,513.096,-21.163584,477.401,28.731522,151.37968
879,1118936304300,5,-24.046,513.096,-18.988129,486.6583,28.451584,147.99254
879,1118936306700,1,-24.046,513.096,-23.579988,498.2717,28.94367,144.14705
879,1118936306700,3,-24.046,513.096,-21.09581,463.97855,28.731522,151.37968
879,1118936306700,5,-24.046,513.096,-19.738544,469.42935,28.451584,147.99254
879,1118936308100,1,-24.046,513.096,-23.56883,499.5248,28.943668,144.14705
879,1118936308100,3,-24.046,513.096,-22.558449,481.73553,28.731522,151.37968
879,1118936308100,5,-24.046,513.096,-24.959112,495.24744,28.451584,147.99254
879,1118936313500,1,-24.046,513.096,-23.56883,502.2267,28.943668,144.14705
879,1118936313500,3,-24.046,513.096,-22.340107,497.87253,28.731522,151.37968
879,1118936313500,5,-24.046,513.096,-24.888191,498.29602,28.451584,147.99254
879,1118936315000,1,-24.046,513.096,-23.56883,522.9082,28.943668,144.14705
879,1118936315000,3,-24.046,513.096,-22.50208,498.76837,28.731522,151.37968
879,1118936315000,5,-24.046,513.096,-24.704243,481.74652,28.451584,147.99254
879,1118936317900,1,-24.046,513.096,-23.56883,522.9082,28.943668,144.14705
879,1118936317900,3,-24.046,513.096,-22.558449,504.3879,28.731522,151.37968
879,1118936317900,5,-24.046,513.096,-24.588226,498.89496,28.451584,147.99254
879,1118936319000,1,-24.046,513.096,-23.56883,522.9082,28.94367,144.14705
879,1118936319000,3,-24.046,513.096,-22.179325,505.81686,28.731522,151.37968
879,1118936319000,5,-24.046,513.096,-22.99366,501.40576,28.451584,147.99254
879,1118936319700,1,-24.046,513.096,-23.56883,525.6398,28.94367,144.14705
879,1118936319700,3,-24.046,513.096,-21.351387,511.17715,28.731522,151.37968
879,1118936319700,5,-24.046,513.096,-21.450954,502.5892,28.451584,147.99254
879,1118936322400,1,-24.046,513.096,-23.56883,525.6398,28.94367,144.14705
879,1118936322400,3,-24.046,513.096,-21.146133,511.17715,28.731522,151.37968
879,1118936322400,5,-24.046,513.096,-21.450954,502.5892,28.451584,147.99254
879,1118936324400,1,-24.046,513.096,-23.56883,525.6398,28.94367,144.14705
879,1118936324400,3,-24.046,513.096,-21.146133,511.17715,28.731522,151.37968
879,1118936324400,5,-24.046,513.096,-21.071363,502.5892,28.451584,147.99254
879,1118936326500,1,-24.046,513.096,-23.56883,525.6398,28.94367,144.14705
879,1118936326500,3,-24.046,513.096,-21.146133,511.17715,28.731522,151.37968
879,1118936326500,5,-24.048,512.625,-21.071363,502.5892,28.451584,147.99254
879,1118936328500,1,-24.046,513.096,-23.56883,525.6398,28.94367,144.14705
879,1118936328500,3,-24.046,513.096,-21.146133,511.17715,28.731522,151.37968
879,1118936328500,5,-24.066,508.098,-21.071363,502.5892,28.451584,147.99254
879,1118936330100,1,-24.046,513.096,-23.56883,525.6398,28.94367,144.14705
879,1118936330100,3,-24.048,512.625,-21.146133,511.17715,28.731522,151.37968
879,1118936330100,5,-23.596,500.627,-21.071363,502.5892,28.451584,147.99254
879,1118936332200,1,-24.046,513.096,-23.56883,525.6398,28.94367,144.14705
879,1118936332200,3,-24.066,508.098,-21.146133,511.17715,28.731522,151.37968
879,1118936332200,5,-23.636,495.164,-21.071363,502.5892,28.451584,147.99254
879,1118936334200,1,-24.048,512.625,-23.56883,525.6398,28.94367,144.14705
879,1118936334200,3,-23.596,500.627,-21.146133,511.17715,28.731522,151.37968
879,1118936334200,5,-23.624,494.065,-21.071363,502.5892,28.451584,147.99254
879,1118936336500,1,-24.066,508.098,-23.56883,525.6398,28.94367,144.14705
879,1118936336500,3,-23.636,495.164,-21.146133,511.17715,28.731522,151.37968
879,1118936336500,5,-23.636,490.739,-20.07033,502.5892,28.451584,147.99254
879,1118936337800,1,-23.596,500.627,-23.579988,490.6286,28.94367,144.14705
879,1118936337800,3,-23.624,494.065,-21.176249,463.59106,28.731522,151.37968
879,1118936337800,5,-23.643,489.088,-19.28511,465.84445,28.451584,147.99254
879,1118936338900,1,-23.636,495.164,-22.004381,473.18192,28.94367,144.14705
879,1118936338900,3,-23.636,490.739,-17.150644,447.67343,28.731522,151.37968
879,1118936338900,5,-23.645,488.594,-14.1536,439.54062,28.451584,147.99254
879,1118936339800,1,-23.624,494.065,-9.543597,473.18192,28.94367,144.14705
879,1118936339800,3,-23.643,489.088,-17.90012,438.388,28.731522,151.37968
879,1118936339800,5,-23.645,488.592,-12.787947,448.03326,28.451584,147.99254
879,1118936340100,1,-23.636,490.739,-22.123768,471.70346,28.94367,144.14705
879,1118936340100,3,-23.645,488.594,-21.146133,442.159,28.731522,151.37968
879,1118936340100,5,-8.439,317.804,-18.714506,450.31213,28.451584,147.99254
879,1118936340900,1,-23.643,489.088,-9.543597,471.70346,28.94367,144.14705
879,1118936340900,3,-23.645,488.592,-20.895887,442.159,28.731522,151.37968
879,1118936340900,5,-5.44,252.1,-17.29959,448.24054,28.451584,147.99254
879,1118936341800,1,-23.645,488.594,-23.327742,471.70346,28.94367,144.14705
879,1118936341800,3,-8.439,317.804,-21.10114,462.88354,28.731522,151.37968
879,1118936341800,5,-36.668,1570.914,-17.573378,470.5263,28.451584,147.99254
879,1118936343700,1,-23.645,488.592,-23.316586,474.40536,28.94367,144.14705
879,1118936343700,3,-5.44,252.1,-20.649523,462.88354,28.731522,151.37968
879,1118936343700,5,-38.425,1174.89,-16.439932,466.74973,28.451584,147.99254
879,1118936345200,1,-8.439,317.804,-23.316586,474.40536,28.94367,144.14705
879,1118936345200,3,-36.668,1570.914,-21.061638,471.90683,28.731522,151.37968
879,1118936345200,5,-26.319,936.467,-17.32713,468.0155,28.451584,147.99254
879,1118936353700,1,-5.44,252.1,-5.9027596,326.2154,28.94367,144.14705
879,1118936353700,3,-38.425,1174.89,-8.019316,302.75735,28.731522,151.37968
879,1118936353700,5,-27.397,930.08,-4.614077,289.01523,28.451584,147.99254
879,1118936355300,1,-36.668,1570.914,-3.9520473,250.65648,28.943668,144.14705
879,1118936355300,3,-26.319,936.467,-4.529847,236.00345,28.731522,151.37967
879,1118936355300,5,-40.539,803.205,23.255316,313.58554,28.451584,147.99254
879,1118937166600,1,-38.425,1174.89,6.7951927,1195.053,28.94367,144.14705
879,1118937166600,3,-27.397,930.08,14.610813,1361.534,28.731522,151.37968
879,1118937166600,5,-45.089,724.44,5.892685,1169.9713,28.451584,147.99254
879,1118937176300,1,-26.319,936.467,4.8183236,666.95465,28.94367,144.14705
879,1118937176300,3,-40.539,803.205,4.445459,1022.40295,28.731522,151.37968
879,1118937176300,5,-44.842,682.499,17.120922,967.8315,28.451584,147.99254
879,1118937181700,1,-27.397,930.08,-24.080107,913.7813,28.94367,144.14705
879,1118937181700,3,-45.089,724.44,-18.342855,791.6205,28.731522,151.37968
879,1118937181700,5,-44.021,650.176,4.6642776,762.38007,28.451584,147.99254
879,1118937181900,1,-40.539,803.205,-25.096577,893.4901,28.94367,144.14705
879,1118937181900,3,-44.842,682.499,-17.640278,761.73944,28.731522,151.37968
879,1118937181900,5,-43.823,546.732,-15.513039,778.0022,28.451584,147.99254
879,1118937185000,1,-45.089,724.44,6.6697373,216.76753,28.94367,144.14705
879,1118937185000,3,-44.021,650.176,6.459559,403.79617,28.731522,151.37968
879,1118937185000,5,-43.759,498.363,27.107817,327.8668,28.451584,147.99254
879,1118937186600,1,-44.842,682.499,6.182518,204.68384,28.943668,144.14705
879,1118937186600,3,-43.823,546.732,4.025672,317.62762,28.731522,151.37968
879,1118937186600,5,-30.143,326.153,13.575032,287.12805,28.451584,147.99254
879,1118937187500,1,-44.021,650.176,8.190421,292.4714,28.943663,144.14703
879,1118937187500,3,-43.759,498.363,16.50564,382.5134,28.731516,151.37962
879,1118937187500,5,-29.855,312.85,11.384794,369.57184,28.45158,147.99251
879,1118937188100,1,-43.823,546.732,4.581788,281.87527,28.943668,144.14705
879,1118937188100,3,-30.143,326.153,15.456863,386.78226,28.731522,151.37968
879,1118937188100,5,-28.862,266.548,2.7840095,337.2433,28.451584,147.99254
879,1118937190200,1,-43.759,498.363,5.85895,170.33154,28.943663,144.14703
879,1118937190200,3,-29.855,312.85,-0.11869285,315.6102,28.731522,151.37967
879,1118937190200,5,-28.355,183.51,2.9689162,397.38376,28.451584,147.99254
879,1118937191200,1,-30.143,326.153,3.9162252,171.00298,28.943623,144.1469
879,1118937191200,3,-28.862,266.548,-0.5093975,227.44513,28.731516,151.37961
879,1118937191200,5,-27.967,140.064,7.2429123,393.49753,28.451584,147.99254
879,1118937194800,1,-29.855,312.85,-24.645226,257.26257,28.94338,144.14609
879,1118937194800,3,-28.355,183.51,-9.598667,275.29498,28.731382,151.37794
879,1118937194800,5,-28.329,135.312,-1.363304,259.62625,28.45158,147.99252
879,1118937195100,1,-28.862,266.548,-13.802802,301.36438,28.927225,144.09406
879,1118937195100,3,-27.967,140.064,-8.418459,280.4281,28.731401,151.37822
879,1118937195100,5,-27.957,134.343,26.109715,281.8802,28.451576,147.99251
879,1118937196100,1,-28.355,183.51,-13.095513,255.29169,28.476753,142.66542
879,1118937196100,3,-28.329,135.312,3.495752,239.35605,28.730219,151.36382
879,1118937196100,5,-28.174,134.522,24.70794,346.73108,28.451513,147.9922
879,1118937198700,1,-27.967,140.064,-0.612807,187.08023,27.520483,139.46358
879,1118937198700,3,-27.957,134.343,32.598587,231.46948,28.729612,151.35686
879,1118937198700,5,-28.174,134.507,22.98458,306.16293,28.451176,147.99037
879,1118937201800,1,-28.329,135.312,12.300887,163.53209,27.7922,140.34067
879,1118937201800,3,-28.174,134.522,27.485107,240.16139,28.730942,151.37584
879,1118937201800,5,-28.222,134.628,21.893751,277.08908,28.44952,147.98134
879,1118937203600,1,-27.957,134.343,12.089893,162.19408,28.52175,142.69353
879,1118937203600,3,-28.174,134.507,21.207571,240.11642,28.73043,151.3747
879,1118937203600,5,-28.249,134.642,16.7082,280.42395,28.447647,147.97218
879,1118937205600,1,-28.174,134.522,12.750188,162.19408,28.775465,143.51385
879,1118937205600,3,-28.222,134.628,20.237478,290.71118,28.730053,151.373
879,1118937205600,5,-28.222,134.573,11.450381,313.169,28.447939,147.97353
879,1118937208200,1,-28.174,134.507,12.619644,164.89598,28.833109,143.69968
879,1118937208200,3,-28.249,134.642,12.478653,289.96838,28.730408,151.37453
879,1118937208200,5,-28.337,134.738,11.4050865,304.5144,28.448503,147.97664
879,1118937210600,1,-28.222,134.628,1.7074229,180.29964,28.842157,143.72795
879,1118937210600,3,-28.222,134.573,11.252775,302.30093,28.73079,151.37625
879,1118937210600,5,-27.871,134.223,11.209282,301.5013,28.447937,147.97537
879,1118937211900,1,-28.249,134.642,1.7772201,179.84161,28.846859,143.74355
879,1118937211900,3,-28.337,134.738,11.165897,303.66122,28.730639,151.37584
879,1118937211900,5,-27.871,134.232,11.752388,294.71512,28.446619,147.971
879,1118937215000,1,-28.222,134.573,1.6962664,180.29964,28.848724,143.74953
879,1118937215000,3,-27.871,134.223,11.886168,285.03864,28.730276,151.37445
879,1118937215000,5,-28.027,134.409,11.415854,237.17146,28.444078,147.96202
879,1118937215200,1,-28.337,134.738,1.9077642,183.03122,28.848642,143.74878
879,1118937215200,3,-27.871,134.232,16.948639,221.6295,28.730148,151.3738
879,1118937215200,5,-28.065,129.104,25.246828,258.75873,28.443537,147.96002
879,1118937219000,1,-27.871,134.223,1.7772201,167.62756,28.847738,143.7448
879,1118937219000,3,-28.027,134.409,15.771383,210.35077,28.730024,151.37314
879,1118937219000,5,-27.925,94.419,24.575119,240.5259,28.443432,147.95972
879,1118937222300,1,-27.871,134.232,1.8268105,183.03122,28.85438,143.7731
879,1118937222300,3,-28.065,129.104,16.77466,216.79727,28.730051,151.37325
879,1118937222300,5,-27.82,71.059,24.849487,224.44412,28.44417,147.96252
882,1118936281500,1,45.83,43.815,48.530994,171.6308,29.105875,143.27968
882,1118936281500,3,32.859,52.108,47.538696,291.45038,28.731453,151.37927
882,1118936281500,5,26.455,63.548,47.016857,441.4665,28.451519,147.99214
882,1118936283600,1,43.522,45.079,42.1685,-361.27026,29.047882,143.45444
882,1118936283600,3,31.426,54.211,40.913273,323.85873,28.731464,151.37936
882,1118936283600,5,26.864,207.157,42.623528,353.6806,28.451542,147.99225
882,1118936283900,1,32.859,52.108,40.652035,153.91512,29.05195,143.30423
882,1118936283900,3,26.455,63.548,42.085125,225.84831,28.731426,151.37907
882,1118936283900,5,27.166,211.52,41.067337,284.51935,28.45156,147.99213
882,1118936289000,1,31.426,54.211,30.536652,240.89143,28.950367,144.02661
882,1118936289000,3,26.864,207.157,27.044346,344.36966,28.731487,151.37952
882,1118936289000,5,29.48,257.933,29.128635,353.6787,28.451563,147.99242
882,1118936289400,1,26.455,63.548,29.704374,204.21765,28.951324,144.07886
882,1118936289400,3,27.166,211.52,26.044682,328.16418,28.731491,151.37953
882,1118936289400,5,29.781,304.248,26.271595,297.7927,28.45157,147.99242
882,1118936290300,1,26.864,207.157,25.36784,264.1215,28.946184,144.12782
882,1118936290300,3,29.48,257.933,24.301193,331.90665,28.731497,151.37955
882,1118936290300,5,16.705,485.213,23.83207,298.88412,28.451574,147.99245
882,1118936295000,1,27.166,211.52,27.526396,253.96927,28.943596,144.14651
882,1118936295000,3,29.781,304.248,28.464085,385.07208,28.73152,151.37965
882,1118936295000,5,16.762,490.535,27.997412,508.3796,28.451584,147.99254
882,1118936295100,1,29.48,257.933,28.683784,267.33575,28.943634,144.14685
882,1118936295100,3,16.705,485.213,27.56114,397.19067,28.7315,151.37956
882,1118936295100,5,31.136,858.382,26.269115,546.68884,28.451574,147.99251
882,1118936296100,1,29.781,304.248,30.595861,315.7935,28.943651,144.14697
882,1118936296100,3,16.762,490.535,28.79285,453.6302,28.73151,151.37962
882,1118936296100,5,38.413,928.832,28.684065,583.73706,28.451574,147.99251
882,1118936297000,1,16.705,485.213,29.770025,373.6352,28.943657,144.147
882,1118936297000,3,31.136,858.382,29.89534,521.712,28.731512,151.37964
882,1118936297000,5,39.058,934.905,29.412035,634.79333,28.451574,147.99251
882,1118936300400,1,16.762,490.535,15.902536,572.8772,28.943666,144.14705
882,1118936300400,3,38.413,928.832,17.308445,731.74036,28.73152,151.37967
882,1118936300400,5,38.097,969.636,19.665142,853.63226,28.451582,147.99254
882,1118936300500,1,31.136,858.382,17.399954,571.84625,28.943666,144.14705
882,1118936300500,3,39.058,934.905,19.700443,760.2518,28.73152,151.37967
882,1118936300500,5,38.087,969.785,20.75344,865.1125,28.451582,147.99254
882,1118936307500,1,38.413,928.832,31.55589,939.0562,28.943668,144.14705
882,1118936307500,3,38.097,969.636,29.630632,1073.5437,28.73152,151.37968
882,1118936307500,5,38.06,970.234,28.855265,1220.6012,28.451582,147.99254
882,1118936309800,1,39.058,934.905,39.223984,958.7374,28.94367,144.14705
882,1118936309800,3,38.087,969.785,38.785793,1117.8486,28.731522,151.37968
882,1118936309800,5,38.06,970.234,38.617172,1275.4706,28.451584,147.99254
882,1118936310100,1,38.097,969.636,40.00772,970.1257,28.94367,144.14705
882,1118936310100,3,38.06,970.234,39.65661,1020.08014,28.731522,151.37968
882,1118936310100,5,38.06,970.234,38.94349,1174.958,28.451584,147.99254
882,1118936314500,1,38.087,969.785,38.75044,975.6006,28.94367,144.14705
882,1118936314500,3,38.06,970.234,38.569714,1014.3744,28.731522,151.37968
882,1118936314500,5,38.06,970.234,38.893158,1154.6215,28.451584,147.99254
882,1118936314700,1,38.06,970.234,38.83089,975.6006,28.94367,144.14705
882,1118936314700,3,38.06,970.234,38.587105,1024.2509,28.731522,151.37968
882,1118936314700,5,38.06,970.234,38.503304,1069.2239,28.451584,147.99254
882,1118936319400,1,38.06,970.234,38.83089,984.66156,28.94367,144.14705
882,1118936319400,3,38.06,970.234,38.40469,1019.40576,28.731522,151.37968
882,1118936319400,5,38.06,970.234,38.553818,1069.055,28.451584,147.99254
882,1118936320000,1,38.06,970.234,38.842045,980.50354,28.94367,144.14705
882,1118936320000,3,38.06,970.234,38.495483,1014.4243,28.731522,151.37968
882,1118936320000,5,38.06,970.234,38.794785,1051.3256,28.451584,147.99254
882,1118936324200,1,38.06,970.234,38.795635,979.9806,28.94367,144.14705
882,1118936324200,3,38.06,970.234,38.546333,997.2493,28.731522,151.37968
882,1118936324200,5,39.046,999.94,38.841595,1063.2549,28.451584,147.99254
882,1118936331000,1,38.06,970.234,38.795635,982.3563,28.94367,144.14705
882,1118936331000,3,38.06,970.234,38.533386,1005.3402,28.731522,151.37968
882,1118936331000,5,34.676,1046.517,39.049484,1064.6102,28.451584,147.99254
882,1118936336200,1,38.06,970.234,38.795635,982.3563,28.94367,144.14705
882,1118936336200,3,39.046,999.94,38.56951,1005.3402,28.731522,151.37968
882,1118936336200,5,27.705,1124.671,39.051662,1067.121,28.451584,147.99254
882,1118936336600,1,38.06,970.234,38.795635,982.3563,28.94367,144.14705
882,1118936336600,3,34.676,1046.517,38.625877,1006.5068,28.731522,151.37968
882,1118936336600,5,30.663,1185.274,39.051662,1063.615,28.451584,147.99254
882,1118936336700,1,39.046,999.94,38.795635,982.3563,28.94367,144.14705
882,1118936336700,3,27.705,1124.671,38.625877,1006.5068,28.731522,151.37968
882,1118936336700,5,29.49,1215.752,39.051662,1063.615,28.451584,147.99254
882,1118936340200,1,34.676,1046.517,39.423332,1008.5003,28.94367,144.14705
882,1118936340200,3,30.663,1185.274,39.680786,1031.0826,28.731522,151.37968
882,1118936340200,5,29.685,1232.18,39.296234,1062.9727,28.451584,147.99254
882,1118936341800,1,27.705,1124.671,30.05831,1098.6659,28.94367,144.14705
882,1118936341800,3,29.49,1215.752,31.40379,1167.3525,28.731522,151.37968
882,1118936341800,5,29.14,1296.547,34.83699,1269.179,28.451584,147.99254
882,1118936344400,1,30.663,1185.274,26.618475,1175.8939,28.94367,144.14705
882,1118936344400,3,29.685,1232.18,27.774052,1255.7045,28.731522,151.37968
882,1118936344400,5,35.856,1609.981,28.03405,1353.5166,28.451584,147.99254
882,1118936346000,1,29.49,1215.752,30.896126,1245.2963,28.94367,144.14705
882,1118936346000,3,29.14,1296.547,30.706268,1321.9813,28.731522,151.37968
882,1118936346000,5,-37.301,1486.884,30.152567,1448.7432,28.451584,147.99254
882,1118936346800,1,29.685,1232.18,29.118294,1291.9556,28.94367,144.14705
882,1118936346800,3,35.856,1609.981,28.337639,1374.6957,28.731522,151.37968
882,1118936346800,5,-39.255,1417.397,28.679485,1515.9252,28.451584,147.99254
882,1118936347200,1,29.14,1296.547,29.770025,1312.787,28.94367,144.14705
882,1118936347200,3,-37.301,1486.884,30.116112,1441.5448,28.731522,151.37968
882,1118936347200,5,-47.042,1344.37,28.82591,1523.9165,28.451584,147.99254
882,1118936348800,1,35.856,1609.981,28.644886,1387.9155,28.94367,144.14705
882,1118936348800,3,-39.255,1417.397,28.66873,1523.1628,28.731522,151.37968
882,1118936348800,5,-47.656,1311.837,28.85537,1535.7692,28.451584,147.99254
882,1118936355800,1,-37.301,1486.884,34.5619,1592.9115,28.94367,144.14705
882,1118936355800,3,-47.042,1344.37,33.76614,1543.5432,28.731522,151.37968
882,1118936355800,5,-50.03,1294.205,34.612022,1502.572,28.451584,147.99254
882,1118937169300,1,-39.255,1417.397,20.552498,1396.713,28.94367,144.14705
882,1118937169300,3,-47.656,1311.837,21.012133,1472.0475,28.731522,151.37968
882,1118937169300,5,-46.098,1237.122,17.728807,1399.0608,28.451584,147.99254
882,1118937171200,1,-47.042,1344.37,13.155231,1115.3137,28.94367,144.14705
882,1118937171200,3,-50.03,1294.205,6.9240003,1173.3151,28.731522,151.37968
882,1118937171200,5,-48.755,1147.095,12.652477,1153.722,28.451584,147.99254
882,1118937173100,1,-47.656,1311.837,10.462026,984.2013,28.94367,144.14705
882,1118937173100,3,-46.098,1237.122,4.832964,1041.1505,28.731522,151.37968
882,1118937173100,5,-49.65,1133.624,2.804967,1102.2606,28.451584,147.99254
882,1118937174000,1,-50.03,1294.205,10.232333,904.37836,28.94367,144.14705
882,1118937174000,3,-48.755,1147.095,4.968356,1046.187,28.731522,151.37968
882,1118937174000,5,-29.773,945.454,-2.4515088,1085.0037,28.451584,147.99254
882,1118937174300,1,-46.098,1237.122,4.385155,763.65796,28.94367,144.14705
882,1118937174300,3,-49.65,1133.624,-0.26471257,1049.7273,28.731522,151.37968
882,1118937174300,5,-43.032,780.193,2.5315244,1171.9276,28.451584,147.99254
882,1118937175700,1,-48.755,1147.095,11.651544,690.7803,28.94367,144.14705
882,1118937175700,3,-29.773,945.454,4.981658,904.75964,28.731522,151.37968
882,1118937175700,5,-44.057,771.131,6.2914014,1137.8793,28.451584,147.99254
882,1118937177800,1,-49.65,1133.624,2.1318645,417.45917,28.94367,144.14705
882,1118937177800,3,-43.032,780.193,12.75048,750.1401,28.731522,151.37968
882,1118937177800,5,-44.949,760.073,10.493314,916.1074,28.451584,147.99254
882,1118937178100,1,-29.773,945.454,5.238491,418.37378,28.94367,144.14705
882,1118937178100,3,-44.057,771.131,18.316881,751.8696,28.731522,151.37968
882,1118937178100,5,-44.156,661.994,17.857101,769.6444,28.451584,147.99254
882,1118937183000,1,-43.032,780.193,-14.477605,864.845,28.94367,144.14705
882,1118937183000,3,-44.949,760.073,-4.355012,791.79535,28.731522,151.37968
882,1118937183000,5,-44.175,656.926,-10.873303,714.097,28.451584,147.99254
882,1118937188000,1,-44.057,771.131,4.159621,209.04652,28.94367,144.14705
882,1118937188000,3,-44.156,661.994,10.181678,404.2851,28.731522,151.37968
882,1118937188000,5,-28.379,276.641,15.348085,417.34058,28.451584,147.99254
882,1118937188200,1,-44.949,760.073,6.129653,203.94136,28.94367,144.14705
882,1118937188200,3,-44.175,656.926,13.984513,389.417,28.731522,151.37968
882,1118937188200,5,-27.78,181.502,5.631512,368.78592,28.451584,147.99254
882,1118937188400,1,-44.156,661.994,5.6409855,150.17778,28.94367,144.14705
882,1118937188400,3,-28.379,276.641,14.008529,408.4769,28.731522,151.37968
882,1118937188400,5,-27.78,181.502,3.7618673,361.05923,28.451584,147.99254
882,1118937190500,1,-44.175,656.926,9.771939,283.49875,28.943668,144.14705
882,1118937190500,3,-27.78,181.502,15.019689,367.3601,28.731522,151.37968
882,1118937190500,5,-27.78,181.502,4.990115,333.85715,28.451584,147.99254
882,1118937190600,1,-28.379,276.641,3.824619,281.87527,28.943668,144.14705
882,1118937190600,3,-27.78,181.502,10.909251,413.96698,28.731522,151.37968
882,1118937190600,5,-27.78,181.502,3.2170734,429.71417,28.451584,147.99254
882,1118937199600,1,-27.78,181.502,-7.8770585,302.29953,28.943628,144.1469
882,1118937199600,3,-27.78,181.502,-14.325627,281.20914,28.731289,151.3768
882,1118937199600,5,-27.78,181.502,-19.132826,306.61127,28.45158,147.99251
882,1118937210900,1,-27.78,181.502,-12.825377,189.98251,28.937708,144.12198
882,1118937210900,3,-27.78,181.502,22.180775,249.89258,28.731487,151.3795
882,1118937210900,5,-27.78,181.502,10.764629,255.42317,28.451435,147.99149
882,1118937211700,1,-27.78,181.502,7.6695323,191.43492,28.936235,144.11569
882,1118937211700,3,-27.78,181.502,20.276255,262.13855,28.731483,151.37952
882,1118937211700,5,-27.78,181.502,-0.79739624,307.74863,28.45142,147.99141
882,1118937211900,1,-27.78,181.502,7.575363,206.4389,28.93613,144.1153
882,1118937211900,3,-27.78,181.502,21.023205,281.752,28.731482,151.37952
882,1118937211900,5,-27.78,181.502,-2.486886,304.93207,28.451412,147.99138
882,1118937214700,1,-27.78,181.502,7.031893,206.94936,28.935947,144.11473
882,1118937214700,3,-27.78,181.502,19.079002,274.923,28.731482,151.3795
882,1118937214700,5,-27.78,181.502,11.818972,324.46024,28.451397,147.99132
882,1118937216200,1,-27.78,181.502,7.575363,206.94936,28.936003,144.11488
882,1118937216200,3,-27.78,181.502,19.885542,288.8005,28.731476,151.3795
882,1118937216200,5,-27.78,181.502,11.72482,325.09814,28.451378,147.99126
882,1118937217500,1,-27.78,181.502,7.031893,209.68094,28.936129,144.11528
882,1118937217500,3,-27.78,181.502,11.349262,307.15073,28.731468,151.37947
882,1118937217500,5,-27.78,181.502,11.838655,308.92233,28.451336,147.9911
882,1118937221600,1,-27.78,181.502,-3.2670612,209.68094,28.93617,144.11545
882,1118937221600,3,-27.78,181.502,12.345698,298.34912,28.731451,151.37935
882,1118937221600,5,-27.78,181.502,11.823579,283.19073,28.451311,147.991
882,1118937223100,1,-27.78,181.502,-3.2670612,209.68094,28.936176,144.11545
882,1118937223100,3,-27.78,181.502,16.49293,243.207,28.731451,151.37936
882,1118937223100,5,-27.78,181.502,24.36181,258.75873,28.45124,147.99077
882,1118937223300,1,-27.78,181.502,-3.2670612,209.68094,28.936172,144.11542
882,1118937223300,3,-27.78,181.502,16.49293,239.59778,28.731457,151.3794
882,1118937223300,5,-27.78,181.502,24.7414,255.42104,28.45126,147.99084
882,1118937224900,1,-27.78,181.502,-3.2670612,209.68094,28.936172,144.11542
882,1118937224900,3,-27.78,181.502,16.49293,239.59778,28.731457,151.3794
882,1118937224900,5,-27.778,181.526,24.7414,255.42104,28.45126,147.99084
882,1118937227100,1,-27.78,181.502,-3.2670612,209.68094,28.936172,144.11542
882,1118937227100,3,-27.78,181.502,16.49293,239.59778,28.731457,151.3794
882,1118937227100,5,-27.831,173.512,24.7414,255.42104,28.45126,147.99084
882,1118937227700,1,-27.78,181.502,-3.2670612,209.68094,28.936172,144.11542
882,1118937227700,3,-27.778,181.526,16.49293,239.59778,28.731457,151.3794
882,1118937227700,5,-28.127,128.4,24.7414,255.42104,28.45126,147.99084
882,1118937229400,1,-27.78,181.502,-3.2670612,209.68094,28.936172,144.11542
882,1118937229400,3,-27.831,173.512,16.49293,239.59778,28.731457,151.3794
882,1118937229400,5,-28.042,124.386,24.7414,255.42104,28.45126,147.99084
882,1118937231400,1,-27.778,181.526,-3.2670612,209.68094,28.936172,144.11542
882,1118937231400,3,-28.127,128.4,16.49293,239.59778,28.731457,151.3794
882,1118937231400,5,-27.94,113.986,24.7414,255.42104,28.45126,147.99084
910,1118936307800,1,23.835,1595.732,8.61081,657.30084,28.94367,144.14705
910,1118936307800,3,24.723,174.85,8.010104,1468.3547,28.731522,151.37968
910,1118936307800,5,28.68,330.156,8.67417,1381.7184,28.451584,147.99254
910,1118936309900,1,18.888,77.656,8.009635,1679.0173,28.94367,144.14705
910,1118936309900,3,28.954,278.316,16.514257,1686.9377,28.731522,151.37968
910,1118936309900,5,13.642,507.969,16.292656,1322.5165,28.451584,147.99254
910,1118937184800,1,24.723,174.85,17.374868,150.00523,28.943834,144.14595
910,1118937184800,3,28.68,330.156,22.495281,211.05098,28.73151,151.37964
910,1118937184800,5,13.624,515.426,20.989202,270.46317,28.451576,147.99251
910,1118937188200,1,28.954,278.316,24.810461,225.701,28.94367,144.14705
910,1118937188200,3,13.642,507.969,25.164967,348.55618,28.731522,151.37968
910,1118937188200,5,13.707,635.557,25.46019,489.80984,28.451584,147.99254
910,1118937191400,1,28.68,330.156,30.274605,357.24734,28.94367,144.14705
910,1118937191400,3,13.624,515.426,27.759771,427.8552,28.731522,151.37968
910,1118937191400,5,13.795,653.619,28.61917,601.4469,28.451584,147.99254
910,1118937192800,1,13.642,507.969,28.567999,386.65002,28.94367,144.14705
910,1118937192800,3,13.707,635.557,28.26211,508.2636,28.731522,151.37968
910,1118937192800,5,14.18,733.092,27.448185,655.6232,28.451584,147.99254
910,1118937197900,1,13.624,515.426,12.211958,574.6272,28.94367,144.14705
910,1118937197900,3,13.795,653.619,14.946808,665.90814,28.731522,151.37968
910,1118937197900,5,25.141,839.909,16.02444,823.20447,28.451584,147.99254
910,1118937198100,1,13.707,635.557,14.5438,593.5695,28.94367,144.14705
910,1118937198100,3,14.18,733.092,15.611004,714.5396,28.731522,151.37968
910,1118937198100,5,36.564,928.364,17.707113,879.2719,28.451584,147.99254
910,1118937201400,1,13.795,653.619,14.446697,703.19727,28.94367,144.14705
910,1118937201400,3,25.141,839.909,15.396521,860.9488,28.731522,151.37968
910,1118937201400,5,37.134,931.497,17.348656,1015.10596,28.451584,147.99254
910,1118937201900,1,14.18,733.092,14.507056,725.7963,28.943668,144.14705
910,1118937201900,3,36.564,928.364,15.716267,866.9895,28.731522,151.37968
910,1118937201900,5,38.004,944.512,17.048794,988.9337,28.451584,147.99254
910,1118937204100,1,25.141,839.909,14.507056,815.7722,28.94367,144.14705
910,1118937204100,3,37.134,931.497,15.5839405,948.84033,28.731522,151.37968
910,1118937204100,5,38.361,953.497,17.5444,1081.7284,28.451584,147.99254
910,1118937207300,1,36.564,928.364,23.885847,919.4123,28.94367,144.14705
910,1118937207300,3,38.004,944.512,24.102613,1013.1991,28.731522,151.37968
910,1118937207300,5,38.595,969.633,24.7347,1141.1726,28.451584,147.99254
910,1118937211000,1,37.134,931.497,36.37617,971.1425,28.94367,144.14705
910,1118937211000,3,38.361,953.497,34.191696,1036.8555,28.731522,151.37968
910,1118937211000,5,39.929,1013.67,34.17285,1120.5026,28.451584,147.99254
910,1118937211400,1,38.004,944.512,36.57255,951.7637,28.94367,144.14705
910,1118937211400,3,38.595,969.633,34.5394,966.31537,28.731522,151.37968
910,1118937211400,5,30.407,1073.452,34.659958,1047.9,28.451584,147.99254
910,1118937216700,1,38.361,953.497,38.82552,953.74036,28.94367,144.14705
910,1118937216700,3,39.929,1013.67,38.64297,985.4528,28.731522,151.37968
910,1118937216700,5,29.241,1082.211,38.596233,1056.3081,28.451584,147.99254
910,1118937218500,1,38.595,969.633,38.902405,961.3963,28.94367,144.14705
910,1118937218500,3,30.407,1073.452,38.614113,976.6902,28.731522,151.37968
910,1118937218500,5,28.862,1110.231,38.594055,1061.126,28.451584,147.99254
910,1118937219400,1,39.929,1013.67,38.902405,989.24304,28.94367,144.14705
910,1118937219400,3,29.241,1082.211,38.557747,1051.3124,28.731522,151.37968
910,1118937219400,5,30.614,1169.29,38.887672,1144.232,28.451584,147.99254
910,1118937220900,1,30.407,1073.452,40.15851,1062.8595,28.94367,144.14705
910,1118937220900,3,28.862,1110.231,40.28406,1168.879,28.731522,151.37968
910,1118937220900,5,34.606,1249.359,40.045597,1267.4437,28.451584,147.99254
910,1118937222900,1,29.241,1082.211,28.977379,1122.2598,28.94367,144.14705
910,1118937222900,3,30.614,1169.29,29.47615,1233.927,28.731522,151.37968
910,1118937222900,5,37.769,1266.247,29.654491,1348.1454,28.451584,147.99254
910,1118937223200,1,28.862,1110.231,28.015495,1126.4175,28.94367,144.14705
910,1118937223200,3,34.606,1249.359,28.613098,1215.0125,28.731522,151.37968
910,1118937223200,5,37.866,1300.613,28.828865,1315.9891,28.451584,147.99254
910,1118937224300,1,30.614,1169.29,28.644886,1149.5538,28.94367,144.14705
910,1118937224300,3,37.769,1266.247,28.835386,1220.8031,28.731522,151.37968
910,1118937224300,5,41.084,1338.753,29.106554,1284.3727,28.451584,147.99254
910,1118937226000,1,34.606,1249.359,30.876106,1225.6637,28.94367,144.14705
910,1118937226000,3,37.866,1300.613,30.308716,1318.3948,28.731522,151.37968
910,1118937226000,5,42.595,1362.413,29.728773,1420.244,28.451584,147.99254
910,1118937228700,1,37.769,1266.247,31.727673,1304.083,28.94367,144.14705
910,1118937228700,3,41.084,1338.753,32.02967,1399.0189,28.731522,151.37968
910,1118937228700,5,45.951,1377.029,34.951557,1495.8555,28.451584,147.99254
910,1118937229600,1,37.866,1300.613,38.765564,1304.2247,28.94367,144.14705
910,1118937229600,3,42.595,1362.413,38.629066,1367.2947,28.731522,151.37968
910,1118937229600,5,55.28,1453.399,38.9518,1481.3932,28.451584,147.99254
910,1118937231600,1,41.084,1338.753,38.842045,1340.6809,28.94367,144.14705
910,1118937231600,3,45.951,1377.029,38.802303,1445.0394,28.731522,151.37968
910,1118937231600,5,76.81,1514.035,39.237705,1514.9036,28.451584,147.99254
946,1118936336500,1,31.281,460.774,62.925674,531.5278,28.94367,144.14705
946,1118936336500,3,22.379,499.742,61.785526,697.9029,28.731522,151.37968
946,1118936336500,5,22.73,530.232,63.742954,916.0447,28.451584,147.99254
946,1118936339600,1,26.813,464.999,31.854702,530.6593,28.94367,144.14705
946,1118936339600,3,22.695,520.664,28.905083,604.66235,28.731522,151.37968
946,1118936339600,5,21.946,603.701,27.667797,640.44226,28.451584,147.99254
946,1118936340200,1,22.379,499.742,25.450924,474.15622,28.94367,144.14705
946,1118936340200,3,22.73,530.232,27.650288,565.4957,28.731522,151.37968
946,1118936340200,5,31.096,847.476,26.651152,633.8854,28.451584,147.99254
946,1118936342100,1,22.695,520.664,22.93897,526.62976,28.94367,144.14705
946,1118936342100,3,21.946,603.701,23.331917,589.41486,28.731522,151.37968
946,1118936342100,5,25.545,1104.766,20.857529,724.30585,28.451584,147.99254
946,1118936342900,1,22.73,530.232,23.796041,571.6404,28.94367,144.14705
946,1118936342900,3,31.096,847.476,24.125267,678.1674,28.731522,151.37968
946,1118936342900,5,28.383,1160.687,23.144415,813.85956,28.451584,147.99254
946,1118936343200,1,21.946,603.701,23.321632,584.4117,28.94367,144.14705
946,1118936343200,3,25.545,1104.766,24.741743,703.3268,28.731522,151.37968
946,1118936343200,5,28.514,1165.862,24.660042,879.7558,28.451584,147.99254
946,1118936345400,1,31.096,847.476,23.528154,675.7085,28.94367,144.14705
946,1118936345400,3,28.383,1160.687,24.6429,806.3055,28.731522,151.37968
946,1118936345400,5,30.073,1247.369,24.984919,974.57715,28.451584,147.99254
946,1118936350500,1,25.545,1104.766,31.70604,932.83374,28.94367,144.14705
946,1118936350500,3,28.514,1165.862,30.528809,1084.1055,28.731522,151.37968
946,1118936350500,5,-27.035,1610.832,30.314497,1163.1514,28.451584,147.99254
946,1118936355500,1,28.383,1160.687,23.462307,1173.6707,28.94367,144.14705
946,1118936355500,3,30.073,1247.369,25.758108,1324.3335,28.731522,151.37968
946,1118936355500,5,-26.782,1605.313,24.433918,1294.2808,28.451584,147.99254
946,1118936356600,1,28.514,1165.862,29.158869,1249.1619,28.94367,144.14705
946,1118936356600,3,-27.035,1610.832,28.590382,1356.1271,28.731522,151.37968
946,1118936356600,5,-28.34,1601.404,27.216547,1391.6849,28.451584,147.99254
946,1118936356700,1,30.073,1247.369,29.215738,1244.8175,28.94367,144.14705
946,1118936356700,3,-26.782,1605.313,28.730816,1352.9102,28.731522,151.37968
946,1118936356700,5,-28.34,1601.42,27.60057,1323.4667,28.451584,147.99254
946,1118936358300,1,-27.035,1610.832,30.755535,1341.1669,28.94367,144.14705
946,1118936358300,3,-28.34,1601.404,29.99951,1448.3481,28.731522,151.37968
946,1118936358300,5,-28.34,1601.42,29.438875,1388.4694,28.451584,147.99254
946,1118937209300,1,-26.782,1605.313,-10.033145,1463.5132,28.94367,144.14705
946,1118937209300,3,-28.34,1601.42,3.000683,1341.8663,28.731522,151.37968
946,1118937209300,5,-28.34,1601.42,4.4103885,1161.2683,28.451584,147.99254
946,1118937210000,1,-28.34,1601.404,-20.003895,1509.8464,28.94367,144.14705
946,1118937210000,3,-28.34,1601.42,-9.228125,1292.4741,28.731522,151.37968
946,1118937210000,5,-28.34,1601.42,4.773679,1180.0898,28.451584,147.99254
946,1118937211600,1,-28.34,1601.42,-25.148142,1475.4208,28.94367,144.14705
946,1118937211600,3,-28.34,1601.42,-19.210688,1289.54,28.731522,151.37968
946,1118937211600,5,-28.566,1602.091,-18.090265,1157.5663,28.451584,147.99254
946,1118937218600,1,-28.34,1601.42,-27.46237,1474.3596,28.94367,144.14705
946,1118937218600,3,-28.34,1601.42,-19.91622,1387.5013,28.731522,151.37968
946,1118937218600,5,-28.563,1601.997,-22.239977,1170.6858,28.451584,147.99254
946,1118937219000,1,-28.34,1601.42,-27.476704,1500.8773,28.94367,144.14705
946,1118937219000,3,-28.566,1602.091,-21.958921,1358.7651,28.731522,151.37968
946,1118937219000,5,-27.057,1581.417,-20.594046,1122.3818,28.451584,147.99254
946,1118937220500,1,-28.34,1601.42,-27.476704,1497.1332,28.94367,144.14705
946,1118937220500,3,-28.563,1601.997,-20.929415,1379.3358,28.731522,151.37968
946,1118937220500,5,-25.176,1575.489,-12.043135,1158.9939,28.451584,147.99254
946,1118937220600,1,-28.566,1602.091,-28.396975,1497.1332,28.94367,144.14705
946,1118937220600,3,-27.057,1581.417,-20.199764,1348.0879,28.731522,151.37968
946,1118937220600,5,-15.418,1439.345,-13.25714,1111.1522,28.451584,147.99254
946,1118937225700,1,-28.563,1601.997,-28.40813,1494.6613,28.94367,144.14705
946,1118937225700,3,-25.176,1575.489,-20.185997,1243.9702,28.731522,151.37968
946,1118937225700,5,-28.857,1312.321,-14.546504,1000.6132,28.451584,147.99254
946,1118937226400,1,-27.057,1581.417,-28.366684,1494.6613,28.94367,144.14705
946,1118937226400,3,-15.418,1439.345,-20.317087,1241.0027,28.731522,151.37968
946,1118937226400,5,-30.109,1290.091,-14.923913,1005.9915,28.451584,147.99254
946,1118937228900,1,-25.176,1575.489,-28.277586,1484.5234,28.94367,144.14705
946,1118937228900,3,-28.857,1312.321,-17.736685,1356.7311,28.731522,151.37968
946,1118937228900,5,-27.206,1224.656,-15.311845,970.409,28.451584,147.99254
946,1118937229400,1,-15.418,1439.345,-26.177078,1481.8215,28.94367,144.14705
946,1118937229400,3,-30.109,1290.091,-17.717533,1338.471,28.731522,151.37968
946,1118937229400,5,-28.138,1175.627,-12.768334,1089.1527,28.451584,147.99254
946,1118937234100,1,-28.857,1312.321,-12.332829,1409.782,28.94367,144.14705
946,1118937234100,3,-27.206,1224.656,-11.614159,1348.9464,28.731522,151.37968
946,1118937234100,5,-24.803,847.87,-6.2738705,1189.564,28.451584,147.99254
946,1118937237000,1,-30.109,1290.091,-28.335924,1296.2988,28.94367,144.14705
946,1118937237000,3,-28.138,1175.627,-16.084236,1243.0991,28.731522,151.37968
946,1118937237000,5,-31.107,796.01,-12.990171,1070.5508,28.451584,147.99254
946,1118937237400,1,-27.206,1224.656,-29.245245,1210.1295,28.94367,144.14705
946,1118937237400,3,-24.803,847.87,-16.20882,1280.2532,28.731522,151.37968
946,1118937237400,5,-35.314,761.5,-12.327926,1070.923,28.451584,147.99254
946,1118937238800,1,-28.138,1175.627,-23.49669,1203.4951,28.94367,144.14705
946,1118937238800,3,-31.107,796.01,-16.592344,1120.4928,28.731522,151.37968
946,1118937238800,5,-36.255,706.851,-10.883952,1072.0906,28.451584,147.99254
946,1118937239800,1,-24.803,847.87,-26.142982,1117.5394,28.94367,144.14705
946,1118937239800,3,-35.314,761.5,-21.859772,1015.57416,28.731522,151.37968
946,1118937239800,5,-36.232,705.032,-19.15446,913.7495,28.451584,147.99254
946,1118937246900,1,-31.107,796.01,-23.63384,832.64465,28.94367,144.14705
946,1118937246900,3,-36.255,706.851,-9.125049,704.48883,28.731522,151.37968
946,1118937246900,5,-36.116,695.94,-19.990625,556.75543,28.451584,147.99254
946,1118937248300,1,-35.314,761.5,-26.8338,760.0301,28.94367,144.14705
946,1118937248300,3,-36.232,705.032,-23.06259,622.3807,28.731522,151.37968
946,1118937248300,5,-36.026,688.648,-7.4934897,531.72473,28.451584,147.99254
946,1118937249200,1,-36.255,706.851,2.301924,602.4841,28.94367,144.14705
946,1118937249200,3,-36.116,695.94,0.21890736,595.65375,28.731522,151.37968
946,1118937249200,5,-35.773,681.852,-9.875614,504.3243,28.451584,147.99254
946,1118937251300,1,-36.232,705.032,2.5151706,570.93646,28.94367,144.14705
946,1118937251300,3,-36.026,688.648,10.417596,573.6973,28.731522,151.37968
946,1118937251300,5,-34.751,589.676,-11.080183,527.3864,28.451584,147.99254
946,1118937251400,1,-36.116,695.94,1.8085234,570.1921,28.94367,144.14705
946,1118937251400,3,-35.773,681.852,-3.5943508,579.6766,28.731522,151.37968
946,1118937251400,5,-34.829,563.957,-5.7313476,556.81445,28.451584,147.99254
946,1118937251900,1,-36.026,688.648,-0.08141451,540.35693,28.94367,144.14705
946,1118937251900,3,-34.751,589.676,-2.6418157,571.4692,28.731522,151.37968
946,1118937251900,5,-34.547,509.788,1.3027664,523.3312,28.451584,147.99254
946,1118937252300,1,-35.773,681.852,-0.62488484,533.9349,28.94367,144.14705
946,1118937252300,3,-34.829,563.957,-2.9557524,573.33014,28.731522,151.37968
946,1118937252300,5,-29.083,404.891,4.3648705,517.0969,28.451584,147.99254
946,1118937252900,1,-34.751,589.676,2.4383636,525.6172,28.94367,144.14705
946,1118937252900,3,-34.547,509.788,12.831336,562.8793,28.731522,151.37968
946,1118937252900,5,-26.067,374.684,4.95627,537.2196,28.451584,147.99254
946,1118937259500,1,-34.829,563.957,4.701636,429.115,28.94367,144.14705
946,1118937259500,3,-29.083,404.891,16.281973,484.99728,28.731522,151.37968
946,1118937259500,5,-18.03,207.264,5.948523,449.22086,28.451584,147.99254
946,1118937260500,1,-34.547,509.788,2.0513136,385.22928,28.943668,144.14705
946,1118937260500,3,-26.067,374.684,9.879249,467.5118,28.731522,151.37968
946,1118937260500,5,-17.497,146.661,4.089838,446.62885,28.451584,147.99254
946,1118937262500,1,-29.083,404.891,2.3519938,332.57532,28.943668,144.14705
946,1118937262500,3,-18.03,207.264,8.338888,417.8285,28.731522,151.37968
946,1118937262500,5,-17.478,93.102,15.589016,417.36307,28.451584,147.99254
946,1118937265900,1,-26.067,374.684,-12.646213,389.94415,28.94367,144.14705
946,1118937265900,3,-17.497,146.661,-9.076688,341.7089,28.731522,151.37967
946,1118937265900,5,-17.628,64.925,-4.947836,312.69,28.451584,147.99254
1023,1118936401700,1,12.058,86.872,29.92365,85.86888,28.9476,144.12541
1023,1118936401700,3,19.519,344.39,29.136913,204.82661,28.731497,151.37958
1023,1118936401700,5,18.732,351.442,29.730667,349.84134,28.451567,147.99243
1023,1118936403200,1,12.191,135.18,14.887882,-350.69766,28.943705,144.14607
1023,1118936403200,3,18.872,350.857,14.53908,276.61377,28.731497,151.37955
1023,1118936403200,5,18.639,351.833,17.800116,390.2894,28.451569,147.99239
1023,1118936405000,1,19.519,344.39,14.181282,222.5533,28.943665,144.14702
1023,1118936405000,3,18.732,351.442,16.288069,327.88928,28.731522,151.37968
1023,1118936405000,5,18.569,352.126,17.891935,439.4607,28.451582,147.99254
1023,1118936413600,1,18.872,350.857,19.346899,382.61148,28.943668,144.14705
1023,1118936413600,3,18.639,351.833,18.884,536.8341,28.731522,151.37968
1023,1118936413600,5,18.406,352.808,19.115557,646.1973,28.451584,147.99254
1023,1118936415700,1,18.732,351.442,19.133081,382.62848,28.943668,144.14705
1023,1118936415700,3,18.569,352.126,18.968313,439.12762,28.731522,151.37968
1023,1118936415700,5,18.406,352.808,18.431923,485.81516,28.451584,147.99254
1023,1118936416300,1,18.639,351.833,18.735561,383.87128,28.94367,144.14705
1023,1118936416300,3,18.406,352.808,18.556189,447.9199,28.731522,151.37968
1023,1118936416300,5,18.406,352.808,18.534779,477.934,28.451584,147.99254
1023,1118936416700,1,18.569,352.126,18.985533,382.62848,28.94367,144.14705
1023,1118936416700,3,18.406,352.808,18.890831,424.74545,28.731522,151.37968
1023,1118936416700,5,18.406,352.808,18.634014,450.76364,28.451584,147.99254
1023,1118936417000,1,18.406,352.808,18.985533,378.97253,28.943668,144.14705
1023,1118936417000,3,18.406,352.808,18.823133,420.69864,28.731522,151.37968
1023,1118936417000,5,18.406,352.808,18.333393,439.22284,28.451584,147.99254
1023,1118936420200,1,18.406,352.808,18.670406,378.44962,28.943668,144.14705
1023,1118936420200,3,18.406,352.808,18.501278,418.04825,28.731522,151.37968
1023,1118936420200,5,18.406,352.808,18.059635,440.45267,28.451584,147.99254
1023,1118936421900,1,18.406,352.808,18.681562,378.44962,28.94367,144.14705
1023,1118936421900,3,18.406,352.808,18.398655,418.04825,28.731522,151.37968
1023,1118936421900,5,18.406,352.808,18.62965,442.7713,28.451584,147.99254
1023,1118936425700,1,18.406,352.808,18.635153,378.44962,28.94367,144.14705
1023,1118936425700,3,18.406,352.808,18.596565,412.28625,28.731522,151.37968
1023,1118936425700,5,18.406,352.808,18.230692,424.10883,28.451584,147.99254
1023,1118936425800,1,18.406,352.808,18.635153,378.44962,28.94367,144.14705
1023,1118936425800,3,18.406,352.808,18.473175,415.2538,28.731522,151.37968
1023,1118936425800,5,18.406,352.808,17.722675,427.79797,28.451584,147.99254
1023,1118936428400,1,18.406,352.808,18.635153,378.44962,28.94367,144.14705
1023,1118936428400,3,18.406,352.808,18.311388,415.2538,28.731522,151.37968
1023,1118936428400,5,18.406,352.808,17.722675,427.79797,28.451584,147.99254
1023,1118936430100,1,18.406,352.808,18.635153,378.44962,28.94367,144.14705
1023,1118936430100,3,18.406,352.808,18.20805,415.2538,28.731522,151.37968
1023,1118936430100,5,18.405,352.808,17.722675,427.79797,28.451584,147.99254
1023,1118936430500,1,18.406,352.808,18.635153,378.44962,28.94367,144.14705
1023,1118936430500,3,18.406,352.808,18.20805,415.2538,28.731522,151.37968
1023,1118936430500,5,18.283,352.77,17.722675,427.79797,28.451584,147.99254
1023,1118936434100,1,18.406,352.808,18.635153,378.44962,28.94367,144.14705
1023,1118936434100,3,18.405,352.808,18.20805,415.2538,28.731522,151.37968
1023,1118936434100,5,18.258,352.761,17.722675,427.79797,28.451584,147.99254
1023,1118936434600,1,18.406,352.808,18.635153,378.44962,28.94367,144.14705
1023,1118936434600,3,18.283,352.77,18.20805,415.2538,28.731522,151.37968
1023,1118936434600,5,18.131,352.721,17.722675,427.79797,28.451584,147.99254
1023,1118936435600,1,18.405,352.808,18.635153,378.44962,28.94367,144.14705
1023,1118936435600,3,18.258,352.761,18.20805,415.2538,28.731522,151.37968
1023,1118936435600,5,18.121,352.717,17.722675,427.79797,28.451584,147.99254
1023,1118936440900,1,18.283,352.77,18.635153,378.44962,28.94367,144.14705
1023,1118936440900,3,18.131,352.721,18.20805,415.2538,28.731522,151.37968
1023,1118936440900,5,17.983,352.673,17.722675,427.79797,28.451584,147.99254
1023,1118936443400,1,18.258,352.761,18.28564,378.44962,28.94367,144.14705
1023,1118936443400,3,18.121,352.717,17.835606,415.2538,28.731522,151.37968
1023,1118936443400,5,17.915,352.651,17.722675,427.79797,28.451584,147.99254
1023,1118936443900,1,18.131,352.721,18.28564,372.60242,28.94367,144.14705
1023,1118936443900,3,17.983,352.673,17.835606,410.9946,28.731522,151.37968
1023,1118936443900,5,17.915,352.651,17.722675,412.8012,28.451584,147.99254
1023,1118936446500,1,18.121,352.717,18.164743,372.60242,28.94367,144.14705
1023,1118936446500,3,17.915,352.651,17.835606,410.9946,28.731522,151.37968
1023,1118936446500,5,17.915,352.651,17.722675,395.73508,28.451584,147.99254
1023,1118936446700,1,17.983,352.673,18.164743,372.60242,28.94367,144.14705
1023,1118936446700,3,17.915,352.651,17.835606,406.59808,28.731522,151.37968
1023,1118936446700,5,17.915,352.651,17.722675,395.73508,28.451584,147.99254
1023,1118936449500,1,17.915,352.651,18.043772,372.60242,28.94367,144.14705
1023,1118936449500,3,17.915,352.651,17.835606,404.20535,28.731522,151.37968
1023,1118936449500,5,17.915,352.651,17.722675,395.73508,28.451584,147.99254
1023,1118936451100,1,17.915,352.651,17.9417,372.60242,28.94367,144.14705
1023,1118936451100,3,17.915,352.651,17.835606,404.20535,28.731522,151.37968
1023,1118936451100,5,17.915,352.651,17.722675,395.73508,28.451584,147.99254
1023,1118936454300,1,17.915,352.651,17.952856,372.60242,28.94367,144.14705
1023,1118936454300,3,17.915,352.651,17.86572,404.20535,28.731522,151.37968
1023,1118936454300,5,17.915,352.651,17.722675,395.73508,28.451584,147.99254
1023,1118936455200,1,17.915,352.651,17.952856,378.44962,28.94367,144.14705
1023,1118936455200,3,17.915,352.651,17.86572,408.46457,28.731522,151.37968
1023,1118936455200,5,12.637,394.322,17.722675,410.73187,28.451584,147.99254
1023,1118936455700,1,17.915,352.651,17.952856,378.44962,28.94367,144.14705
1023,1118936455700,3,17.915,352.651,17.86572,408.46457,28.731522,151.37968
1023,1118936455700,5,7.817,435.001,17.722675,427.79797,28.451584,147.99254
1023,1118936458800,1,17.915,352.651,17.952856,378.44962,28.94367,144.14705
1023,1118936458800,3,12.637,394.322,17.86572,412.86108,28.731522,151.37968
1023,1118936458800,5,4.66,549.844,17.722675,427.79797,28.451584,147.99254
1023,1118936460500,1,17.915,352.651,17.952856,378.44962,28.94367,144.14705
1023,1118936460500,3,7.817,435.001,17.86572,415.2538,28.731522,151.37968
1023,1118936460500,5,2.875,757.336,17.722675,427.79797,28.451584,147.99254
1023,1118936462300,1,12.637,394.322,17.952856,378.44962,28.94367,144.14705
1023,1118936462300,3,4.66,549.844,17.86572,415.2538,28.731522,151.37968
1023,1118936462300,5,4.295,781.383,17.722675,427.79797,28.451584,147.99254
1023,1118936467300,1,7.817,435.001,13.846245,409.8294,28.94367,144.14705
1023,1118936467300,3,2.875,757.336,15.19112,427.85318,28.731522,151.37968
1023,1118936467300,5,7.201,805.939,16.393764,475.29282,28.451584,147.99254
1023,1118936468500,1,4.66,549.844,7.7177377,503.0042,28.94367,144.14705
1023,1118936468500,3,4.295,781.383,7.2856984,581.7111,28.731522,151.37968
1023,1118936468500,5,12.532,856.84,8.034617,720.2755,28.451584,147.99254
1023,1118936471100,1,2.875,757.336,5.62928,620.76404,28.94367,144.14705
1023,1118936471100,3,7.201,805.939,7.4530478,737.127,28.731522,151.37968
1023,1118936471100,5,17.024,913.801,8.41964,844.30035,28.451584,147.99254
1023,1118936474600,1,4.295,781.383,5.5037084,820.68964,28.94367,144.14705
1023,1118936474600,3,12.532,856.84,6.8408675,956.5466,28.731522,151.37968
1023,1118936474600,5,9.138,1196.811,16.367865,1052.7058,28.451584,147.99254
1023,1118936475000,1,7.201,805.939,6.192142,846.6871,28.94367,144.14705
1023,1118936475000,3,17.024,913.801,10.4852915,1018.0552,28.731522,151.37968
1023,1118936475000,5,9.369,1202.371,26.968386,1093.734,28.451584,147.99254
1023,1118936475400,1,12.532,856.84,7.562852,822.38763,28.94367,144.14705
1023,1118936475400,3,9.138,1196.811,13.358883,1040.747,28.731522,151.37968
1023,1118936475400,5,10.292,1218.937,16.137856,996.1802,28.451584,147.99254
1023,1118936476200,1,17.024,913.801,13.769412,910.6079,28.94367,144.14705
1023,1118936476200,3,9.369,1202.371,19.983461,1045.718,28.731522,151.37968
1023,1118936476200,5,7.051,1280.021,21.808693,877.49225,28.451584,147.99254
1023,1118936477100,1,9.138,1196.811,18.359135,892.2179,28.94367,144.14705
1023,1118936477100,3,10.292,1218.937,20.721899,1007.32324,28.731522,151.37968
1023,1118936477100,5,10.264,1604.755,24.700933,910.6231,28.451584,147.99254
1023,1118936481500,1,9.369,1202.371,9.4953,1226.4232,28.94367,144.14705
1023,1118936481500,3,7.051,1280.021,14.480878,1126.3734,28.731522,151.37968
1023,1118936481500,5,-15.02,1595.08,16.313297,948.9539,28.451584,147.99254
1023,1118936481600,1,10.292,1218.937,9.615944,1274.1046,28.94367,144.14705
1023,1118936481600,3,10.264,1604.755,13.633565,1294.3752,28.731522,151.37968
1023,1118936481600,5,-1.518,1506.186,15.972622,1137.2014,28.451584,147.99254
1023,1118936481900,1,7.051,1280.021,11.749905,1258.284,28.94367,144.14705
1023,1118936481900,3,-15.02,1595.08,19.8314,1357.827,28.731522,151.37968
1023,1118936481900,5,-1.807,1463.687,24.815014,1070.5037,28.451584,147.99254
1023,1118936483000,1,10.264,1604.755,7.1062384,1317.7051,28.94367,144.14705
1023,1118936483000,3,-1.518,1506.186,9.732105,1383.1554,28.731522,151.37968
1023,1118936483000,5,-8.57,1406.227,16.042788,1150.2667,28.451584,147.99254
1023,1118936488800,1,-15.02,1595.08,10.174081,1562.8129,28.94367,144.14705
1023,1118936488800,3,-1.807,1463.687,15.132898,1349.6564,28.731522,151.37968
1023,1118936488800,5,-9.913,1398.609,14.776785,1221.4761,28.451584,147.99254
1023,1118937244800,1,-1.518,1506.186,-3.1785057,1509.0071,28.94367,144.14705
1023,1118937244800,3,-8.57,1406.227,8.936401,1428.1257,28.731522,151.37968
1023,1118937244800,5,-14.627,1371.57,9.4995985,1124.3197,28.451584,147.99254
1023,1118937247300,1,-1.807,1463.687,-1.7059066,1473.3291,28.94367,144.14705
1023,1118937247300,3,-9.913,1398.609,1.7527143,1489.4515,28.731522,151.37968
1023,1118937247300,5,-16.261,1354.059,3.9130952,1323.5214,28.451584,147.99254
1023,1118937248400,1,-8.57,1406.227,-3.1143188,1414.3658,28.94367,144.14705
1023,1118937248400,3,-14.627,1371.57,-3.8111556,1433.6371,28.731522,151.37968
1023,1118937248400,5,-16.02,1343.307,-2.0800428,1502.3573,28.451584,147.99254
1023,1118937249900,1,-9.913,1398.609,-6.3083453,1370.6472,28.94367,144.14705
1023,1118937249900,3,-16.261,1354.059,-6.4086328,1450.5382,28.731522,151.37968
1023,1118937249900,5,-16.466,1315.372,2.5634525,1431.4604,28.451584,147.99254
1023,1118937250100,1,-14.627,1371.57,-10.030279,1358.3193,28.94367,144.14705
1023,1118937250100,3,-16.02,1343.307,-7.8047023,1368.5049,28.731522,151.37968
1023,1118937250100,5,-15.407,1271.498,-5.961896,1343.949,28.451584,147.99254
1023,1118937250800,1,-16.261,1354.059,-12.793295,1349.3928,28.94367,144.14705
1023,1118937250800,3,-16.466,1315.372,-10.624285,1330.9347,28.731522,151.37968
1023,1118937250800,5,-16.064,1181.132,-9.277075,1333.6897,28.451584,147.99254
1023,1118937251200,1,-16.02,1343.307,-16.499525,1313.321,28.94367,144.14705
1023,1118937251200,3,-15.407,1271.498,-12.912952,1275.8884,28.731522,151.37968
1023,1118937251200,5,-7.302,1011.706,-15.085815,1286.2358,28.451584,147.99254
1023,1118937251500,1,-16.466,1315.372,-14.203477,1304.8833,28.94367,144.14705
1023,1118937251500,3,-16.064,1181.132,-14.948083,1262.6602,28.731522,151.37968
1023,1118937251500,5,-3.788,972.455,-8.043302,1196.7953,28.451584,147.99254
1023,1118937252300,1,-15.407,1271.498,-14.480318,1298.236,28.94367,144.14705
1023,1118937252300,3,-7.302,1011.706,-16.090908,1245.759,28.731522,151.37968
1023,1118937252300,5,-8.072,907.32,-17.657408,1193.7218,28.451584,147.99254
1023,1118937253500,1,-16.064,1181.132,-13.574252,1240.6055,28.94367,144.14705
1023,1118937253500,3,-3.788,972.455,-15.941144,1175.751,28.731522,151.37968
1023,1118937253500,5,-8.935,887.285,-17.184107,1183.5863,28.451584,147.99254
1023,1118937256100,1,-7.302,1011.706,-15.334743,1137.1418,28.94367,144.14705
1023,1118937256100,3,-8.072,907.32,-15.093264,1003.95746,28.731522,151.37968
1023,1118937256100,5,-16.118,760.855,-16.972855,999.5312,28.451584,147.99254
1023,1118937261400,1,-3.788,972.455,-6.389714,989.73126,28.94367,144.14705
1023,1118937261400,3,-8.935,887.285,-12.080883,876.1132,28.731522,151.37968
1023,1118937261400,5,-14.681,687.181,-16.092554,827.54474,28.451584,147.99254
1023,1118937262700,1,-8.072,907.32,-5.3483214,946.7108,28.94367,144.14705
1023,1118937262700,3,-16.118,760.855,-9.648258,843.3519,28.731522,151.37968
1023,1118937262700,5,-14.692,632.35,-16.444351,848.9858,28.451584,147.99254
1023,1118937265200,1,-8.935,887.285,-6.120131,869.1472,28.94367,144.14705
1023,1118937265200,3,-14.681,687.181,-11.223304,744.1649,28.731522,151.37968
1023,1118937265200,5,-14.692,632.348,-16.200964,764.2881,28.451584,147.99254
1023,1118937266100,1,-16.118,760.855,-5.8091683,857.14417,28.94367,144.14705
1023,1118937266100,3,-14.692,632.35,-9.686105,724.48615,28.731522,151.37968
1023,1118937266100,5,-14.692,632.348,-15.245527,707.40326,28.451584,147.99254
1023,1118937270900,1,-14.681,687.181,-14.335316,716.0737,28.94367,144.14705
1023,1118937270900,3,-14.692,632.348,-14.835614,637.86096,28.731522,151.37968
1023,1118937270900,5,-14.692,632.348,-16.016888,502.42886,28.451584,147.99254
1023,1118937273800,1,-14.692,632.35,-12.850804,661.7559,28.94367,144.14705
1023,1118937273800,3,-14.692,632.348,-13.598866,590.7761,28.731522,151.37968
1023,1118937273800,5,-14.692,632.348,-16.998363,493.36545,28.451584,147.99254
1023,1118937279200,1,-14.692,632.348,-13.3050375,597.95416,28.94367,144.14705
1023,1118937279200,3,-14.692,632.348,-14.430078,545.49976,28.731522,151.37968
1023,1118937279200,5,-14.692,632.348,-15.945301,480.06094,28.451584,147.99254
1023,1118937280700,1,-14.692,632.348,-13.3050375,597.8085,28.94367,144.14705
1023,1118937280700,3,-14.692,632.348,-14.0663,562.3068,28.731522,151.37968
1023,1118937280700,5,-14.749,635.265,-11.817273,511.53073,28.451584,147.99254
1023,1118937281200,1,-14.692,632.348,-13.3050375,619.25714,28.94367,144.14705
1023,1118937281200,3,-14.692,632.348,-13.957729,577.33716,28.731522,151.37968
1023,1118937281200,5,-14.668,641.297,-13.973672,511.96994,28.451584,147.99254
1023,1118937284000,1,-14.692,632.348,-13.3050375,621.19183,28.94367,144.14705
1023,1118937284000,3,-14.749,635.265,-13.610301,590.1835,28.731522,151.37968
1023,1118937284000,5,-14.668,641.093,-12.824971,528.6879,28.451584,147.99254
1023,1118937286300,1,-14.692,632.348,-13.3050375,621.19183,28.94367,144.14705
1023,1118937286300,3,-14.668,641.297,-13.610301,590.1835,28.731522,151.37968
1023,1118937286300,5,-14.668,641.053,-12.754858,541.9775,28.451584,147.99254
1023,1118937287200,1,-14.749,635.265,-13.3050375,623.92346,28.94367,144.14705
1023,1118937287200,3,-14.668,641.093,-13.5438595,594.57996,28.731522,151.37968
1023,1118937287200,5,-14.668,640.848,-13.193885,543.2433,28.451584,147.99254
1023,1118937289300,1,-14.668,641.297,-13.316194,623.92346,28.94367,144.14705
1023,1118937289300,3,-14.668,641.053,-11.610553,613.6033,28.731522,151.37968
1023,1118937289300,5,-14.667,640.565,-11.895022,547.4171,28.451584,147.99254
1023,1118937298100,1,-14.668,641.093,-13.274746,657.5313,28.94367,144.14705
1023,1118937298100,3,-14.668,640.848,-10.034123,616.5708,28.731522,151.37968
1023,1118937298100,5,-14.667,640.522,-8.371243,559.63806,28.451584,147.99254
1023,1118937298600,1,-14.668,641.053,-13.258627,660.86346,28.94367,144.14705
1023,1118937298600,3,-14.667,640.565,-11.869874,616.5708,28.731522,151.37968
1023,1118937298600,5,-14.737,633.211,-8.735473,559.63806,28.451584,147.99254
1023,1118937298700,1,-14.668,640.848,-13.288918,636.84985,28.94367,144.14705
1023,1118937298700,3,-14.667,640.522,-11.869874,603.28827,28.731522,151.37968
1023,1118937298700,5,-14.769,633.211,-9.805833,544.6413,28.451584,147.99254
1023,1118937299200,1,-14.667,640.565,-13.3050375,636.84985,28.94367,144.14705
1023,1118937299200,3,-14.737,633.211,-11.869874,597.66876,28.731522,151.37968
1023,1118937299200,5,-14.81,633.211,-9.805833,518.7523,28.451584,147.99254
1023,1118937299900,1,-14.667,640.522,-13.3050375,636.84985,28.94367,144.14705
1023,1118937299900,3,-14.769,633.211,-11.869874,593.2722,28.731522,151.37968
1023,1118937299900,5,-14.828,633.211,-9.805833,518.7523,28.451584,147.99254
1023,1118937300100,1,-14.737,633.211,-13.3050375,634.1183,28.94367,144.14705
1023,1118937300100,3,-14.81,633.211,-11.869874,590.8795,28.731522,151.37968
1023,1118937300100,5,-14.837,633.212,-9.805833,518.7523,28.451584,147.99254
1023,1118937302800,1,-14.769,633.211,-13.316194,600.5104,28.94367,144.14705
1023,1118937302800,3,-14.828,633.211,-11.899988,559.58014,28.731522,151.37968
1023,1118937302800,5,-14.904,633.211,-9.573475,491.94318,28.451584,147.99254
1023,1118937304000,1,-14.81,633.211,-13.316194,597.8085,28.94367,144.14705
1023,1118937304000,3,-14.837,633.212,-12.105241,571.28143,28.731522,151.37968
1023,1118937304000,5,-14.972,633.212,-9.805833,517.0289,28.451584,147.99254
1023,1118937305500,1,-14.828,633.211,-13.316194,621.19183,28.94367,144.14705
1023,1118937305500,3,-14.904,633.211,-12.105241,584.56396,28.731522,151.37968
1023,1118937305500,5,-15.074,633.212,-10.185422,528.6879,28.451584,147.99254
1023,1118937306200,1,-14.837,633.212,-13.316194,621.19183,28.94367,144.14705
1023,1118937306200,3,-14.972,633.212,-12.105241,590.1835,28.731522,151.37968
1023,1118937306200,5,-15.074,633.212,-10.185422,545.7541,28.451584,147.99254
1023,1118937306500,1,-14.904,633.211,-13.316194,621.19183,28.94367,144.14705
1023,1118937306500,3,-15.074,633.212,-12.105241,594.57996,28.731522,151.37968
1023,1118937306500,5,-15.074,633.212,-10.185422,545.7541,28.451584,147.99254
1023,1118937309000,1,-14.972,633.212,-13.798966,623.92346,28.94367,144.14705
1023,1118937309000,3,-15.074,633.212,-12.105241,596.9727,28.731522,151.37968
1023,1118937309000,5,-15.074,633.212,-10.185422,545.7541,28.451584,147.99254
1023,1118937311500,1,-15.074,633.212,-13.798966,621.9888,28.94367,144.14705
1023,1118937311500,3,-15.074,633.212,-12.105241,592.7135,28.731522,151.37968
1023,1118937311500,5,-15.074,633.212,-10.185422,530.75726,28.451584,147.99254
1023,1118937315700,1,-15.074,633.212,-13.798966,623.92346,28.94367,144.14705
1023,1118937315700,3,-15.074,633.212,-11.899988,596.9727,28.731522,151.37968
1023,1118937315700,5,-15.074,633.212,-10.338103,528.6879,28.451584,147.99254
1023,1118937316800,1,-15.074,633.212,-13.787809,623.92346,28.94367,144.14705
1023,1118937316800,3,-15.074,633.212,-11.869874,592.5762,28.731522,151.37968
1023,1118937316800,5,-15.074,633.212,-9.958513,545.7541,28.451584,147.99254
1023,1118937319800,1,-15.074,633.212,-13.787809,623.92346,28.94367,144.14705
1023,1118937319800,3,-15.074,633.212,-11.869874,594.57996,28.731522,151.37968
1023,1118937319800,5,-15.074,633.212,-10.358695,545.7541,28.451584,147.99254
1023,1118937321900,1,-15.074,633.212,-13.787809,623.92346,28.94367,144.14705
1023,1118937321900,3,-15.074,633.212,-11.869874,596.9727,28.731522,151.37968
1023,1118937321900,5,-15.074,633.212,-10.358695,545.7541,28.451584,147.99254
1023,1118937323200,1,-15.074,633.212,-13.787809,623.92346,28.94367,144.14705
1023,1118937323200,3,-15.074,633.212,-11.869874,596.9727,28.731522,151.37968
1023,1118937323200,5,-15.074,633.192,-10.358695,545.7541,28.451584,147.99254
1023,1118937326800,1,-15.074,633.212,-13.787809,623.92346,28.94367,144.14705
1023,1118937326800,3,-15.074,633.212,-11.869874,596.9727,28.731522,151.37968
1023,1118937326800,5,-14.837,642.82,-10.358695,545.7541,28.451584,147.99254
1023,1118937328300,1,-15.074,633.212,-13.787809,623.92346,28.94367,144.14705
1023,1118937328300,3,-15.074,633.192,-11.869874,596.9727,28.731522,151.37968
1023,1118937328300,5,-14.82,642.548,-10.358695,545.7541,28.451584,147.99254
1023,1118937330100,1,-15.074,633.212,-13.787809,623.92346,28.94367,144.14705
1023,1118937330100,3,-14.837,642.82,-11.869874,596.9727,28.731522,151.37968
1023,1118937330100,5,-14.785,642.006,-10.358695,545.7541,28.451584,147.99254
1023,1118937332500,1,-15.074,633.192,-13.787809,623.92346,28.94367,144.14705
1023,1118937332500,3,-14.82,642.548,-11.869874,596.9727,28.731522,151.37968
1023,1118937332500,5,-14.744,641.373,-10.358695,545.7541,28.451584,147.99254
1023,1118937336200,1,-14.837,642.82,-13.787809,623.92346,28.94367,144.14705
1023,1118937336200,3,-14.785,642.006,-11.869874,596.9727,28.731522,151.37968
1023,1118937336200,5,-14.482,637.304,-10.358695,545.7541,28.451584,147.99254
1023,1118937339900,1,-14.82,642.548,-13.3050375,655.5966,28.94367,144.14705
1023,1118937339900,3,-14.744,641.373,-9.986585,612.3116,28.731522,151.37968
1023,1118937339900,5,-14.737,630.057,-9.400167,544.6413,28.451584,147.99254
1023,1118937340200,1,-14.785,642.006,-13.274746,657.5313,28.94367,144.14705
1023,1118937340200,3,-14.482,637.304,-11.869874,616.5708,28.731522,151.37968
1023,1118937340200,5,-14.642,570.547,-8.657874,533.74915,28.451584,147.99254
1023,1118937340800,1,-14.744,641.373,-13.288918,640.182,28.94367,144.14705
1023,1118937340800,3,-14.737,630.057,-11.869874,600.8941,28.731522,151.37968
1023,1118937340800,5,-14.481,561.779,-9.563645,544.6413,28.451584,147.99254
1023,1118937341500,1,-14.482,637.304,-13.3050375,637.3728,28.94367,144.14705
1023,1118937341500,3,-14.642,570.547,-11.869874,595.276,28.731522,151.37968
1023,1118937341500,5,-14.679,485.609,-9.563645,518.7523,28.451584,147.99254
1023,1118937346000,1,-14.737,630.057,-13.3050375,614.5845,28.94367,144.14705
1023,1118937346000,3,-14.481,561.779,-11.869874,593.2722,28.731522,151.37968
1023,1118937346000,5,-14.708,453.087,-9.563645,507.71484,28.451584,147.99254
1023,1118937348600,1,-14.642,570.547,-13.316194,600.5104,28.94367,144.14705
1023,1118937348600,3,-14.679,485.609,-11.899988,550.5569,28.731522,151.37968
1023,1118937348600,5,-7.551,432.52,-8.864694,491.5177,28.451584,147.99254
1023,1118937352600,1,-14.481,561.779,-13.3050375,547.0553,28.94367,144.14705
1023,1118937352600,3,-14.708,453.087,-10.587497,503.54977,28.731522,151.37968
1023,1118937352600,5,29.809,397.067,-6.2772546,469.99506,28.451584,147.99254
1023,1118937353000,1,-14.679,485.609,-13.18565,537.6674,28.94367,144.14705
1023,1118937353000,3,-7.551,432.52,-10.110603,482.83337,28.731522,151.37968
1023,1118937353000,5,79.137,390.569,-5.930485,472.6905,28.451584,147.99254
1030,1118936407400,1,48.282,454.344,50.2807,367.02194,28.94367,144.14705
1030,1118936407400,3,37.098,456.577,50.41585,569.2651,28.731522,151.37968
1030,1118936407400,5,20.224,480.196,48.8191,752.3188,28.451584,147.99254
1030,1118936407700,1,38.323,455.842,44.95304,498.72656,28.94367,144.14705
1030,1118936407700,3,25.231,465.777,48.82689,503.8763,28.731522,151.37968
1030,1118936407700,5,19.336,518.489,50.903774,569.3764,28.451584,147.99254
1030,1118936408700,1,37.098,456.577,39.09467,440.12866,28.94367,144.14705
1030,1118936408700,3,20.224,480.196,38.422215,505.4117,28.731522,151.37968
1030,1118936408700,5,19.626,530.261,38.620262,562.4712,28.451584,147.99254
1030,1118936408800,1,25.231,465.777,36.473125,468.62,28.94367,144.14705
1030,1118936408800,3,19.336,518.489,33.42846,528.5568,28.731522,151.37968
1030,1118936408800,5,23.175,694.649,32.720623,580.93933,28.451584,147.99254
1030,1118936409900,1,20.224,480.196,23.949852,536.67786,28.94367,144.14705
1030,1118936409900,3,19.626,530.261,23.857052,519.1449,28.731522,151.37968
1030,1118936409900,5,23.495,766.509,23.309973,585.90796,28.451584,147.99254
1030,1118936410700,1,19.336,518.489,19.245768,496.4137,28.94367,144.14705
1030,1118936410700,3,23.175,694.649,19.980936,565.6818,28.731522,151.37968
1030,1118936410700,5,32.785,838.576,17.685907,648.2856,28.451584,147.99254
1030,1118936412200,1,19.626,530.261,18.990501,571.831,28.94367,144.14705
1030,1118936412200,3,23.495,766.509,18.943394,655.0855,28.731522,151.37968
1030,1118936412200,5,40.144,955.838,17.526628,764.4066,28.451584,147.99254
1030,1118936412600,1,23.175,694.649,18.935047,573.5999,28.94367,144.14705
1030,1118936412600,3,32.785,838.576,18.50007,677.82837,28.731522,151.37968
1030,1118936412600,5,39.263,988.9,17.528025,794.7204,28.451584,147.99254
1030,1118936416700,1,23.495,766.509,23.108477,768.1998,28.94367,144.14705
1030,1118936416700,3,40.144,955.838,24.200092,909.6952,28.731522,151.37968
1030,1118936416700,5,39.267,988.886,24.802025,1026.8817,28.451584,147.99254
1030,1118936418200,1,32.785,838.576,23.48374,836.872,28.94367,144.14705
1030,1118936418200,3,39.263,988.9,24.249704,1008.36035,28.731522,151.37968
1030,1118936418200,5,39.267,988.886,24.519276,1128.3881,28.451584,147.99254
1030,1118936419800,1,40.144,955.838,31.318857,701.86755,28.94367,144.14705
1030,1118936419800,3,39.267,988.886,29.923923,1051.6532,28.731522,151.37968
1030,1118936419800,5,39.267,988.886,29.502308,1154.0044,28.451584,147.99254
1030,1118936422800,1,39.263,988.9,40.658215,1022.9019,28.94367,144.14705
1030,1118936422800,3,39.267,988.886,40.178574,1160.77,28.731522,151.37968
1030,1118936422800,5,39.337,1021.649,39.318863,1249.5238,28.451584,147.99254
1030,1118936425300,1,39.267,988.886,39.24089,984.7032,28.94367,144.14705
1030,1118936425300,3,39.267,988.886,39.627705,1046.2273,28.731522,151.37968
1030,1118936425300,5,30.133,1171.44,40.388336,1102.6736,28.451584,147.99254
1030,1118936430500,1,39.267,988.886,39.40938,997.9414,28.94367,144.14705
1030,1118936430500,3,39.337,1021.649,39.394474,988.6396,28.731522,151.37968
1030,1118936430500,5,29.714,1190.724,39.409275,1078.4453,28.451584,147.99254
1030,1118936432100,1,39.267,988.886,39.37909,994.7639,28.94367,144.14705
1030,1118936432100,3,30.133,1171.44,39.372444,1016.5489,28.731522,151.37968
1030,1118936432100,5,29.555,1312.182,39.46146,1065.921,28.451584,147.99254
1030,1118936433000,1,39.337,1021.649,39.362972,993.5531,28.94367,144.14705
1030,1118936433000,3,29.714,1190.724,39.372444,1013.5795,28.731522,151.37968
1030,1118936433000,5,29.078,1356.667,39.385433,1075.7155,28.451584,147.99254
1030,1118936435000,1,30.133,1171.44,39.534935,1045.5443,28.94367,144.14705
1030,1118936435000,3,29.555,1312.182,39.755077,1068.124,28.731522,151.37968
1030,1118936435000,5,29.083,1358.571,39.80277,1134.1853,28.451584,147.99254
1030,1118936440100,1,29.714,1190.724,29.84441,1183.3389,28.94367,144.14705
1030,1118936440100,3,29.078,1356.667,29.439241,1252.4203,28.731522,151.37968
1030,1118936440100,5,31.816,1381.407,29.800108,1352.9501,28.451584,147.99254
1030,1118936440600,1,29.555,1312.182,29.649118,1244.9878,28.94367,144.14705
1030,1118936440600,3,29.083,1358.571,29.8315,1316.4341,28.731522,151.37968
1030,1118936440600,5,33.109,1389.475,29.416843,1462.002,28.451584,147.99254
1030,1118936444400,1,29.078,1356.667,29.423824,1375.6686,28.94367,144.14705
1030,1118936444400,3,31.816,1381.407,29.513851,1477.0582,28.731522,151.37968
1030,1118936444400,5,33.463,1391.732,28.96066,1516.7164,28.451584,147.99254
1030,1118936446900,1,29.083,1358.571,28.644886,1391.5619,28.94367,144.14705
1030,1118936446900,3,33.109,1389.475,28.704853,1481.3156,28.731522,151.37968
1030,1118936446900,5,40.791,1445.652,28.916847,1478.9326,28.451584,147.99254
1030,1118936447100,1,31.816,1381.407,28.659607,1371.5885,28.94367,144.14705
1030,1118936447100,3,33.463,1391.732,28.708548,1488.1125,28.731522,151.37968
1030,1118936447100,5,42.6,1463.92,28.863455,1468.2917,28.451584,147.99254
1030,1118936451000,1,33.109,1389.475,31.154179,1403.2574,28.94367,144.14705
1030,1118936451000,3,40.791,1445.652,30.456825,1479.8773,28.731522,151.37968
1030,1118936451000,5,50.111,1488.363,29.882841,1458.2996,28.451584,147.99254
1030,1118936451500,1,33.463,1391.732,31.573065,1412.7504,28.94367,144.14705
1030,1118936451500,3,42.6,1463.92,30.235844,1516.3704,28.731522,151.37968
1030,1118936451500,5,50.503,1519.941,30.244576,1463.0038,28.451584,147.99254
1030,1118936451600,1,40.791,1445.652,31.593084,1416.5953,28.94367,144.14705
1030,1118936451600,3,50.111,1488.363,30.706339,1508.4974,28.731522,151.37968
1030,1118936451600,5,32.823,1597.371,30.503359,1474.2123,28.451584,147.99254
1030,1118936453700,1,42.6,1463.92,41.295555,1469.2479,28.94367,144.14705
1030,1118936453700,3,50.503,1519.941,41.107502,1498.5549,28.731522,151.37968
1030,1118936453700,5,15.897,10.335,41.08767,1472.0927,28.451584,147.99254
1030,1118936454400,1,50.111,1488.363,42.987732,1494.7596,28.94367,144.14705
1030,1118936454400,3,32.823,1597.371,42.45116,1500.6484,28.731522,151.37968
1030,1118936454400,5,15.897,10.335,41.311752,1482.627,28.451584,147.99254
1030,1118936455200,1,50.503,1519.941,51.634056,1266.7534,28.94367,144.14705
1030,1118936455200,3,15.897,10.335,51.835842,1541.4022,28.731522,151.37968
1030,1118936455200,5,15.897,10.335,50.39448,1345.0901,28.451584,147.99254
1030,1118936456100,1,32.823,1597.371,48.537964,1587.4227,28.94367,144.14705
1030,1118936456100,3,15.897,10.335,51.819473,1596.624,28.731522,151.37968
1030,1118936456100,5,15.897,10.335,49.575962,1322.1533,28.451584,147.99254
1030,1118936458600,1,15.897,10.335,29.409252,1564.1798,28.94367,144.14705
1030,1118936458600,3,15.897,10.335,29.550854,1535.9049,28.731522,151.37968
1030,1118936458600,5,15.897,10.335,29.691582,1441.4481,28.451584,147.99254
1030,1118937246600,1,15.897,10.335,16.12784,170.44,28.896189,143.40343
1030,1118937246600,3,15.897,10.335,17.186518,185.58824,28.723019,151.33073
1030,1118937246600,5,15.897,10.335,17.729805,299.1715,28.44718,147.96985
1030,1118937250700,1,15.897,10.335,16.09193,111.39304,28.794426,142.47615
1030,1118937250700,3,15.897,10.335,15.982466,216.59012,28.723066,151.332
1030,1118937250700,5,15.897,10.335,15.123055,276.99878,28.447205,147.96988
1030,1118937250900,1,15.897,10.335,16.058775,158.51991,28.826635,141.57094
1030,1118937250900,3,15.897,10.335,15.984724,349.67123,28.72231,151.32825
1030,1118937250900,5,15.897,10.335,17.573425,358.4267,28.447203,147.96988
1030,1118937253900,1,15.897,10.335,15.981889,187.0083,28.627777,140.444
1030,1118937253900,3,15.897,10.335,12.207,486.8597,28.720993,151.32173
1030,1118937253900,5,15.897,10.335,14.701289,367.79492,28.4472,147.96986
1030,1118937254600,1,15.897,10.335,15.981889,261.17007,26.830734,134.75153
1030,1118937254600,3,15.897,10.335,11.294215,491.84445,28.719654,151.31508
1030,1118937254600,5,15.897,10.335,14.361575,368.74933,28.447199,147.96985
1030,1118937261000,1,15.897,10.335,15.981889,263.90167,25.966078,132.06836
1030,1118937261000,3,15.897,10.335,11.330338,525.6406,28.718702,151.31038
1030,1118937261000,5,15.897,10.335,14.074677,364.83508,28.447197,147.96985
1030,1118937267700,1,15.897,10.335,15.981889,263.90167,25.911236,131.90231
1030,1118937267700,3,15.897,10.335,11.06285,528.6082,28.718029,151.30705
1030,1118937267700,5,15.897,10.335,13.291796,367.2841,28.447197,147.96983
1030,1118937271400,1,15.897,10.335,15.981889,263.90167,25.906504,131.88565
1030,1118937271400,3,15.897,10.335,10.969685,523.5833,28.71648,151.29942
1030,1118937271400,5,15.897,10.335,13.187071,369.7898,28.447144,147.96959
1030,1118937273300,1,15.897,10.335,15.981889,263.90167,25.906673,131.88618
1030,1118937273300,3,15.897,10.335,10.969685,530.4712,28.716702,151.3005
1030,1118937273300,5,15.897,10.454,13.566661,369.7898,28.44715,147.9696
1030,1118937274100,1,15.897,10.335,15.981889,263.90167,25.906673,131.88618
1030,1118937274100,3,15.897,10.335,10.969685,530.4712,28.716702,151.3005
1030,1118937274100,5,15.898,10.954,13.566661,369.7898,28.44715,147.9696
1030,1118937278200,1,15.897,10.335,15.981889,263.90167,25.906673,131.88618
1030,1118937278200,3,15.897,10.454,10.969685,530.4712,28.716702,151.3005
1030,1118937278200,5,15.908,14.454,13.566661,369.7898,28.44715,147.9696
1030,1118937278900,1,15.897,10.335,15.981889,263.90167,25.906673,131.88618
1030,1118937278900,3,15.898,10.954,10.969685,530.4712,28.716702,151.3005
1030,1118937278900,5,16.467,41.229,13.566661,369.7898,28.44715,147.9696
1030,1118937279400,1,15.897,10.454,15.981889,263.90167,25.906673,131.88618
1030,1118937279400,3,15.908,14.454,10.969685,530.4712,28.716702,151.3005
1030,1118937279400,5,28.633,257.297,13.566661,369.7898,28.44715,147.9696
1030,1118937280300,1,15.898,10.954,15.981889,263.90167,25.912918,131.94328
1030,1118937280300,3,16.467,41.229,10.912921,530.4712,28.717014,151.30226
1030,1118937280300,5,28.737,260.534,13.566661,369.7898,28.447243,147.97005
1030,1118937280500,1,15.908,14.454,15.900935,263.90167,25.955763,132.34796
1030,1118937280500,3,28.633,257.297,11.028144,530.4712,28.718613,151.31163
1030,1118937280500,5,29.255,292.154,13.693521,369.7898,28.447554,147.97162
1030,1118937281200,1,16.467,41.229,15.900935,263.90167,25.987095,133.21779
1030,1118937281200,3,28.737,260.534,11.028144,503.4849,28.724232,151.34196
1030,1118937281200,5,19.907,414.695,13.8253975,369.7898,28.449322,147.98076
1030,1118937283600,1,28.633,257.297,16.391586,268.1268,26.001717,134.79982
1030,1118937283600,3,29.255,292.154,11.21578,502.84567,28.73065,151.37534
1030,1118937283600,5,13.67,484.471,13.98247,379.65454,28.451462,147.99179
1030,1118937291800,1,28.737,260.534,29.684216,294.50146,26.749645,137.36418
1030,1118937291800,3,19.907,414.695,27.379269,377.62515,28.731323,151.37866
1030,1118937291800,5,15.03,665.369,27.136162,463.55545,28.451553,147.99237
1030,1118937291900,1,29.255,292.154,28.942469,312.10233,28.674139,143.31311
1030,1118937291900,3,13.67,484.471,27.537294,430.63272,28.73145,151.37932
1030,1118937291900,5,14.701,770.172,27.130257,557.9689,28.45156,147.9924
1030,1118937293000,1,19.907,414.695,29.418451,353.7883,28.933552,144.11514
1030,1118937293000,3,15.03,665.369,29.120003,465.63818,28.731483,151.37949
1030,1118937293000,5,16.426,788.634,28.105595,559.6441,28.451563,147.99243
1030,1118937297000,1,13.67,484.471,18.940353,470.5107,28.943298,144.14578
1030,1118937297000,3,14.701,770.172,18.718157,569.2769,28.731499,151.37956
1030,1118937297000,5,25.144,856.979,17.966885,687.9221,28.451567,147.99246
1030,1118937299200,1,15.03,665.369,13.218204,556.70215,28.94364,144.14691
1030,1118937299200,3,16.426,788.634,14.383352,671.3846,28.731508,151.37961
1030,1118937299200,5,29.091,886.302,15.977102,825.5995,28.45157,147.9925
1030,1118937304000,1,14.701,770.172,15.437363,737.4271,28.94366,144.14702
1030,1118937304000,3,25.144,856.979,16.25621,878.1555,28.731516,151.37965
1030,1118937304000,5,31.706,905.672,17.138838,1000.85236,28.451576,147.99252
1030,1118937306500,1,16.426,788.634,15.077215,836.872,28.943668,144.14705
1030,1118937306500,3,29.091,886.302,15.660054,994.1813,28.73152,151.37968
1030,1118937306500,5,35.247,927.167,17.346476,1122.5126,28.451582,147.99254
1030,1118937307000,1,25.144,856.979,16.508812,859.87384,28.94367,144.14705
1030,1118937307000,3,31.706,905.672,16.91031,985.6592,28.731522,151.37968
1030,1118937307000,5,36.364,939.977,17.885832,1130.7675,28.451584,147.99254
1030,1118937309200,1,29.091,886.302,23.885847,922.48206,28.94367,144.14705
1030,1118937309200,3,35.247,927.167,24.334723,1030.1959,28.731522,151.37968
1030,1118937309200,5,36.364,939.977,25.133657,1156.5134,28.451584,147.99254
1030,1118937310600,1,31.706,905.672,28.942469,933.0474,28.94367,144.14705
1030,1118937310600,3,36.364,939.977,28.170008,990.42004,28.731522,151.37968
1030,1118937310600,5,36.364,939.979,28.277872,1074.9443,28.451584,147.99254
1030,1118937311900,1,35.247,927.167,31.573065,930.09595,28.94367,144.14705
1030,1118937311900,3,36.364,939.977,30.335339,986.474,28.731522,151.37968
1030,1118937311900,5,36.364,939.977,29.69649,1032.7272,28.451584,147.99254
1030,1118937314000,1,36.364,939.977,34.5619,942.44415,28.94367,144.14705
1030,1118937314000,3,36.364,939.979,33.602444,969.9226,28.731522,151.37968
1030,1118937314000,5,36.364,939.977,34.707333,1046.4073,28.451584,147.99254
1030,1118937317900,1,36.364,939.977,36.173683,953.74036,28.94367,144.14705
1030,1118937317900,3,36.364,939.977,34.395416,979.69086,28.731522,151.37968
1030,1118937317900,5,36.361,940.022,34.728218,1013.6401,28.451584,147.99254
1030,1118937318100,1,36.364,939.979,36.190212,953.74036,28.94367,144.14705
1030,1118937318100,3,36.364,939.977,34.492928,979.2025,28.731522,151.37968
1030,1118937318100,5,36.844,946.102,34.83398,1008.9404,28.451584,147.99254
1030,1118937318500,1,36.364,939.977,36.159924,952.17377,28.94367,144.14705
1030,1118937318500,3,36.361,940.022,34.489548,970.00836,28.731522,151.37968
1030,1118937318500,5,37.887,952.487,35.05805,1021.2124,28.451584,147.99254
1030,1118937321400,1,36.364,939.977,36.143803,949.35205,28.94367,144.14705
1030,1118937321400,3,36.844,946.102,34.4657,962.9275,28.731522,151.37968
1030,1118937321400,5,38.012,959.336,35.05805,1020.571,28.451584,147.99254
1030,1118937322200,1,36.361,940.022,36.143803,946.8945,28.94367,144.14705
1030,1118937322200,3,37.887,952.487,34.4657,958.6683,28.731522,151.37968
1030,1118937322200,5,38.036,961.437,35.05805,1005.4535,28.451584,147.99254
1030,1118937325500,1,36.844,946.102,36.143803,948.82916,28.94367,144.14705
1030,1118937325500,3,38.012,959.336,34.5404,959.26355,28.731522,151.37968
1030,1118937325500,5,39.644,990.361,35.104862,999.5938,28.451584,147.99254
1030,1118937330500,1,37.887,952.487,36.204163,948.82916,28.94367,144.14705
1030,1118937330500,3,38.036,961.437,34.694416,955.8474,28.731522,151.37968
1030,1118937330500,5,37.993,1031.233,35.46545,1015.7917,28.451584,147.99254
1030,1118937331900,1,38.012,959.336,38.886288,956.48505,28.94367,144.14705
1030,1118937331900,3,39.644,990.361,39.0077,953.8839,28.731522,151.37968
1030,1118937331900,5,27.47,1119.024,39.291096,1017.6602,28.451584,147.99254
1030,1118937332600,1,38.036,961.437,38.902405,960.7102,28.94367,144.14705
1030,1118937332600,3,37.993,1031.233,38.88874,964.43695,28.731522,151.37968
1030,1118937332600,5,28.761,1143.298,39.291096,1027.1095,28.451584,147.99254
1030,1118937332800,1,39.644,990.361,38.902405,976.27765,28.94367,144.14705
1030,1118937332800,3,27.47,1119.024,38.86959,998.2645,28.731522,151.37968
1030,1118937332800,5,29.765,1275.021,39.291096,1035.1353,28.451584,147.99254
1030,1118937334600,1,37.993,1031.233,39.826054,1008.22925,28.94367,144.14705
1030,1118937334600,3,28.761,1143.298,40.133873,1040.9064,28.731522,151.37968
1030,1118937334600,5,29.922,1315.617,40.216515,1111.0101,28.451584,147.99254
1030,1118937336000,1,27.47,1119.024,38.591206,1072.8737,28.94367,144.14705
1030,1118937336000,3,29.765,1275.021,39.375313,1167.164,28.731522,151.37968
1030,1118937336000,5,30.114,1319.317,39.29594,1268.9531,28.451584,147.99254
1030,1118937339300,1,28.761,1143.298,26.42616,1173.45,28.94367,144.14705
1030,1118937339300,3,29.922,1315.617,27.737928,1233.6018,28.731522,151.37968
1030,1118937339300,5,30.127,1331.115,27.874947,1291.0516,28.451584,147.99254
1030,1118937340100,1,29.765,1275.021,29.235756,1203.7317,28.94367,144.14705
1030,1118937340100,3,30.114,1319.317,28.826523,1294.1647,28.731522,151.37968
1030,1118937340100,5,30.288,1346.185,28.24892,1388.3048,28.451584,147.99254
1030,1118937344600,1,29.922,1315.617,29.846912,1321.5295,28.94367,144.14705
1030,1118937344600,3,30.127,1331.115,29.46846,1417.1152,28.731522,151.37968
1030,1118937344600,5,39.124,1414.409,28.77568,1473.9087,28.451584,147.99254
1030,1118937348500,1,30.114,1319.317,29.867758,1347.7404,28.94367,144.14705
1030,1118937348500,3,30.288,1346.185,29.494009,1436.8055,28.731522,151.37968
1030,1118937348500,5,47.54,1478.243,28.79865,1474.7765,28.451584,147.99254
1030,1118937349100,1,30.127,1331.115,30.140667,1338.9675,28.94367,144.14705
1030,1118937349100,3,39.124,1414.409,30.163818,1427.6202,28.731522,151.37968
1030,1118937349100,5,48.849,1497.104,29.844114,1465.5256,28.451584,147.99254
1030,1118937350400,1,30.288,1346.185,30.080307,1347.8761,28.94367,144.14705
1030,1118937350400,3,47.54,1478.243,30.070503,1435.019,28.731522,151.37968
1030,1118937350400,5,34.291,1591.385,30.160673,1474.9005,28.451584,147.99254
1033,1118936415900,1,-33.743,1636.03,18.358042,1606.1019,28.94367,144.14705
1033,1118936415900,3,-33.743,1636.03,15.934363,1380.8046,28.731522,151.37968
1033,1118936415900,5,-33.743,1636.03,17.481533,1484.9192,28.451584,147.99254
1033,1118936416600,1,-33.743,1636.03,11.660369,1436.4838,28.94367,144.14705
1033,1118936416600,3,-33.743,1636.03,8.629004,1532.1893,28.731522,151.37968
1033,1118936416600,5,-33.743,1636.03,10.944925,1606.9097,28.451584,147.99254
1033,1118936418700,1,-33.743,1636.03,7.655179,1406.9358,28.94367,144.14705
1033,1118936418700,3,-33.743,1636.03,3.2740035,1493.0715,28.731522,151.37968
1033,1118936418700,5,-33.743,1636.03,1.3151543,1550.1666,28.451584,147.99254
1033,1118936418900,1,-33.743,1636.03,5.803151,1427.7845,28.94367,144.14705
1033,1118936418900,3,-33.743,1636.03,3.427685,1438.8708,28.731522,151.37968
1033,1118936418900,5,-33.743,1636.03,0.16443563,1568.53,28.451584,147.99254
1033,1118936423000,1,-33.743,1636.03,5.692625,1410.3483,28.94367,144.14705
1033,1118936423000,3,-33.743,1636.03,1.4413522,1369.8649,28.731522,151.37968
1033,1118936423000,5,-33.743,1636.03,5.1961126,1539.5255,28.451584,147.99254
1033,1118936423600,1,-33.743,1636.03,5.554241,1397.6447,28.94367,144.14705
1033,1118936423600,3,-33.743,1636.03,2.9612725,1375.2252,28.731522,151.37968
1033,1118936423600,5,-33.743,1636.03,12.765346,1533.4661,28.451584,147.99254
1033,1118936423800,1,-33.743,1636.03,3.2435956,1356.1315,28.94367,144.14705
1033,1118936423800,3,-33.743,1636.03,16.663946,1307.2021,28.731522,151.37968
1033,1118936423800,5,-33.743,1636.03,16.367565,1376.2489,28.451584,147.99254
1033,1118936428700,1,-33.743,1636.03,4.556067,1352.5109,28.94367,144.14705
1033,1118936428700,3,-33.743,1636.03,17.08358,1301.2717,28.731522,151.37968
1033,1118936428700,5,-33.743,1636.03,16.261444,1221.8402,28.451584,147.99254
1033,1118936429400,1,-33.743,1636.03,4.556067,1352.5109,28.94367,144.14705
1033,1118936429400,3,-33.743,1636.03,17.08358,1301.2717,28.731522,151.37968
1033,1118936429400,5,-33.743,1636.03,16.261444,1221.8402,28.451584,147.99254
1033,1118936430700,1,-33.743,1636.03,4.556067,1352.5109,28.94367,144.14705
1033,1118936430700,3,-33.743,1636.03,17.08358,1301.2717,28.731522,151.37968
1033,1118936430700,5,-33.743,1636.03,16.261444,1221.8402,28.451584,147.99254
1033,1118936435400,1,-33.743,1636.03,4.556067,1352.5109,28.94367,144.14705
1033,1118936435400,3,-33.743,1636.03,17.08358,1301.2717,28.731522,151.37968
1033,1118936435400,5,-33.844,1627.045,16.261444,1221.8402,28.451584,147.99254
1033,1118936439900,1,-33.743,1636.03,4.556067,1352.5109,28.94367,144.14705
1033,1118936439900,3,-33.743,1636.03,17.08358,1301.2717,28.731522,151.37968
1033,1118936439900,5,-23.98,1442.921,16.261444,1221.8402,28.451584,147.99254
1033,1118936440700,1,-33.743,1636.03,4.556067,1352.5109,28.94367,144.14705
1033,1118936440700,3,-33.844,1627.045,17.08358,1301.2717,28.731522,151.37968
1033,1118936440700,5,-32.27,1397.467,16.261444,1221.8402,28.451584,147.99254
1033,1118936442500,1,-33.743,1636.03,4.556067,1352.5109,28.94367,144.14705
1033,1118936442500,3,-23.98,1442.921,17.08358,1301.2717,28.731522,151.37968
1033,1118936442500,5,-33.162,1393.113,16.261444,1221.8402,28.451584,147.99254
1033,1118936443200,1,-33.844,1627.045,4.556067,1352.5109,28.94367,144.14705
1033,1118936443200,3,-32.27,1397.467,17.08358,1301.2717,28.731522,151.37968
1033,1118936443200,5,-37.104,1260.65,16.261444,1221.8402,28.451584,147.99254
1033,1118936446000,1,-23.98,1442.921,4.5449104,1352.5109,28.94367,144.14705
1033,1118936446000,3,-33.162,1393.113,17.053465,1265.0878,28.731522,151.37968
1033,1118936446000,5,-36.155,1164.677,17.546465,1137.5876,28.451584,147.99254
1033,1118936452400,1,-32.27,1397.467,-23.508104,1442.7003,28.94367,144.14705
1033,1118936452400,3,-37.104,1260.65,-6.559647,1436.1335,28.731522,151.37968
1033,1118936452400,5,-39.381,1110.29,-7.3622394,1157.5126,28.451584,147.99254
1033,1118936453500,1,-33.162,1393.113,0.29180026,1192.0016,28.94367,144.14705
1033,1118936453500,3,-36.155,1164.677,11.408261,1333.9316,28.731522,151.37968
1033,1118936453500,5,-36.065,1074.769,1.8244799,1075.4678,28.451584,147.99254
1033,1118936453600,1,-37.104,1260.65,5.338495,1194.5928,28.94367,144.14705
1033,1118936453600,3,-39.381,1110.29,14.1101,1235.5676,28.731522,151.37968
1033,1118936453600,5,-25.256,944.768,4.2275143,1072.9823,28.451584,147.99254
1033,1118936456000,1,-36.155,1164.677,4.3570766,1029.0933,28.94367,144.14705
1033,1118936456000,3,-36.065,1074.769,17.558187,1176.436,28.731522,151.37968
1033,1118936456000,5,-31.471,366.95,9.214095,1092.5201,28.451584,147.99254
1033,1118936457900,1,-39.381,1110.29,6.7682176,925.71985,28.94367,144.14705
1033,1118936457900,3,-25.256,944.768,17.91343,1030.0197,28.731522,151.37968
1033,1118936457900,5,-29.707,351.825,-3.3698158,922.2825,28.451584,147.99254
1033,1118936458900,1,-36.065,1074.769,8.808171,394.47247,28.94367,144.14705
1033,1118936458900,3,-31.471,366.95,10.585995,732.68585,28.731522,151.37968
1033,1118936458900,5,-27.658,98.701,-0.3679638,687.06055,28.451584,147.99254
1033,1118936459500,1,-25.256,944.768,5.2638555,849.0416,28.94367,144.14705
1033,1118936459500,3,-29.707,351.825,2.4399018,963.4797,28.731522,151.37968
1033,1118936459500,5,-13.278,1568.175,7.3193355,895.24274,28.451584,147.99254
1033,1118936462100,1,-31.471,366.95,-21.942297,910.2076,28.94367,144.14705
1033,1118936462100,3,-27.658,98.701,-9.882309,827.8817,28.731522,151.37968
1033,1118936462100,5,-8.37,1538.424,-7.5829387,722.78534,28.451584,147.99254
1033,1118936472200,1,-29.707,351.825,-9.374816,346.13666,28.943665,144.14705
1033,1118936472200,3,-13.278,1568.175,-10.00323,353.7055,28.731134,151.37492
1033,1118936472200,5,-19.141,1292.914,-6.106225,346.47977,28.45158,147.99252
1033,1118936472500,1,-27.658,98.701,-12.393352,289.0372,28.943645,144.14697
1033,1118936472500,3,-8.37,1538.424,-7.69064,314.31332,28.731459,151.37894
1033,1118936472500,5,-12.946,1042.849,-14.809131,334.22604,28.451578,147.99251
1033,1118936477300,1,-13.278,1568.175,7.9935117,134.54347,28.342289,141.15358
1033,1118936477300,3,-19.141,1292.914,25.551485,338.09708,28.446548,147.87733
1033,1118936477300,5,-7.11,971.875,12.272554,379.78094,28.367294,147.33627
1033,1118937251200,1,-8.37,1538.424,-2.8828049,1415.801,28.943512,144.1465
1033,1118937251200,3,-12.946,1042.849,-7.102455,1391.4287,28.73149,151.37955
1033,1118937251200,5,-7.74,960.872,-18.352116,1379.7886,28.451532,147.99231
1033,1118937252100,1,-19.141,1292.914,-8.633364,1459.4929,28.943508,144.1465
1033,1118937252100,3,-7.11,971.875,-1.3161995,1351.5354,28.73149,151.37953
1033,1118937252100,5,-9.84,911.676,-9.12881,1261.343,28.451532,147.99231
1033,1118937258600,1,-12.946,1042.849,-20.009039,1281.9264,28.943504,144.14648
1033,1118937258600,3,-7.74,960.872,-18.515505,1254.7087,28.731485,151.37952
1033,1118937258600,5,-14.198,832.918,-9.747911,1222.7677,28.451529,147.9923
1033,1118937266300,1,-7.11,971.875,-13.331872,1024.2515,28.943466,144.14636
1033,1118937266300,3,-9.84,911.676,-9.131384,862.2522,28.731464,151.37941
1033,1118937266300,5,-12.204,798.601,-18.844063,926.863,28.451498,147.99214
1033,1118937268900,1,-7.74,960.872,-6.933184,948.93195,28.943314,144.1457
1033,1118937268900,3,-14.198,832.918,-8.650563,789.50006,28.731215,151.37799
1033,1118937268900,5,-4.744,677.265,-13.041885,835.0091,28.451292,147.99106
1033,1118937269300,1,-9.84,911.676,-6.998446,931.8788,28.943594,144.14676
1033,1118937269300,3,-12.204,798.601,-11.056859,814.935,28.731434,151.37894
1033,1118937269300,5,-4.758,626.276,-16.492435,827.64154,28.451498,147.99194
1033,1118937271700,1,-14.198,832.918,-10.633031,873.8898,28.943653,144.14699
1033,1118937271700,3,-4.744,677.265,-8.649597,737.62067,28.731495,151.37953
1033,1118937271700,5,-4.879,623.901,-15.245527,771.9243,28.451563,147.99243
1033,1118937274900,1,-12.204,798.601,-13.163539,796.33136,28.94367,144.14705
1033,1118937274900,3,-4.758,626.276,-13.09215,685.24536,28.731522,151.37968
1033,1118937274900,5,-5.123,619.205,-10.390462,633.7038,28.451584,147.99254
1033,1118937276100,1,-4.744,677.265,-11.224048,768.04486,28.94367,144.14705
1033,1118937276100,3,-4.879,623.901,-12.81607,643.2871,28.731522,151.37968
1033,1118937276100,5,-5.429,592.789,-15.959553,604.16486,28.451584,147.99254
1033,1118937280000,1,-4.758,626.276,-6.389714,656.4143,28.94367,144.14705
1033,1118937280000,3,-5.123,619.205,-10.16242,592.3341,28.731522,151.37968
1033,1118937280000,5,-5.21,586.698,-15.0002165,547.1876,28.451584,147.99254
1033,1118937281700,1,-4.879,623.901,-5.9977164,603.52136,28.94367,144.14705
1033,1118937281700,3,-5.429,592.789,-10.120666,563.538,28.731522,151.37968
1033,1118937281700,5,-4.736,574.429,-14.247711,540.99646,28.451584,147.99254
1033,1118937281800,1,-5.123,619.205,-6.120131,594.4928,28.94367,144.14705
1033,1118937281800,3,-5.21,586.698,-9.447412,551.7641,28.731522,151.37968
1033,1118937281800,5,-4.762,574.438,-12.1810875,553.9046,28.451584,147.99254
1033,1118937282000,1,-5.429,592.789,-6.120131,594.4928,28.94367,144.14705
1033,1118937282000,3,-4.736,574.429,-9.011393,554.7316,28.731522,151.37968
1033,1118937282000,5,-4.924,574.439,-11.137335,555.4346,28.451584,147.99254
1033,1118937283500,1,-5.21,586.698,-5.7433214,574.3487,28.94367,144.14705
1033,1118937283500,3,-4.762,574.438,-9.648524,528.6013,28.731522,151.37968
1033,1118937283500,5,-5.015,574.439,-11.235992,522.30725,28.451584,147.99254
1033,1118937284100,1,-4.736,574.429,-5.5913563,549.5225,28.94367,144.14705
1033,1118937284100,3,-4.924,574.439,-8.755736,524.34424,28.731522,151.37968
1033,1118937284100,5,-5.072,574.439,-11.030671,505.87027,28.451584,147.99254
1033,1118937286700,1,-4.762,574.438,-5.5913563,550.77563,28.94367,144.14705
1033,1118937286700,3,-5.015,574.439,-8.95809,522.3266,28.731522,151.37968
1033,1118937286700,5,-5.108,574.44,-9.237837,512.5681,28.451584,147.99254
1033,1118937287600,1,-4.924,574.439,-5.6628714,550.77563,28.94367,144.14705
1033,1118937287600,3,-5.072,574.439,-9.00894,549.38306,28.731522,151.37968
1033,1118937287600,5,-5.108,574.44,-9.611436,539.003,28.451584,147.99254
1033,1118937293200,1,-5.015,574.439,-5.6628714,574.159,28.94367,144.14705
1033,1118937293200,3,-5.108,574.44,-8.952572,565.6331,28.731522,151.37968
1033,1118937293200,5,-5.108,574.44,-10.197655,555.3905,28.451584,147.99254
1033,1118937296300,1,-5.072,574.439,-5.6628714,574.159,28.94367,144.14705
1033,1118937296300,3,-5.108,574.44,-8.952572,571.2527,28.731522,151.37968
1033,1118937296300,5,-5.108,574.44,-9.233711,570.92285,28.451584,147.99254
1033,1118937298300,1,-5.108,574.44,-5.6628714,574.159,28.94367,144.14705
1033,1118937298300,3,-5.108,574.44,-5.6286907,575.6492,28.731522,151.37968
1033,1118937298300,5,-5.108,574.44,-9.349728,567.684,28.451584,147.99254
1033,1118937304300,1,-5.108,574.44,-5.6628714,576.89056,28.94367,144.14705
1033,1118937304300,3,-5.108,574.44,-5.8263364,578.04193,28.731522,151.37968
1033,1118937304300,5,-5.108,574.44,-6.851675,568.9498,28.451584,147.99254
1033,1118937306500,1,-5.108,574.44,-5.6517153,576.89056,28.94367,144.14705
1033,1118937306500,3,-5.108,574.44,-7.582338,575.07434,28.731522,151.37968
1033,1118937306500,5,-5.108,574.44,-6.735659,570.27716,28.451584,147.99254
1033,1118937307700,1,-5.108,574.44,-5.6517153,576.89056,28.94367,144.14705
1033,1118937307700,3,-5.108,574.44,-7.3409624,578.04193,28.731522,151.37968
1033,1118937307700,5,-5.108,574.44,-6.733479,570.27716,28.451584,147.99254
1033,1118937309000,1,-5.108,574.44,-5.6517153,576.89056,28.94367,144.14705
1033,1118937309000,3,-5.108,574.44,-7.2845945,578.04193,28.731522,151.37968
1033,1118937309000,5,-5.108,574.44,-6.3538895,571.4606,28.451584,147.99254
1033,1118937309600,1,-5.108,574.44,-5.6517153,576.89056,28.94367,144.14705
1033,1118937309600,3,-5.108,574.44,-7.2845945,578.04193,28.731522,151.37968
1033,1118937309600,5,-5.108,574.44,-6.3538895,571.4606,28.451584,147.99254
1033,1118937309800,1,-5.108,574.44,-5.6517153,576.89056,28.94367,144.14705
1033,1118937309800,3,-5.108,574.44,-7.2845945,578.04193,28.731522,151.37968
1033,1118937309800,5,-5.108,574.44,-6.3538895,571.4606,28.451584,147.99254
1033,1118937313000,1,-5.108,574.44,-5.6517153,576.89056,28.94367,144.14705
1033,1118937313000,3,-5.108,574.44,-7.2845945,578.04193,28.731522,151.37968
1033,1118937313000,5,-5.108,574.44,-6.3538895,571.4606,28.451584,147.99254
1033,1118937315100,1,-5.108,574.44,-5.6517153,576.89056,28.94367,144.14705
1033,1118937315100,3,-5.108,574.44,-7.2845945,578.04193,28.731522,151.37968
1033,1118937315100,5,-5.108,574.44,-6.3538895,571.4606,28.451584,147.99254
1033,1118937315700,1,-5.108,574.44,-5.6517153,576.89056,28.94367,144.14705
1033,1118937315700,3,-5.108,574.44,-7.2845945,578.04193,28.731522,151.37968
1033,1118937315700,5,-5.108,574.44,-6.3538895,571.4606,28.451584,147.99254
1033,1118937315900,1,-5.108,574.44,-5.6517153,576.89056,28.94367,144.14705
1033,1118937315900,3,-5.108,574.44,-7.2845945,578.04193,28.731522,151.37968
1033,1118937315900,5,-5.108,574.44,-6.3538895,571.4606,28.451584,147.99254
1033,1118937316200,1,-5.108,574.44,-5.6517153,576.89056,28.94367,144.14705
1033,1118937316200,3,-5.108,574.44,-7.2845945,578.04193,28.731522,151.37968
1033,1118937316200,5,-5.108,574.44,-6.3538895,571.4606,28.451584,147.99254
1033,1118937316600,1,-5.108,574.44,-5.6517153,576.89056,28.94367,144.14705
1033,1118937316600,3,-5.108,574.44,-7.2845945,578.04193,28.731522,151.37968
1033,1118937316600,5,-5.108,574.44,-6.3538895,571.4606,28.451584,147.99254
1033,1118937321900,1,-5.108,574.44,-5.6517153,576.89056,28.94367,144.14705
1033,1118937321900,3,-5.108,574.44,-7.2845945,578.04193,28.731522,151.37968
1033,1118937321900,5,-5.108,574.44,-6.3538895,571.4606,28.451584,147.99254
1033,1118937322700,1,-5.108,574.44,-5.6517153,576.89056,28.94367,144.14705
1033,1118937322700,3,-5.108,574.44,-7.2845945,578.04193,28.731522,151.37968
1033,1118937322700,5,-5.108,574.44,-6.3538895,571.4606,28.451584,147.99254
1033,1118937324600,1,-5.108,574.44,-5.6517153,576.89056,28.94367,144.14705
1033,1118937324600,3,-5.108,574.44,-7.2845945,578.04193,28.731522,151.37968
1033,1118937324600,5,-5.108,574.44,-6.3538895,571.4606,28.451584,147.99254
1033,1118937325900,1,-5.108,574.44,-5.6517153,576.89056,28.94367,144.14705
1033,1118937325900,3,-5.108,574.44,-7.2845945,578.04193,28.731522,151.37968
1033,1118937325900,5,-5.108,574.44,-6.3538895,571.4606,28.451584,147.99254
1033,1118937327500,1,-5.108,574.44,-5.6517153,576.89056,28.94367,144.14705
1033,1118937327500,3,-5.108,574.44,-7.2845945,578.04193,28.731522,151.37968
1033,1118937327500,5,-5.108,574.44,-6.3538895,571.4606,28.451584,147.99254
1033,1118937334400,1,-5.108,574.44,-5.6517153,576.89056,28.94367,144.14705
1033,1118937334400,3,-5.108,574.44,-7.2845945,578.04193,28.731522,151.37968
1033,1118937334400,5,-5.108,574.44,-6.3538895,571.4606,28.451584,147.99254
1033,1118937335100,1,-5.108,574.44,-5.6517153,576.89056,28.94367,144.14705
1033,1118937335100,3,-5.108,574.44,-7.2845945,578.04193,28.731522,151.37968
1033,1118937335100,5,-5.108,574.44,-6.3538895,571.4606,28.451584,147.99254
1033,1118937335600,1,-5.108,574.44,-5.6517153,576.89056,28.94367,144.14705
1033,1118937335600,3,-5.108,574.44,-7.2845945,578.04193,28.731522,151.37968
1033,1118937335600,5,-5.108,574.44,-6.3538895,571.4606,28.451584,147.99254
1033,1118937337000,1,-5.108,574.44,-5.6517153,576.89056,28.94367,144.14705
1033,1118937337000,3,-5.108,574.44,-7.2845945,578.04193,28.731522,151.37968
1033,1118937337000,5,-5.108,574.44,-6.3538895,571.4606,28.451584,147.99254
1033,1118937337300,1,-5.108,574.44,-5.6517153,576.89056,28.94367,144.14705
1033,1118937337300,3,-5.108,574.44,-7.2845945,578.04193,28.731522,151.37968
1033,1118937337300,5,-5.108,574.44,-6.3538895,571.4606,28.451584,147.99254
1033,1118937337900,1,-5.108,574.44,-5.6517153,576.89056,28.94367,144.14705
1033,1118937337900,3,-5.108,574.44,-7.2845945,578.04193,28.731522,151.37968
1033,1118937337900,5,-5.114,572.955,-6.3538895,571.4606,28.451584,147.99254
1033,1118937338100,1,-5.108,574.44,-5.6517153,576.89056,28.94367,144.14705
1033,1118937338100,3,-5.108,574.44,-7.2845945,578.04193,28.731522,151.37968
1033,1118937338100,5,-5.167,559.95,-6.3538895,571.4606,28.451584,147.99254
1033,1118937339400,1,-5.108,574.44,-5.6517153,576.89056,28.94367,144.14705
1033,1118937339400,3,-5.114,572.955,-7.2845945,578.04193,28.731522,151.37968
1033,1118937339400,5,-5.321,521.624,-6.3538895,571.4606,28.451584,147.99254
1033,1118937339700,1,-5.108,574.44,-5.6517153,576.89056,28.94367,144.14705
1033,1118937339700,3,-5.167,559.95,-7.2845945,578.04193,28.731522,151.37968
1033,1118937339700,5,10.776,429.266,-6.3538895,571.4606,28.451584,147.99254
1073,1118936452600,1,-29.426,1536.683,27.449345,445.36783,28.94367,144.14705
1073,1118936452600,3,-24.735,1481.201,17.334034,1313.4673,28.731522,151.37968
1073,1118936452600,5,-37.391,1349.151,17.366438,1421.2703,28.451584,147.99254
1073,1118936455100,1,-25.417,1492.901,-20.703127,1596.2346,28.94367,144.14705
1073,1118936455100,3,-38.014,1360.621,-11.94298,1593.4275,28.731522,151.37968
1073,1118936455100,5,-35.511,1145.023,-0.17036678,1532.6285,28.451584,147.99254
1073,1118936456400,1,-24.735,1481.201,-23.288858,1486.831,28.94367,144.14705
1073,1118936456400,3,-37.391,1349.151,-18.752628,1514.6029,28.731522,151.37968
1073,1118936456400,5,-26.037,1024.321,-14.871027,1354.0631,28.451584,147.99254
1073,1118936456700,1,-38.014,1360.621,-24.445698,1506.902,28.94367,144.14705
1073,1118936456700,3,-35.511,1145.023,-17.399141,1552.7114,28.731522,151.37968
1073,1118936456700,5,-40.353,805.717,-14.88985,1381.5426,28.451584,147.99254
1073,1118936459600,1,-37.391,1349.151,5.165986,1176.8522,28.94367,144.14705
1073,1118936459600,3,-26.037,1024.321,3.127001,1317.3314,28.731522,151.37968
1073,1118936459600,5,-43.958,619.64,3.736754,1361.7634,28.451584,147.99254
1073,1118936459900,1,-35.511,1145.023,9.872766,1174.467,28.94367,144.14705
1073,1118936459900,3,-40.353,805.717,8.668657,1316.9067,28.731522,151.37968
1073,1118936459900,5,-44.743,544.076,7.012672,1394.4929,28.451584,147.99254
1073,1118936464500,1,-26.037,1024.321,0.32818764,1019.7024,28.94367,144.14705
1073,1118936464500,3,-43.958,619.64,18.078112,1006.45624,28.731522,151.37968
1073,1118936464500,5,-44.003,497.761,5.3127155,1099.9044,28.451584,147.99254
1073,1118936467100,1,-40.353,805.717,-16.501352,1001.29767,28.94367,144.14705
1073,1118936467100,3,-44.743,544.076,-18.798143,876.6822,28.731522,151.37968
1073,1118936467100,5,-29.463,330.815,-5.5488067,812.33264,28.451584,147.99254
1073,1118936472200,1,-43.958,619.64,2.8136563,223.45102,28.94367,144.14705
1073,1118936472200,3,-44.003,497.761,-2.9618173,388.37857,28.731522,151.37968
1073,1118936472200,5,-26.922,220.472,2.2075958,429.78616,28.451584,147.99254
1073,1118936476000,1,-44.743,544.076,7.853577,246.25491,28.943668,144.14705
1073,1118936476000,3,-29.463,330.815,4.4999533,293.01016,28.731522,151.37967
1073,1118936476000,5,-1.526,1608.099,3.7445111,317.33945,28.451584,147.99254
1073,1118936477500,1,-44.003,497.761,7.677606,191.99602,28.943663,144.14703
1073,1118936477500,3,-26.922,220.472,11.0603695,275.14673,28.731522,151.37965
1073,1118936477500,5,7.246,1563.048,-1.919361,394.53778,28.451584,147.99254
1073,1118936478400,1,-29.463,330.815,11.114659,199.44553,28.943624,144.1469
1073,1118936478400,3,-1.526,1608.099,5.4184256,259.31122,28.73151,151.37953
1073,1118936478400,5,7.417,1561.936,-4.6573877,385.10168,28.451584,147.99254
1073,1118936481600,1,-26.922,220.472,-12.560098,303.37723,28.943377,144.14606
1073,1118936481600,3,7.246,1563.048,-11.331304,312.488,28.73127,151.3766
1073,1118936481600,5,8.272,1557.201,-13.534119,275.11682,28.45158,147.99252
1073,1118936483800,1,-1.526,1608.099,-11.979465,220.8837,28.941235,144.13863
1073,1118936483800,3,7.417,1561.936,14.691618,255.02477,28.716574,151.19518
1073,1118936483800,5,8.512,1556.151,26.610958,315.73978,28.451525,147.9922
1073,1118937270100,1,7.246,1563.048,7.977753,1392.3226,28.9411,144.13847
1073,1118937270100,3,8.272,1557.201,-3.3392847,1262.1792,28.731506,151.37962
1073,1118937270100,5,8.699,1555.319,-9.639539,1195.7612,28.451557,147.99243
1073,1118937272700,1,7.417,1561.936,1.6743392,1460.7357,28.901087,144.0098
1073,1118937272700,3,8.512,1556.151,4.1693077,1409.4949,28.7315,151.3796
1073,1118937272700,5,10.591,1550.786,-3.335118,1273.3899,28.45155,147.99239
1073,1118937272900,1,8.272,1557.201,3.7551522,1481.9116,28.932308,144.10794
1073,1118937272900,3,8.699,1555.319,7.312485,1432.053,28.731365,151.37901
1073,1118937272900,5,14.953,1543.4,3.0018506,1253.3784,28.45117,147.99072
1073,1118937275900,1,8.512,1556.151,5.7509046,1489.8281,28.941914,144.14093
1073,1118937275900,3,10.591,1550.786,10.166866,1450.2266,28.731125,151.37793
1073,1118937275900,5,30.388,1531.638,3.099444,1309.4132,28.450914,147.98953
1073,1118937277900,1,8.699,1555.319,6.9082885,1437.3344,28.943312,144.1457
1073,1118937277900,3,14.953,1543.4,6.3739476,1461.538,28.731256,151.37843
1073,1118937277900,5,64.518,1525.734,1.460135,1294.6108,28.451317,147.9913
1073,1118937279500,1,10.591,1550.786,7.228842,1433.8704,28.943602,144.14679
1073,1118937279500,3,30.388,1531.638,7.169053,1458.1952,28.731464,151.37933
1073,1118937279500,5,79.874,1525.141,1.7290105,1279.7988,28.45152,147.99216
1110,1118936473300,1,-15.82,1314.738,-11.619762,867.5629,28.94367,144.14705
1110,1118936473300,3,-15.859,1149.998,1.9467629,1469.9713,28.731522,151.37968
1110,1118936473300,5,-7.6,650.296,3.9079432,1563.787,28.451584,147.99254
1110,1118936474300,1,-15.715,1215.138,-8.116476,1438.2107,28.94367,144.14705
1110,1118936474300,3,-13.525,717.945,-6.80032,1537.1912,28.731522,151.37968
1110,1118936474300,5,-5.721,592.061,0.60366464,1487.4115,28.451584,147.99254
1110,1118936476800,1,-15.859,1149.998,-3.9205601,1245.4583,28.94367,144.14705
1110,1118936476800,3,-7.6,650.296,-10.099388,1227.9598,28.731522,151.37968
1110,1118936476800,5,-3.975,519.647,-7.0863175,1317.9158,28.451584,147.99254
1110,1118936478700,1,-13.525,717.945,-12.839661,1152.6735,28.94367,144.14705
1110,1118936478700,3,-5.721,592.061,-9.97935,1150.7867,28.731522,151.37968
1110,1118936478700,5,-4.038,504.012,-8.9345045,1192.9098,28.451584,147.99254
1110,1118936489300,1,-7.6,650.296,-12.069771,726.463,28.94367,144.14705
1110,1118936489300,3,-3.975,519.647,-11.992118,632.30725,28.731522,151.37968
1110,1118936489300,5,-4.038,504.012,-9.00219,671.7342,28.451584,147.99254
1110,1118936490800,1,-5.721,592.061,-5.469442,638.09644,28.94367,144.14705
1110,1118936490800,3,-4.038,504.012,-8.728531,577.5969,28.731522,151.37968
1110,1118936490800,5,-4.038,504.012,-4.0861645,619.46387,28.451584,147.99254
1110,1118936492300,1,-3.975,519.647,-5.3483214,570.2591,28.94367,144.14705
1110,1118936492300,3,-4.038,504.012,-6.7566586,535.80475,28.731522,151.37968
1110,1118936492300,5,-4.038,504.012,-7.9343257,511.9715,28.451584,147.99254
1110,1118936495200,1,-4.038,504.012,-5.5913563,503.8389,28.94367,144.14705
1110,1118936495200,3,-4.038,504.012,-4.9592347,480.9916,28.731522,151.37968
1110,1118936495200,5,-4.038,504.012,-4.369282,507.44647,28.451584,147.99254
1110,1118936501300,1,-4.038,504.012,-5.568702,474.16907,28.94367,144.14705
1110,1118936501300,3,-4.038,504.012,-8.973138,471.39514,28.731522,151.37968
1110,1118936501300,5,-4.038,504.012,-10.385774,515.9602,28.451584,147.99254
1110,1118936501400,1,-4.038,504.012,-5.6517153,474.16907,28.94367,144.14705
1110,1118936501400,3,-4.038,504.012,-8.769568,501.25098,28.731522,151.37968
1110,1118936501400,5,-4.038,504.012,-11.467623,545.441,28.451584,147.99254
1110,1118936502300,1,-4.038,504.012,-5.6517153,498.0629,28.94367,144.14705
1110,1118936502300,3,-4.038,504.012,-8.956559,508.20258,28.731522,151.37968
1110,1118936502300,5,-4.038,504.012,-11.3091135,528.3945,28.451584,147.99254
1110,1118936504500,1,-4.038,504.012,-5.6517153,498.0629,28.94367,144.14705
1110,1118936504500,3,-4.038,504.012,-8.6208935,517.1855,28.731522,151.37968
1110,1118936504500,5,-4.038,504.012,-10.571494,568.81744,28.451584,147.99254
1110,1118936506000,1,-4.038,504.012,-5.6517153,498.0629,28.94367,144.14705
1110,1118936506000,3,-4.038,504.012,-8.6208935,521.582,28.731522,151.37968
1110,1118936506000,5,-4.038,504.012,-10.385365,563.2328,28.451584,147.99254
1110,1118936507400,1,-4.038,504.012,-5.6517153,500.79446,28.94367,144.14705
1110,1118936507400,3,-4.038,504.012,-8.6208935,523.97473,28.731522,151.37968
1110,1118936507400,5,-4.038,504.012,-10.269349,538.0562,28.451584,147.99254
1110,1118936508700,1,-4.038,504.012,-5.6517153,500.79446,28.94367,144.14705
1110,1118936508700,3,-4.038,504.012,-8.423987,517.6438,28.731522,151.37968
1110,1118936508700,5,-4.038,504.012,-9.186899,540.56696,28.451584,147.99254
1110,1118936509700,1,-4.038,504.012,-5.6517153,500.79446,28.94367,144.14705
1110,1118936509700,3,-4.038,504.012,-6.89054,520.6113,28.731522,151.37968
1110,1118936509700,5,-4.038,504.012,-6.733479,541.7504,28.451584,147.99254
1110,1118936511800,1,-4.038,504.012,-5.6517153,500.79446,28.94367,144.14705
1110,1118936511800,3,-4.038,504.012,-6.89054,520.6113,28.731522,151.37968
1110,1118936511800,5,-4.038,504.012,-6.3538895,541.7504,28.451584,147.99254
1110,1118936513800,1,-4.038,504.012,-5.6517153,500.79446,28.94367,144.14705
1110,1118936513800,3,-4.038,504.012,-6.89054,520.6113,28.731522,151.37968
1110,1118936513800,5,-4.038,504.012,-6.3538895,541.7504,28.451584,147.99254
1110,1118936519100,1,-4.038,504.012,-5.6517153,500.79446,28.94367,144.14705
1110,1118936519100,3,-4.038,504.012,-6.89054,520.6113,28.731522,151.37968
1110,1118936519100,5,-4.038,504.012,-6.3538895,541.7504,28.451584,147.99254
1110,1118936520200,1,-4.038,504.012,-5.6517153,500.79446,28.94367,144.14705
1110,1118936520200,3,-4.038,504.012,-6.89054,520.6113,28.731522,151.37968
1110,1118936520200,5,-4.038,504.012,-6.3538895,541.7504,28.451584,147.99254
1110,1118936525000,1,-4.038,504.012,-5.6517153,500.79446,28.94367,144.14705
1110,1118936525000,3,-4.038,504.012,-6.89054,520.6113,28.731522,151.37968
1110,1118936525000,5,-4.038,504.012,-6.3538895,541.7504,28.451584,147.99254
1110,1118936525200,1,-4.038,504.012,-5.6517153,500.79446,28.94367,144.14705
1110,1118936525200,3,-4.038,504.012,-6.89054,520.6113,28.731522,151.37968
1110,1118936525200,5,-4.038,504.012,-6.3538895,541.7504,28.451584,147.99254
1110,1118936525400,1,-4.038,504.012,-5.6517153,500.79446,28.94367,144.14705
1110,1118936525400,3,-4.038,504.012,-6.89054,520.6113,28.731522,151.37968
1110,1118936525400,5,-4.038,504.012,-6.3538895,541.7504,28.451584,147.99254
1110,1118936526900,1,-4.038,504.012,-5.6517153,500.79446,28.94367,144.14705
1110,1118936526900,3,-4.038,504.012,-6.89054,520.6113,28.731522,151.37968
1110,1118936526900,5,-4.191,503.674,-6.3538895,541.7504,28.451584,147.99254
1110,1118936527400,1,-4.038,504.012,-5.6517153,500.79446,28.94367,144.14705
1110,1118936527400,3,-4.038,504.012,-6.89054,520.6113,28.731522,151.37968
1110,1118936527400,5,-4.039,503.511,-6.3538895,541.7504,28.451584,147.99254
1110,1118936529500,1,-4.038,504.012,-5.6517153,500.79446,28.94367,144.14705
1110,1118936529500,3,-4.191,503.674,-6.89054,520.6113,28.731522,151.37968
1110,1118936529500,5,-4.366,501.845,-6.3538895,541.7504,28.451584,147.99254
1110,1118936530200,1,-4.038,504.012,-5.6517153,500.79446,28.94367,144.14705
1110,1118936530200,3,-4.039,503.511,-6.89054,520.6113,28.731522,151.37968
1110,1118936530200,5,-4.564,497.534,-6.3538895,541.7504,28.451584,147.99254
1110,1118936532500,1,-4.191,503.674,-5.6517153,500.79446,28.94367,144.14705
1110,1118936532500,3,-4.366,501.845,-6.89054,520.6113,28.731522,151.37968
1110,1118936532500,5,23.145,423.501,-6.3538895,541.7504,28.451584,147.99254
1110,1118936537600,1,-4.039,503.511,-5.6628714,500.79446,28.94367,144.14705
1110,1118936537600,3,-4.564,497.534,-6.920655,520.6113,28.731522,151.37968
1110,1118936537600,5,51.958,410.293,-6.3538895,541.7504,28.451584,147.99254
1110,1118936538000,1,-4.366,501.845,-5.5913563,480.113,28.94367,144.14705
1110,1118936538000,3,23.145,423.501,-6.152026,515.07733,28.731522,151.37968
1110,1118936538000,5,70.329,409.409,-6.3538895,526.1114,28.451584,147.99254
1110,1118936541300,1,-4.564,497.534,-5.6628714,480.113,28.94367,144.14705
1110,1118936541300,3,51.958,410.293,-6.9015026,502.65927,28.731522,151.37968
1110,1118936541300,5,-33.561,1550.587,-5.5588403,508.517,28.451584,147.99254
1110,1118936542700,1,23.145,423.501,-5.7433214,480.113,28.94367,144.14705
1110,1118936542700,3,70.329,409.409,-6.920655,476.58823,28.731522,151.37968
1110,1118936542700,5,-24.03,1472.228,-6.4512095,487.82602,28.451584,147.99254
1110,1118936548000,1,51.958,410.293,16.521017,395.9804,28.94367,144.14705
1110,1118936548000,3,-33.561,1550.587,12.30403,385.60077,28.731522,151.37968
1110,1118936548000,5,-26.555,1420.08,13.919097,428.92233,28.451584,147.99254
1110,1118936549500,1,70.329,409.409,43.639477,408.35684,28.94367,144.14705
1110,1118936549500,3,-24.03,1472.228,53.996964,275.65677,28.731522,151.37968
1110,1118936549500,5,-37.373,1190.462,53.522465,300.03583,28.451584,147.99254
1110,1118936550200,1,-33.561,1550.587,60.629414,338.02628,28.94367,144.14705
1110,1118936550200,3,-26.555,1420.08,66.248436,315.72803,28.731522,151.37968
1110,1118936550200,5,-36.861,1173.023,65.95961,221.1551,28.451584,147.99254
1110,1118937300300,1,-24.03,1472.228,18.429085,1215.2443,28.94367,144.14705
1110,1118937300300,3,-37.373,1190.462,27.42303,1315.1515,28.731522,151.37968
1110,1118937300300,5,-37.447,1121.091,31.447672,1086.8201,28.451584,147.99254
1110,1118937301500,1,-26.555,1420.08,-18.88556,1443.7551,28.94367,144.14705
1110,1118937301500,3,-36.861,1173.023,-5.9849625,1349.8527,28.731522,151.37968
1110,1118937301500,5,-37.483,1116.903,4.9399905,1031.2933,28.451584,147.99254
1110,1118937302300,1,-37.373,1190.462,-25.28551,1382.3389,28.94367,144.14705
1110,1118937302300,3,-37.447,1121.091,-8.712682,1265.0544,28.731522,151.37968
1110,1118937302300,5,-37.483,1116.903,-0.8978764,1147.6208,28.451584,147.99254
1110,1118937305900,1,-36.861,1173.023,7.718224,661.0899,28.94367,144.14705
1110,1118937305900,3,-37.483,1116.903,9.873384,936.2704,28.731522,151.37968
1110,1118937305900,5,-37.379,1118.454,-1.9548082,991.8283,28.451584,147.99254
1110,1118937306300,1,-37.447,1121.091,4.6640058,932.4515,28.94367,144.14705
1110,1118937306300,3,-37.483,1116.903,12.71391,958.29553,28.731522,151.37968
1110,1118937306300,5,-37.38,1118.461,15.699323,1128.5531,28.451584,147.99254
1110,1118937309600,1,-37.483,1116.903,5.962755,587.8643,28.94367,144.14705
1110,1118937309600,3,-37.379,1118.454,2.9279351,975.20355,28.731522,151.37968
1110,1118937309600,5,-37.709,1118.415,4.1455703,1073.4943,28.451584,147.99254
1110,1118937311900,1,-37.483,1116.903,5.48116,563.1873,28.94367,144.14705
1110,1118937311900,3,-37.38,1118.461,15.789136,1009.0526,28.731522,151.37968
1110,1118937311900,5,-37.542,1118.438,3.965868,1017.37885,28.451584,147.99254
1110,1118937313700,1,-37.379,1118.454,6.801203,544.7018,28.94367,144.14705
1110,1118937313700,3,-37.709,1118.415,0.17098184,1018.3831,28.731522,151.37968
1110,1118937313700,5,-35.629,1073.023,9.948114,933.52234,28.451584,147.99254
1110,1118937317100,1,-37.38,1118.461,6.174833,580.9982,28.94367,144.14705
1110,1118937317100,3,-37.542,1118.438,1.2209631,1044.5427,28.731522,151.37968
1110,1118937317100,5,-30.29,1042.182,1.4054873,992.2813,28.451584,147.99254
1110,1118937317400,1,-37.709,1118.415,5.252163,569.99677,28.94367,144.14705
1110,1118937317400,3,-35.629,1073.023,11.440344,1053.1299,28.731522,151.37968
1110,1118937317400,5,-25.305,938.98,6.445659,1004.38666,28.451584,147.99254
1110,1118937317900,1,-37.542,1118.438,8.025289,542.66016,28.94367,144.14705
1110,1118937317900,3,-30.29,1042.182,11.937021,1049.6669,28.731522,151.37968
1110,1118937317900,5,-32.997,853.907,7.7309012,974.25885,28.451584,147.99254
1110,1118937319700,1,-35.629,1073.023,8.312741,523.3267,28.94367,144.14705
1110,1118937319700,3,-25.305,938.98,12.926062,1045.8053,28.731522,151.37968
1110,1118937319700,5,-42.336,647.996,7.7330813,961.0149,28.451584,147.99254
1110,1118937327300,1,-30.29,1042.182,5.1934485,851.92303,28.94367,144.14705
1110,1118937327300,3,-32.997,853.907,17.95074,970.6341,28.731522,151.37968
1110,1118937327300,5,-42.468,644.138,19.333012,898.33844,28.451584,147.99254
1110,1118937328300,1,-25.305,938.98,-14.731812,962.83276,28.94367,144.14705
1110,1118937328300,3,-42.336,647.996,0.9387026,908.86456,28.731522,151.37968
1110,1118937328300,5,-44.643,573.637,6.304652,881.2952,28.451584,147.99254
1110,1118937330800,1,-32.997,853.907,-19.001398,910.2076,28.94367,144.14705
1110,1118937330800,3,-42.468,644.138,-3.236976,797.1418,28.731522,151.37968
1110,1118937330800,5,-44.054,557.128,5.8812137,720.44525,28.451584,147.99254
1110,1118937332600,1,-42.336,647.996,2.3206842,677.6578,28.94367,144.14705
1110,1118937332600,3,-44.643,573.637,15.747903,664.7497,28.731522,151.37968
1110,1118937332600,5,-44.26,541.29,8.07662,591.0381,28.451584,147.99254
1110,1118937337300,1,-42.468,644.138,7.543151,215.56981,28.94367,144.14705
1110,1118937337300,3,-44.054,557.128,25.93189,230.18689,28.731522,151.37968
1110,1118937337300,5,-44.54,537.306,15.837425,202.65929,28.451584,147.99254
1110,1118937337400,1,-44.643,573.637,7.784969,263.04855,28.94367,144.14705
1110,1118937337400,3,-44.26,541.29,20.239094,304.54498,28.731522,151.37968
1110,1118937337400,5,-44.541,536.956,13.276081,289.5102,28.451584,147.99254
1110,1118937339900,1,-44.054,557.128,8.085101,223.78798,28.94367,144.14705
1110,1118937339900,3,-44.54,537.306,14.511589,271.23032,28.731522,151.37968
1110,1118937339900,5,-44.542,536.805,10.785868,319.438,28.451584,147.99254
1110,1118937341200,1,-44.26,541.29,6.8575206,222.0879,28.94367,144.14705
1110,1118937341200,3,-44.541,536.956,11.431569,262.93576,28.731522,151.37968
1110,1118937341200,5,-44.703,496.95,10.825715,310.46555,28.451584,147.99254
1110,1118937343200,1,-44.54,537.306,6.435677,169.82268,28.94367,144.14705
1110,1118937343200,3,-44.542,536.805,0.47399268,263.9038,28.731522,151.37968
1110,1118937343200,5,-44.942,475.166,5.4143486,360.06787,28.451584,147.99254
1110,1118937344400,1,-44.541,536.956,6.3552275,164.34158,28.94367,144.14705
1110,1118937344400,3,-44.703,496.95,5.981575,263.57828,28.731522,151.37968
1110,1118937344400,5,-41.974,409.343,0.9498975,388.94168,28.451584,147.99254
1110,1118937359700,1,-44.542,536.805,6.5231624,160.0125,28.943668,144.14705
1110,1118937359700,3,-44.942,475.166,6.6759796,288.6343,28.731522,151.37968
1110,1118937359700,5,-38.324,380.625,-0.1744338,396.52725,28.451584,147.99254
1110,1118937360000,1,-44.703,496.95,7.4739633,-332.65555,28.943655,144.147
1110,1118937360000,3,-41.974,409.343,9.797769,321.89334,28.73152,151.37967
1110,1118937360000,5,-31.901,331.968,9.401705,384.13513,28.451582,147.99254
1110,1118937363300,1,-44.942,475.166,6.5957246,137.0441,28.943653,144.147
1110,1118937363300,3,-38.324,380.625,10.9513,221.71906,28.73152,151.37968
1110,1118937363300,5,-30.991,310.496,18.013695,337.5566,28.451582,147.99254
1110,1118937364100,1,-41.974,409.343,3.8904967,117.145485,28.943644,144.14699
1110,1118937364100,3,-31.901,331.968,8.588857,170.19128,28.73152,151.37967
1110,1118937364100,5,-26.997,144.612,17.038364,303.60855,28.451582,147.99254
1110,1118937365900,1,-38.324,380.625,5.968523,238.90408,28.943537,144.14664
1110,1118937365900,3,-30.991,310.496,16.799168,104.487854,28.731512,151.37955
1110,1118937365900,5,-26.68,117.368,27.648783,247.96806,28.451582,147.99254
1123,1118936478400,1,36.644,147.385,36.228127,174.89188,28.944115,144.14476
1123,1118936478400,3,40.489,331.245,34.91062,266.34354,28.73152,151.37968
1123,1118936478400,5,25.282,723.986,36.0012,457.42303,28.451582,147.99254
1123,1118936479600,1,39.196,230.963,36.159924,215.71172,28.94372,144.1468
1123,1118936479600,3,34.224,397.212,35.211327,347.82175,28.731522,151.37968
1123,1118936479600,5,42.592,977.748,36.557762,536.30286,28.451582,147.99254
1123,1118936481800,1,40.489,331.245,40.63103,291.4558,28.94367,144.14705
1123,1118936481800,3,25.282,723.986,40.084026,406.5552,28.731522,151.37968
1123,1118936481800,5,29.601,1186.976,40.173046,569.87445,28.451584,147.99254
1123,1118936484100,1,34.224,397.212,40.736855,381.72583,28.94367,144.14705
1123,1118936484100,3,42.592,977.748,40.643757,518.5897,28.731522,151.37968
1123,1118936484100,5,29.315,1196.197,39.882248,652.1117,28.451584,147.99254
1123,1118936485600,1,25.282,723.986,29.97168,477.42792,28.94367,144.14705
1123,1118936485600,3,29.601,1186.976,31.469742,602.6041,28.731522,151.37968
1123,1118936485600,5,30.975,1326.889,29.93124,716.64404,28.451584,147.99254
1123,1118936492800,1,42.592,977.748,23.399982,804.4504,28.94367,144.14705
1123,1118936492800,3,29.315,1196.197,25.915552,966.1605,28.731522,151.37968
1123,1118936492800,5,51.035,1456.717,26.480505,1086.0979,28.451584,147.99254
1123,1118936497800,1,29.601,1186.976,42.987732,1049.8855,28.94367,144.14705
1123,1118936497800,3,30.975,1326.889,41.788883,1227.1094,28.731522,151.37968
1123,1118936497800,5,51.024,1456.828,39.616318,1323.7386,28.451584,147.99254
1123,1118936502000,1,29.315,1196.197,28.347048,1249.4948,28.943668,144.14705
1123,1118936502000,3,51.035,1456.717,28.932625,1367.3322,28.731522,151.37968
1123,1118936502000,5,50.963,1457.453,28.342127,1557.965,28.451584,147.99254
1123,1118936502200,1,30.975,1326.889,29.075758,1296.639,28.943668,144.14705
1123,1118936502200,3,51.024,1456.828,28.542692,1421.6388,28.731522,151.37968
1123,1118936502200,5,60.283,1487.073,28.926727,1461.721,28.451584,147.99254
1123,1118936504700,1,51.035,1456.717,31.154106,1390.2025,28.94367,144.14705
1123,1118936504700,3,50.963,1457.453,29.656176,1539.5944,28.731522,151.37968
1123,1118936504700,5,61.13,1530.764,29.422802,1323.1017,28.451584,147.99254
1123,1118936512200,1,51.024,1456.828,51.921,1433.6741,28.94367,144.14705
1123,1118936512200,3,60.283,1487.073,51.790623,1390.0795,28.731522,151.37968
1123,1118936512200,5,57.881,1555.744,50.609524,1416.5382,28.451584,147.99254
1123,1118936512500,1,50.963,1457.453,51.24895,1463.6727,28.94367,144.14705
1123,1118936512500,3,61.13,1530.764,51.430363,1483.1925,28.731522,151.37968
1123,1118936512500,5,-36.139,1597.598,50.78248,1374.1927,28.451584,147.99254
1123,1118936514200,1,60.283,1487.073,51.331524,1464.1183,28.94367,144.14705
1123,1118936514200,3,57.881,1555.744,51.368282,1503.6841,28.731522,151.37968
1123,1118936514200,5,-38.243,1590.135,50.99939,1449.7611,28.451584,147.99254
1123,1118936519900,1,61.13,1530.764,56.96818,1473.8423,28.94367,144.14705
1123,1118936519900,3,-36.139,1597.598,52.844677,1460.1738,28.731522,151.37968
1123,1118936519900,5,-38.425,1589.045,50.608875,1422.9364,28.451584,147.99254
1123,1118936522000,1,57.881,1555.744,58.61029,1474.8184,28.94367,144.14705
1123,1118936522000,3,-38.243,1590.135,51.919025,1458.8452,28.731522,151.37968
1123,1118936522000,5,-37.945,1584.144,49.919643,1399.9814,28.451584,147.99254
1123,1118936522900,1,-36.139,1597.598,53.410454,1483.5386,28.94367,144.14705
1123,1118936522900,3,-38.425,1589.045,50.73852,1382.4371,28.731522,151.37968
1123,1118936522900,5,-37.312,1581.328,49.580006,1216.4995,28.451584,147.99254
1123,1118937311800,1,-38.243,1590.135,25.56478,1406.0702,28.94367,144.14705
1123,1118937311800,3,-37.945,1584.144,21.148256,1186.3882,28.731522,151.37968
1123,1118937311800,5,-37.312,1581.328,17.593618,1007.8216,28.451584,147.99254
1123,1118937312100,1,-38.425,1589.045,11.285014,1421.2656,28.94367,144.14705
1123,1118937312100,3,-37.312,1581.328,5.4134164,928.418,28.731522,151.37968
1123,1118937312100,5,-37.312,1581.328,13.659191,1079.8391,28.451584,147.99254
1123,1118937312800,1,-37.945,1584.144,14.247587,1386.9509,28.94367,144.14705
1123,1118937312800,3,-37.312,1581.328,6.5322638,928.46875,28.731522,151.37968
1123,1118937312800,5,-37.312,1581.328,2.980787,1163.8628,28.451584,147.99254
1123,1118937317200,1,-37.312,1581.328,7.9756675,1401.5088,28.94367,144.14705
1123,1118937317200,3,-37.312,1581.328,1.5210011,1202.3302,28.731522,151.37968
1123,1118937317200,5,-37.312,1581.328,-4.4870234,1084.4625,28.451584,147.99254
1123,1118937318900,1,-37.312,1581.328,8.096079,1401.6692,28.94367,144.14705
1123,1118937318900,3,-37.312,1581.328,1.0767839,1378.7919,28.731522,151.37968
1123,1118937318900,5,-32.378,1559.462,-2.008898,1114.3085,28.451584,147.99254
1123,1118937320000,1,-37.312,1581.328,7.7936225,1374.0269,28.94367,144.14705
1123,1118937320000,3,-37.312,1581.328,1.9840605,1381.5582,28.731522,151.37968
1123,1118937320000,5,-24.454,1502.081,8.116618,1169.827,28.451584,147.99254
1123,1118937321900,1,-37.312,1581.328,5.566695,1356.8312,28.94367,144.14705
1123,1118937321900,3,-32.378,1559.462,16.474669,1368.862,28.731522,151.37968
1123,1118937321900,5,-37.099,1252.196,11.719163,1127.1842,28.451584,147.99254
1123,1118937324400,1,-37.312,1581.328,7.6753592,1340.3394,28.94367,144.14705
1123,1118937324400,3,-24.454,1502.081,16.042643,1361.4789,28.731522,151.37968
1123,1118937324400,5,-35.217,1232.275,16.261444,1004.74536,28.451584,147.99254
1123,1118937324700,1,-32.378,1559.462,7.3972087,1340.3394,28.94367,144.14705
1123,1118937324700,3,-37.099,1252.196,12.75254,1365.8754,28.731522,151.37968
1123,1118937324700,5,-36.968,1070.206,7.63828,1005.28314,28.451584,147.99254
1123,1118937331000,1,-24.454,1502.081,3.1294274,1343.0709,28.94367,144.14705
1123,1118937331000,3,-35.217,1232.275,12.945852,1366.8934,28.731522,151.37968
1123,1118937331000,5,-39.905,799.916,6.5416994,1137.7986,28.451584,147.99254
1123,1118937333000,1,-37.099,1252.196,-25.126436,1470.6827,28.94367,144.14705
1123,1118937333000,3,-36.968,1070.206,-8.26936,1377.466,28.731522,151.37968
1123,1118937333000,5,-41.671,785.012,-7.5327573,1166.666,28.451584,147.99254
1123,1118937338200,1,-35.217,1232.275,1.018429,1026.2423,28.94367,144.14705
1123,1118937338200,3,-39.905,799.916,14.803318,1081.109,28.731522,151.37968
1123,1118937338200,5,-43.397,671.617,25.956316,1048.1039,28.451584,147.99254
1123,1118937338600,1,-36.968,1070.206,5.3309565,976.57556,28.94367,144.14705
1123,1118937338600,3,-41.671,785.012,19.426245,1140.4166,28.731522,151.37968
1123,1118937338600,5,-53.684,545.761,10.055029,1013.5333,28.451584,147.99254
1123,1118937341500,1,-39.905,799.916,1.4475363,782.67255,28.94367,144.14705
1123,1118937341500,3,-43.397,671.617,17.22963,957.0855,28.731522,151.37968
1123,1118937341500,5,-55.64,520.544,16.904715,873.2239,28.451584,147.99254
1123,1118937346600,1,-41.671,785.012,6.4348884,224.28748,28.94367,144.14705
1123,1118937346600,3,-53.684,545.761,17.51531,435.26532,28.731522,151.37968
1123,1118937346600,5,-55.529,515.566,-4.021942,345.77997,28.451584,147.99254
1123,1118937346900,1,-43.397,671.617,4.775768,214.62656,28.94367,144.14705
1123,1118937346900,3,-55.64,520.544,16.652044,405.0941,28.731522,151.37968
1123,1118937346900,5,-55.197,500.593,1.0072194,348.1273,28.451584,147.99254
1131,1118936482800,1,-12.943,1509.868,-0.7771283,650.60693,28.94367,144.14705
1131,1118936482800,3,-28.287,1354.216,0.995,1428.0365,28.731522,151.37968
1131,1118936482800,5,-29.264,1295.865,3.6680338,1503.4054,28.451584,147.99254
1131,1118936483400,1,-11.84,1479.39,-7.8879104,1543.5591,28.94367,144.14705
1131,1118936483400,3,-28.246,1349.639,-9.018757,1627.5205,28.731522,151.37968
1131,1118936483400,5,-29.069,1144.285,-3.158232,1493.1709,28.451584,147.99254
1131,1118936484100,1,-28.287,1354.216,-8.087737,1481.5283,28.94367,144.14705
1131,1118936484100,3,-29.264,1295.865,-9.349416,1515.0914,28.731522,151.37968
1131,1118936484100,5,-17.589,917.042,-7.0988283,1379.2632,28.451584,147.99254
1131,1118936486600,1,-28.246,1349.639,-27.10155,1366.4501,28.94367,144.14705
1131,1118936486600,3,-29.069,1144.285,-14.122118,1519.2437,28.731522,151.37968
1131,1118936486600,5,-21.152,831.603,-18.573122,1340.9308,28.451584,147.99254
1131,1118936486700,1,-29.264,1295.865,-20.963524,1382.7601,28.94367,144.14705
1131,1118936486700,3,-17.589,917.042,-13.736741,1326.765,28.731522,151.37968
1131,1118936486700,5,-22.296,816.341,-20.372152,1415.4521,28.451584,147.99254
1131,1118936487800,1,-29.069,1144.285,-27.539986,1346.0205,28.94367,144.14705
1131,1118936487800,3,-21.152,831.603,-20.7517,1309.6366,28.731522,151.37968
1131,1118936487800,5,-23.744,801.408,-24.00917,1351.767,28.451584,147.99254
1131,1118936491400,1,-17.589,917.042,-25.985529,1128.7518,28.94367,144.14705
1131,1118936491400,3,-22.296,816.341,-23.130306,1021.3949,28.731522,151.37968
1131,1118936491400,5,-25.76,726.824,-24.427834,1134.391,28.451584,147.99254
1131,1118936496700,1,-21.152,831.603,-13.693986,880.3318,28.94367,144.14705
1131,1118936496700,3,-23.744,801.408,-17.861492,750.7612,28.731522,151.37968
1131,1118936496700,5,-24.998,684.137,-17.307077,651.91254,28.451584,147.99254
1131,1118936498900,1,-22.296,816.341,-21.380339,789.626,28.94367,144.14705
1131,1118936498900,3,-25.76,726.824,-24.305386,673.33716,28.731522,151.37968
1131,1118936498900,5,-24.803,640.37,-22.008245,621.73645,28.451584,147.99254
1131,1118936499300,1,-23.744,801.408,-23.715002,782.72504,28.94367,144.14705
1131,1118936499300,3,-24.998,684.137,-20.898693,646.2206,28.731522,151.37968
1131,1118936499300,5,-26.327,541.658,-23.085075,636.2837,28.451584,147.99254
1131,1118936499700,1,-25.76,726.824,-25.35712,760.0301,28.94367,144.14705
1131,1118936499700,3,-24.803,640.37,-20.021639,649.1882,28.731522,151.37968
1131,1118936499700,5,-26.347,536.676,-25.832216,567.0867,28.451584,147.99254
1131,1118936501700,1,-24.998,684.137,-25.22731,703.4305,28.94367,144.14705
1131,1118936501700,3,-26.327,541.658,-22.724945,599.199,28.731522,151.37968
1131,1118936501700,5,-26.444,512.838,-23.670015,519.9085,28.451584,147.99254
1131,1118936503000,1,-24.803,640.37,-24.111696,653.43823,28.94367,144.14705
1131,1118936503000,3,-26.347,536.676,-21.899948,579.9369,28.731522,151.37968
1131,1118936503000,5,-25.995,500.175,-22.679104,503.911,28.451584,147.99254
1131,1118936504400,1,-26.327,541.658,-23.72801,631.5621,28.94367,144.14705
1131,1118936504400,3,-26.444,512.838,-10.364773,560.39813,28.731522,151.37968
1131,1118936504400,5,-25.999,499.175,-22.027443,513.1476,28.451584,147.99254
1131,1118936509800,1,-26.347,536.676,-25.874739,514.2519,28.94367,144.14705
1131,1118936509800,3,-25.995,500.175,-22.832676,469.06705,28.731522,151.37968
1131,1118936509800,5,-26.045,487.674,-16.596275,489.94485,28.451584,147.99254
1131,1118936510300,1,-26.444,512.838,-25.510221,513.74304,28.94367,144.14705
1131,1118936510300,3,-25.999,499.175,-22.355608,484.81873,28.731522,151.37968
1131,1118936510300,5,-26.045,487.674,-13.495098,457.75168,28.451584,147.99254
1131,1118936512800,1,-25.995,500.175,-25.510221,498.2717,28.94367,144.14705
1131,1118936512800,3,-26.045,487.674,-22.001438,457.6476,28.731522,151.37968
1131,1118936512800,5,-26.045,487.674,-17.1974,439.6451,28.451584,147.99254
1131,1118936514700,1,-25.999,499.175,-24.95047,470.45035,28.94367,144.14705
1131,1118936514700,3,-26.045,487.674,-17.72032,433.7705,28.731522,151.37968
1131,1118936514700,5,-26.045,487.674,-14.310373,435.76404,28.451584,147.99254
1131,1118936514900,1,-26.045,487.674,-25.081013,470.45035,28.94367,144.14705
1131,1118936514900,3,-26.045,487.674,-21.832739,435.99527,28.731522,151.37968
1131,1118936514900,5,-26.045,487.674,-11.41662,431.2641,28.451584,147.99254
1131,1118936520200,1,-26.045,487.674,-25.081013,471.70346,28.94367,144.14705
1131,1118936520200,3,-26.045,487.674,-25.156805,439.19144,28.731522,151.37968
1131,1118936520200,5,-26.045,487.674,-3.296845,449.12866,28.451584,147.99254
1131,1118936521700,1,-26.045,487.674,-25.069857,471.70346,28.94367,144.14705
1131,1118936521700,3,-26.045,487.674,-22.609447,462.88354,28.731522,151.37968
1131,1118936521700,5,-26.045,487.674,-5.080918,473.32623,28.451584,147.99254
1131,1118936522500,1,-26.045,487.674,-25.069857,495.08682,28.94367,144.14705
1131,1118936522500,3,-26.045,487.674,-18.788218,476.16608,28.731522,151.37968
1131,1118936522500,5,-26.045,487.674,0.5741567,471.2647,28.451584,147.99254
1131,1118936524800,1,-26.045,487.674,-25.069857,495.08682,28.94367,144.14705
1131,1118936524800,3,-26.045,487.674,-13.942152,481.78558,28.731522,151.37968
1131,1118936524800,5,-26.045,487.674,9.148102,484.55426,28.451584,147.99254
1131,1118936525300,1,-26.045,487.674,-25.069857,495.08682,28.94367,144.14705
1131,1118936525300,3,-26.045,487.674,-15.320613,486.1821,28.731522,151.37968
1131,1118936525300,5,-26.045,487.674,9.261937,487.0251,28.451584,147.99254
1131,1118936528500,1,-26.045,487.674,-25.069857,497.8184,28.94367,144.14705
1131,1118936528500,3,-26.045,487.674,-14.4178705,485.6073,28.731522,151.37968
1131,1118936528500,5,-26.045,487.674,9.264117,487.1474,28.451584,147.99254
1131,1118936531400,1,-26.045,487.674,-25.069857,497.8184,28.94367,144.14705
1131,1118936531400,3,-26.045,487.674,-13.942152,488.57486,28.731522,151.37968
1131,1118936531400,5,-26.045,487.674,9.264117,488.33084,28.451584,147.99254
1131,1118936533100,1,-26.045,487.674,-25.069857,497.8184,28.94367,144.14705
1131,1118936533100,3,-26.045,487.674,-13.736899,488.57486,28.731522,151.37968
1131,1118936533100,5,-26.045,487.674,9.264117,488.33084,28.451584,147.99254
1131,1118936533600,1,-26.045,487.674,-25.069857,497.8184,28.94367,144.14705
1131,1118936533600,3,-26.045,487.674,-13.736899,488.57486,28.731522,151.37968
1131,1118936533600,5,-26.045,487.674,9.643707,488.33084,28.451584,147.99254
1131,1118936535300,1,-26.045,487.674,-25.069857,497.8184,28.94367,144.14705
1131,1118936535300,3,-26.045,487.674,-13.736899,488.57486,28.731522,151.37968
1131,1118936535300,5,-26.045,487.674,9.643707,488.33084,28.451584,147.99254
1131,1118936538600,1,-26.045,487.674,-25.069857,497.8184,28.94367,144.14705
1131,1118936538600,3,-26.045,487.674,-13.736899,488.57486,28.731522,151.37968
1131,1118936538600,5,-26.045,487.674,9.643707,488.33084,28.451584,147.99254
1131,1118936542200,1,-26.045,487.674,-25.069857,497.8184,28.94367,144.14705
1131,1118936542200,3,-26.045,487.674,-13.736899,488.57486,28.731522,151.37968
1131,1118936542200,5,-26.045,487.674,9.643707,488.33084,28.451584,147.99254
1131,1118936542400,1,-26.045,487.674,-25.069857,497.8184,28.94367,144.14705
1131,1118936542400,3,-26.045,487.674,-13.736899,488.57486,28.731522,151.37968
1131,1118936542400,5,-26.045,487.674,9.643707,488.33084,28.451584,147.99254
1131,1118936542500,1,-26.045,487.674,-25.069857,497.8184,28.94367,144.14705
1131,1118936542500,3,-26.045,487.674,-13.736899,488.57486,28.731522,151.37968
1131,1118936542500,5,-26.045,487.674,9.643707,488.33084,28.451584,147.99254
1131,1118936542900,1,-26.045,487.674,-25.069857,497.8184,28.94367,144.14705
1131,1118936542900,3,-26.045,487.674,-13.736899,488.57486,28.731522,151.37968
1131,1118936542900,5,-26.045,487.674,9.643707,488.33084,28.451584,147.99254
1131,1118936551700,1,-26.045,487.674,-25.069857,497.8184,28.94367,144.14705
1131,1118936551700,3,-26.045,487.674,-13.736899,488.57486,28.731522,151.37968
1131,1118936551700,5,-26.045,487.674,9.643707,488.33084,28.451584,147.99254
1131,1118936551900,1,-26.045,487.674,-25.069857,497.8184,28.94367,144.14705
1131,1118936551900,3,-26.045,487.674,-13.736899,488.57486,28.731522,151.37968
1131,1118936551900,5,-26.045,487.674,9.643707,488.33084,28.451584,147.99254
1131,1118936552600,1,-26.045,487.674,-25.069857,497.8184,28.94367,144.14705
1131,1118936552600,3,-26.045,487.674,-13.736899,488.57486,28.731522,151.37968
1131,1118936552600,5,-26.059,484.038,9.643707,488.33084,28.451584,147.99254
1131,1118936553700,1,-26.045,487.674,-25.069857,497.8184,28.94367,144.14705
1131,1118936553700,3,-26.045,487.674,-13.736899,488.57486,28.731522,151.37968
1131,1118936553700,5,-26.065,482.696,9.643707,488.33084,28.451584,147.99254
1131,1118936553900,1,-26.045,487.674,-25.069857,497.8184,28.94367,144.14705
1131,1118936553900,3,-26.059,484.038,-13.736899,488.57486,28.731522,151.37968
1131,1118936553900,5,-24.769,453.786,9.643707,488.33084,28.451584,147.99254
1131,1118936554500,1,-26.045,487.674,-25.069857,497.8184,28.94367,144.14705
1131,1118936554500,3,-26.065,482.696,-13.736899,488.57486,28.731522,151.37968
1131,1118936554500,5,-21.154,425.352,9.643707,488.33084,28.451584,147.99254
1131,1118936554800,1,-26.059,484.038,-25.069857,497.8184,28.94367,144.14705
1131,1118936554800,3,-24.769,453.786,-13.736899,488.57486,28.731522,151.37968
1131,1118936554800,5,53.813,445.923,9.643707,488.33084,28.451584,147.99254
1131,1118936557000,1,-26.065,482.696,-25.274097,476.2926,28.94367,144.14705
1131,1118936557000,3,-21.154,425.352,-13.767014,468.13986,28.731522,151.37968
1131,1118936557000,5,24.324,476.258,10.64474,454.54166,28.451584,147.99254
1131,1118936557200,1,-24.769,453.786,-25.274097,454.35803,28.94367,144.14705
1131,1118936557200,3,53.813,445.923,-10.510038,431.36847,28.731522,151.37968
1131,1118936557200,5,21.815,763.059,16.561472,409.20145,28.451584,147.99254
1131,1118936559500,1,-21.154,425.352,-23.72801,434.77628,28.94367,144.14705
1131,1118936559500,3,24.324,476.258,-10.089166,399.41003,28.731522,151.37968
1131,1118936559500,5,24.051,828.772,12.85313,386.06882,28.451584,147.99254
1131,1118936561000,1,53.813,445.923,-21.15574,407.91962,28.94367,144.14705
1131,1118936561000,3,21.815,763.059,-10.070014,368.01483,28.731522,151.37968
1131,1118936561000,5,24.485,843.292,10.934127,387.10904,28.451584,147.99254
1131,1118937310200,1,24.324,476.258,53.680794,427.43018,28.94367,144.14705
1131,1118937310200,3,24.051,828.772,58.76637,398.92966,28.731522,151.37968
1131,1118937310200,5,26.021,916.708,66.582794,441.30066,28.451584,147.99254
1131,1118937312900,1,21.815,763.059,21.127787,476.3095,28.94367,144.14705
1131,1118937312900,3,24.485,843.292,21.94137,492.0026,28.731522,151.37968
1131,1118937312900,5,26.279,921.98,30.254982,516.59436,28.451584,147.99254
1131,1118937320200,1,24.051,828.772,23.219627,826.2419,28.94367,144.14705
1131,1118937320200,3,26.021,916.708,29.27854,929.35266,28.731522,151.37968
1131,1118937320200,5,26.59,931.557,25.80862,997.7961,28.451584,147.99254
1131,1118937321500,1,24.485,843.292,23.825552,895.507,28.94367,144.14705
1131,1118937321500,3,26.279,921.98,24.860706,1036.0837,28.731522,151.37968
1131,1118937321500,5,26.231,937.426,20.368603,1101.2443,28.451584,147.99254
1131,1118937321800,1,26.021,916.708,23.748665,940.6401,28.94367,144.14705
1131,1118937321800,3,26.59,931.557,23.7961,1042.41,28.731522,151.37968
1131,1118937321800,5,19.559,999.495,22.627958,1073.6735,28.451584,147.99254
1131,1118937323700,1,26.279,921.98,25.116043,988.45215,28.943668,144.14705
1131,1118937323700,3,26.231,937.426,26.63419,1078.5603,28.731522,151.37968
1131,1118937323700,5,10.506,1057.727,24.041405,1129.4749,28.451584,147.99254
1131,1118937323900,1,26.59,931.557,26.96053,892.5025,28.943668,144.14705
1131,1118937323900,3,19.559,999.495,27.769836,1024.0308,28.731522,151.37968
1131,1118937323900,5,6.383,1079.515,24.471422,1093.9427,28.451584,147.99254
1131,1118937324300,1,26.231,937.426,27.44382,971.5819,28.94367,144.14705
1131,1118937324300,3,10.506,1057.727,29.05272,1035.7427,28.731522,151.37968
1131,1118937324300,5,5.625,1118.591,28.856651,1124.0752,28.451584,147.99254
1131,1118937324500,1,19.559,999.495,25.462158,994.31976,28.94367,144.14705
1131,1118937324500,3,6.383,1079.515,24.28376,1121.0767,28.731522,151.37968
1131,1118937324500,5,7.578,1147.029,24.639769,1219.6617,28.451584,147.99254
1131,1118937328400,1,10.506,1057.727,19.129646,1022.0075,28.94367,144.14705
1131,1118937328400,3,5.625,1118.591,19.006401,1087.067,28.731522,151.37968
1131,1118937328400,5,8.206,1155.784,18.605753,1146.1979,28.451584,147.99254
1131,1118937331300,1,6.383,1079.515,9.369432,1082.3625,28.94367,144.14705
1131,1118937331300,3,7.578,1147.029,9.302404,1110.9237,28.731522,151.37968
1131,1118937331300,5,9.923,1185.288,10.034465,1212.6744,28.451584,147.99254
1131,1118937332100,1,5.625,1118.591,6.3350015,1112.8325,28.94367,144.14705
1131,1118937332100,3,8.206,1155.784,6.474234,1204.0818,28.731522,151.37968
1131,1118937332100,5,10.11,1194.191,7.3320756,1304.6217,28.451584,147.99254
1131,1118937333500,1,7.578,1147.029,6.184007,1167.5175,28.94367,144.14705
1131,1118937333500,3,9.923,1185.288,6.738206,1252.5565,28.731522,151.37968
1131,1118937333500,5,12.554,1230.342,8.22019,1312.9999,28.451584,147.99254
1131,1118937334500,1,8.206,1155.784,8.410045,1196.0637,28.94367,144.14705
1131,1118937334500,3,10.11,1194.191,8.144164,1275.4121,28.731522,151.37968
1131,1118937334500,5,9.333,1289.223,6.0814133,1397.6342,28.451584,147.99254
1131,1118937334800,1,9.923,1185.288,8.758026,1203.3585,28.94367,144.14705
1131,1118937334800,3,12.554,1230.342,7.538852,1295.6584,28.731522,151.37968
1131,1118937334800,5,9.222,1294.041,9.342468,1412.1423,28.451584,147.99254
1131,1118937335800,1,10.11,1194.191,9.695573,1224.2369,28.94367,144.14705
1131,1118937335800,3,9.333,1289.223,10.047026,1304.5568,28.731522,151.37968
1131,1118937335800,5,9.74,1317.106,9.384555,1413.0604,28.451584,147.99254
1131,1118937336100,1,12.554,1230.342,10.761036,1252.9622,28.94367,144.14705
1131,1118937336100,3,9.222,1294.041,10.672532,1365.66,28.731522,151.37968
1131,1118937336100,5,23.397,1462.043,8.876537,1394.0105,28.451584,147.99254
1131,1118937337300,1,9.333,1289.223,14.63405,1290.8347,28.94367,144.14705
1131,1118937337300,3,9.74,1317.106,15.773628,1408.7424,28.731522,151.37968
1131,1118937337300,5,26.565,1512.538,15.476119,1509.8699,28.451584,147.99254
1131,1118937339200,1,9.222,1294.041,8.933115,1349.7567,28.94367,144.14705
1131,1118937339200,3,23.397,1462.043,8.851815,1494.3612,28.731522,151.37968
1131,1118937339200,5,14.566,1579.71,7.692747,1572.6815,28.451584,147.99254
1131,1118937339400,1,9.74,1317.106,9.158195,1346.6923,28.94367,144.14705
1131,1118937339400,3,26.565,1512.538,9.790748,1454.8685,28.731522,151.37968
1131,1118937339400,5,12.334,1590.842,8.717434,1542.3888,28.451584,147.99254
1171,1118936513300,1,-13.532,1629.018,-3.2214043,1697.7189,28.94367,144.14705
1171,1118936513300,3,-12.756,1617.73,2.1335082,1579.3755,28.731522,151.37968
1171,1118936513300,5,-2.969,1451.181,6.064888,1601.004,28.451584,147.99254
1171,1118936514500,1,-13.188,1626.961,-7.6041975,1621.8062,28.94367,144.14705
1171,1118936514500,3,-4.084,1525.527,-5.0652742,1495.6357,28.731522,151.37968
1171,1118936514500,5,-5.775,1427.898,1.3640387,1663.3442,28.451584,147.99254
1171,1118936517600,1,-12.756,1617.73,-10.656798,1564.0859,28.94367,144.14705
1171,1118936517600,3,-2.969,1451.181,-9.332971,1387.511,28.731522,151.37968
1171,1118936517600,5,-17.218,1335.172,-7.598782,1584.9163,28.451584,147.99254
1171,1118936518600,1,-4.084,1525.527,-12.16394,1569.237,28.94367,144.14705
1171,1118936518600,3,-5.775,1427.898,-9.300441,1378.4995,28.731522,151.37968
1171,1118936518600,5,-17.635,1315.941,-8.517557,1352.8473,28.451584,147.99254
1171,1118936522500,1,-2.969,1451.181,-5.4304085,1544.8928,28.94367,144.14705
1171,1118936522500,3,-17.218,1335.172,-7.6286097,1449.3226,28.731522,151.37968
1171,1118936522500,5,-15.938,1170.489,-6.7697773,1457.7805,28.451584,147.99254
1171,1118936524800,1,-5.775,1427.898,-5.005929,1413.65,28.94367,144.14705
1171,1118936524800,3,-17.635,1315.941,-6.742352,1452.8787,28.731522,151.37968
1171,1118936524800,5,-17.041,1132.22,-7.2199206,1438.7532,28.451584,147.99254
1171,1118936525500,1,-17.218,1335.172,-7.242949,1410.1431,28.94367,144.14705
1171,1118936525500,3,-15.938,1170.489,-8.6781225,1369.7357,28.731522,151.37968
1171,1118936525500,5,-4.29,982.966,-8.783599,1311.3782,28.451584,147.99254
1171,1118936528200,1,-17.635,1315.941,-15.458134,1305.0785,28.94367,144.14705
1171,1118936528200,3,-17.041,1132.22,-12.737343,1252.688,28.731522,151.37968
1171,1118936528200,5,-13.264,870.373,-13.800919,1126.1488,28.451584,147.99254
1171,1118936528800,1,-15.938,1170.489,-14.492955,1298.4503,28.94367,144.14705
1171,1118936528800,3,-4.29,982.966,-15.527135,1246.6699,28.731522,151.37968
1171,1118936528800,5,-13.989,862.097,-14.705849,1154.8589,28.451584,147.99254
1171,1118936533200,1,-17.041,1132.22,-13.668422,1134.8732,28.94367,144.14705
1171,1118936533200,3,-13.264,870.373,-12.220924,1000.9609,28.731522,151.37968
1171,1118936533200,5,-20.757,803.827,-12.805775,945.594,28.451584,147.99254
1171,1118936534300,1,-4.29,982.966,-15.40059,1103.4072,28.94367,144.14705
1171,1118936534300,3,-13.989,862.097,-14.25898,1018.33984,28.731522,151.37968
1171,1118936534300,5,-23.333,783.123,-13.163427,887.7582,28.451584,147.99254
1171,1118936538000,1,-13.264,870.373,-5.469442,947.4629,28.94367,144.14705
1171,1118936538000,3,-20.757,803.827,-12.183689,831.58344,28.731522,151.37968
1171,1118936538000,5,-25.379,637.249,-10.784233,812.39514,28.451584,147.99254
1171,1118936540700,1,-13.989,862.097,-13.792476,829.88477,28.94367,144.14705
1171,1118936540700,3,-23.333,783.123,-14.726927,714.36005,28.731522,151.37968
1171,1118936540700,5,-25.007,578.547,-16.904125,704.6111,28.451584,147.99254
1171,1118936540900,1,-20.757,803.827,-14.4990225,827.3644,28.94367,144.14705
1171,1118936540900,3,-25.379,637.249,-14.772075,700.68964,28.731522,151.37968
1171,1118936540900,5,-25.013,577.212,-16.651981,633.7266,28.451584,147.99254
1171,1118936542300,1,-23.333,783.123,-22.805681,760.0301,28.94367,144.14705
1171,1118936542300,3,-25.007,578.547,-19.308804,652.84863,28.731522,151.37968
1171,1118936542300,5,-25.015,576.832,-19.214241,554.5774,28.451584,147.99254
1171,1118936542800,1,-25.379,637.249,-23.715002,738.3776,28.94367,144.14705
1171,1118936542800,3,-25.013,577.212,-22.17615,635.49634,28.731522,151.37968
1171,1118936542800,5,-25.015,576.753,-23.263552,539.02563,28.451584,147.99254
1171,1118936546500,1,-25.007,578.547,-24.71108,609.2967,28.94367,144.14705
1171,1118936546500,3,-25.015,576.832,-22.702745,542.2901,28.731522,151.37968
1171,1118936546500,5,-25.02,575.665,-22.648445,473.81955,28.451584,147.99254
1171,1118936550600,1,-25.013,577.212,-24.111696,547.0553,28.94367,144.14705
1171,1118936550600,3,-25.015,576.753,-22.235239,487.55127,28.731522,151.37968
1171,1118936550600,5,-24.982,498.276,-19.32413,477.44626,28.451584,147.99254
1171,1118936553800,1,-25.015,576.832,-24.231085,547.79956,28.94367,144.14705
1171,1118936553800,3,-25.02,575.665,-24.318947,517.6704,28.731522,151.37968
1171,1118936553800,5,-13.749,375.096,-20.809673,538.0702,28.451584,147.99254
1171,1118936555800,1,-25.015,576.753,-24.231085,550.50146,28.94367,144.14705
1171,1118936555800,3,-24.982,498.276,-23.655005,527.3871,28.731522,151.37968
1171,1118936555800,5,-12.264,364.85,-21.971073,534.621,28.451584,147.99254
1171,1118936557500,1,-25.02,575.665,-24.231085,550.50146,28.94367,144.14705
1171,1118936557500,3,-13.749,375.096,-23.319382,535.66833,28.731522,151.37968
1171,1118936557500,5,-5.13,70.356,-22.645275,534.7743,28.451584,147.99254
1171,1118936560000,1,-24.982,498.276,-24.231085,550.50146,28.94367,144.14705
1171,1118936560000,3,-12.264,364.85,-23.161251,535.66833,28.731522,151.37968
1171,1118936560000,5,-48.0,1604.371,-23.497524,534.7743,28.451584,147.99254
1171,1118936564300,1,-13.749,375.096,-24.231085,473.15222,28.94367,144.14705
1171,1118936564300,3,-5.13,70.356,-19.40959,440.12222,28.731522,151.37968
1171,1118936564300,5,-49.071,1583.835,-16.937956,469.13605,28.451584,147.99254
1171,1118936567800,1,-12.264,364.85,-11.850057,356.5897,28.943668,144.14705
1171,1118936567800,3,-48.0,1604.371,-10.789843,339.4033,28.731522,151.37968
1171,1118936567800,5,-46.429,1573.74,-0.38327622,330.8668,28.451584,147.99254
1171,1118936568100,1,-5.13,70.356,-10.208469,338.12793,28.94367,144.14705
1171,1118936568100,3,-49.071,1583.835,-3.9330637,313.7771,28.731522,151.37968
1171,1118936568100,5,-43.123,1554.101,10.509438,316.9515,28.451584,147.99254
1171,1118936577100,1,-48.0,1604.371,-3.0802808,135.97272,28.936249,144.11382
1171,1118936577100,3,-46.429,1573.74,20.94286,156.26677,28.731113,151.37639
1171,1118936577100,5,-41.746,1542.859,27.2812,269.90515,28.451324,147.99089
1171,1118937330200,1,-49.071,1583.835,18.284529,1042.9465,28.943668,144.14705
1171,1118937330200,3,-43.123,1554.101,18.73297,937.42426,28.73152,151.37968
1171,1118937330200,5,-35.514,1478.634,17.068085,794.3176,28.451584,147.99254
1171,1118937331300,1,-46.429,1573.74,4.8917475,1244.6874,28.943668,144.14705
1171,1118937331300,3,-41.746,1542.859,12.383006,1125.1154,28.73152,151.37968
1171,1118937331300,5,-44.327,1390.774,8.680061,852.35455,28.451584,147.99254
1171,1118937332300,1,-43.123,1554.101,11.992544,1261.4069,28.943668,144.14705
1171,1118937332300,3,-35.514,1478.634,8.560656,1153.119,28.73152,151.37968
1171,1118937332300,5,-45.706,1241.275,1.1169654,967.25946,28.451584,147.99254
1171,1118937333400,1,-41.746,1542.859,5.2170115,1202.3429,28.943668,144.14705
1171,1118937333400,3,-44.327,1390.774,-1.8813107,1155.9485,28.73152,151.37968
1171,1118937333400,5,-46.783,1215.8,-4.7251983,1002.434,28.451584,147.99254
1171,1118937333900,1,-35.514,1478.634,4.291931,1127.226,28.943665,144.14703
1171,1118937333900,3,-45.706,1241.275,-0.19065559,1118.6685,28.731518,151.37968
1171,1118937333900,5,-47.026,1181.07,7.5180335,1031.4185,28.451582,147.99254
1171,1118937336400,1,-44.327,1390.774,-0.07366818,1272.7118,28.943665,144.14703
1171,1118937336400,3,-46.783,1215.8,-1.3165542,1345.4996,28.731518,151.37967
1171,1118937336400,5,-58.301,1077.354,7.470537,1101.4994,28.451582,147.99254
1171,1118937339300,1,-45.706,1241.275,3.6544724,1029.8661,28.943657,144.14702
1171,1118937339300,3,-47.026,1181.07,16.2989,1102.7269,28.731504,151.37956
1171,1118937339300,5,-62.285,1069.643,11.631784,1000.7291,28.451572,147.9925
1197,1118936526500,1,-13.686,425.976,-3.6715763,370.29404,28.94367,144.14705
1197,1118936526500,3,15.216,507.487,2.6318693,402.56506,28.731522,151.37968
1197,1118936526500,5,16.179,662.406,4.8216777,605.4352,28.451584,147.99254
1197,1118936526600,1,14.481,495.767,-17.313549,511.08243,28.94367,144.14705
1197,1118936526600,3,14.637,554.322,-4.9020257,560.9725,28.731522,151.37968
1197,1118936526600,5,16.603,789.583,-1.2976855,533.4436,28.451584,147.99254
1197,1118936530000,1,15.216,507.487,5.645566,507.49225,28.94367,144.14705
1197,1118936530000,3,16.179,662.406,0.627807,543.5676,28.731522,151.37968
1197,1118936530000,5,21.023,1081.97,1.5718982,527.6529,28.451584,147.99254
1197,1118936530400,1,14.637,554.322,11.442792,567.3194,28.94367,144.14705
1197,1118936530400,3,16.603,789.583,10.130482,698.70465,28.731522,151.37968
1197,1118936530400,5,18.339,1096.477,10.131188,714.80597,28.451584,147.99254
1197,1118936531700,1,16.179,662.406,13.414558,627.0634,28.94367,144.14705
1197,1118936531700,3,21.023,1081.97,13.87293,690.4411,28.731522,151.37968
1197,1118936531700,5,19.9,1161.455,15.669077,886.8856,28.451584,147.99254
1197,1118936534400,1,16.603,789.583,15.977413,736.9988,28.94367,144.14705
1197,1118936534400,3,18.339,1096.477,14.747929,843.14484,28.731522,151.37968
1197,1118936534400,5,16.094,1367.438,17.06933,1017.7096,28.451584,147.99254
1197,1118936537000,1,21.023,1081.97,16.357092,862.59973,28.94367,144.14705
1197,1118936537000,3,19.9,1161.455,17.097948,1001.68427,28.731522,151.37968
1197,1118936537000,5,30.042,1440.283,15.916049,1119.2262,28.451584,147.99254
1197,1118936542500,1,18.339,1096.477,20.558327,1150.0048,28.94367,144.14705
1197,1118936542500,3,16.094,1367.438,21.131073,1308.4023,28.731522,151.37968
1197,1118936542500,5,34.757,1545.562,19.573746,1174.9569,28.451584,147.99254
1197,1118936542800,1,19.9,1161.455,16.808441,1180.1243,28.943668,144.14705
1197,1118936542800,3,30.042,1440.283,20.84331,1288.1937,28.731522,151.37968
1197,1118936542800,5,-15.142,1514.504,19.284761,1252.1382,28.451584,147.99254
1197,1118936544100,1,16.094,1367.438,20.221645,1239.8394,28.94367,144.14705
1197,1118936544100,3,34.757,1545.562,20.597778,1355.0352,28.731522,151.37968
1197,1118936544100,5,-25.755,1373.956,17.338625,1442.1637,28.451584,147.99254
1197,1118936548200,1,30.042,1440.283,16.014025,1450.6715,28.94367,144.14705
1197,1118936548200,3,-15.142,1514.504,16.699205,1556.4387,28.731522,151.37968
1197,1118936548200,5,-26.433,1195.122,18.097412,1388.1787,28.451584,147.99254
1197,1118936549600,1,34.757,1545.562,30.10652,1484.1223,28.94367,144.14705
1197,1118936549600,3,-25.755,1373.956,26.737652,1559.6241,28.731522,151.37968
1197,1118936549600,5,-26.151,1155.812,28.794737,1298.8557,28.451584,147.99254
1197,1118936551600,1,-15.142,1514.504,30.2292,1605.3239,28.94367,144.14705
1197,1118936551600,3,-26.433,1195.122,30.81342,1455.447,28.731522,151.37968
1197,1118936551600,5,-24.108,1043.913,33.33148,1004.83044,28.451584,147.99254
1197,1118937342600,1,-25.755,1373.956,-3.3092053,1522.1837,28.94367,144.14705
1197,1118937342600,3,-26.151,1155.812,6.8060627,1427.2941,28.731522,151.37968
1197,1118937342600,5,-16.849,961.855,7.9998817,1360.0696,28.451584,147.99254
1197,1118937345400,1,-26.433,1195.122,-20.8488,1374.1375,28.94367,144.14705
1197,1118937345400,3,-24.108,1043.913,-2.9542801,1347.4274,28.731522,151.37968
1197,1118937345400,5,-19.015,907.594,-5.313057,1277.1104,28.451584,147.99254
1197,1118937348700,1,-26.151,1155.812,-17.202,1159.5505,28.94367,144.14705
1197,1118937348700,3,-16.849,961.855,-18.024828,1159.0198,28.731522,151.37968
1197,1118937348700,5,-24.562,734.74,-19.041601,1127.3798,28.451584,147.99254
1197,1118937349500,1,-24.108,1043.913,-22.905804,1122.6212,28.94367,144.14705
1197,1118937349500,3,-19.015,907.594,-20.441906,1074.0573,28.731522,151.37968
1197,1118937349500,5,-24.401,732.231,-13.951258,1176.0741,28.451584,147.99254
1197,1118937351700,1,-16.849,961.855,-21.79472,1019.3926,28.94367,144.14705
1197,1118937351700,3,-24.562,734.74,-21.29852,924.1941,28.731522,151.37968
1197,1118937351700,5,-15.276,570.846,-19.48003,1041.8926,28.451584,147.99254
1197,1118937353600,1,-19.015,907.594,-10.950377,915.3202,28.94367,144.14705
1197,1118937353600,3,-24.401,732.231,-14.218932,831.2233,28.731522,151.37968
1197,1118937353600,5,-15.133,550.201,-18.553785,893.43933,28.451584,147.99254
1197,1118937355000,1,-24.562,734.74,-21.588694,864.1026,28.94367,144.14705
1197,1118937355000,3,-15.276,570.846,-19.99997,729.6798,28.731522,151.37968
1197,1118937355000,5,-15.507,542.02,-6.727778,824.02576,28.451584,147.99254
1197,1118937361300,1,-24.401,732.231,-22.722795,719.2589,28.94367,144.14705
1197,1118937361300,3,-15.133,550.201,-18.188137,596.8362,28.731522,151.37968
1197,1118937361300,5,-15.68,527.214,-11.154891,564.7872,28.451584,147.99254
1197,1118937361400,1,-15.276,570.846,-23.258461,702.7056,28.94367,144.14705
1197,1118937361400,3,-15.507,542.02,-19.040808,614.4812,28.731522,151.37968
1197,1118937361400,5,-15.692,524.375,-22.70773,530.5959,28.451584,147.99254
1197,1118937367600,1,-15.133,550.201,-12.8763,548.4541,28.94367,144.14705
1197,1118937367600,3,-15.68,527.214,-14.206572,493.21014,28.731522,151.37968
1197,1118937367600,5,-15.692,524.375,-11.755813,497.2317,28.451584,147.99254
1197,1118937369000,1,-15.507,542.02,-12.607263,529.2387,28.94367,144.14705
1197,1118937369000,3,-15.692,524.375,-13.743829,475.54007,28.731522,151.37968
1197,1118937369000,5,-15.692,524.375,-13.351383,488.459,28.451584,147.99254
1197,1118937369900,1,-15.68,527.214,-14.422887,513.2326,28.94367,144.14705
1197,1118937369900,3,-15.692,524.375,-13.122192,475.24985,28.731522,151.37968
1197,1118937369900,5,-15.692,524.375,-12.758254,487.04996,28.451584,147.99254
1197,1118937373300,1,-15.692,524.375,-13.798966,499.01437,28.94367,144.14705
1197,1118937373300,3,-15.692,524.375,-14.036045,461.011,28.731522,151.37968
1197,1118937373300,5,-15.692,524.375,-15.899602,488.0198,28.451584,147.99254
1197,1118937384000,1,-15.692,524.375,-13.787809,499.5248,28.94367,144.14705
1197,1118937384000,3,-15.692,524.375,-13.962264,491.8168,28.731522,151.37968
1197,1118937384000,5,-15.692,524.375,-15.681249,477.20004,28.451584,147.99254
1197,1118937385800,1,-15.692,524.375,-13.787809,502.2267,28.94367,144.14705
1197,1118937385800,3,-15.692,524.375,-13.47432,494.50916,28.731522,151.37968
1197,1118937385800,5,-15.692,524.375,-13.836895,470.9436,28.451584,147.99254
1197,1118937386500,1,-15.692,524.375,-13.787809,522.9082,28.94367,144.14705
1197,1118937386500,3,-15.692,524.375,-13.530688,495.8008,28.731522,151.37968
1197,1118937386500,5,-15.692,524.375,-13.64596,488.5335,28.451584,147.99254
1197,1118937390200,1,-15.692,524.375,-13.787809,522.9082,28.94367,144.14705
1197,1118937390200,3,-15.692,524.375,-13.369905,501.42035,28.731522,151.37968
1197,1118937390200,5,-15.692,524.375,-13.559691,508.11044,28.451584,147.99254
1197,1118937391500,1,-15.692,524.375,-13.787809,522.9082,28.94367,144.14705
1197,1118937391500,3,-15.692,524.375,-12.061955,508.78442,28.731522,151.37968
1197,1118937391500,5,-15.692,524.375,-11.104092,512.6316,28.451584,147.99254
1197,1118937392400,1,-15.692,524.375,-13.787809,525.6398,28.94367,144.14705
1197,1118937392400,3,-15.692,524.375,-12.005588,511.17715,28.731522,151.37968
1197,1118937392400,5,-15.692,524.375,-11.104092,509.29388,28.451584,147.99254
1197,1118937394000,1,-15.692,524.375,-13.787809,525.6398,28.94367,144.14705
1197,1118937394000,3,-15.692,524.375,-12.005588,511.17715,28.731522,151.37968
1197,1118937394000,5,-15.692,524.375,-11.104092,509.29388,28.451584,147.99254
1197,1118937397100,1,-15.692,524.375,-13.787809,525.6398,28.94367,144.14705
1197,1118937397100,3,-15.692,524.375,-11.800335,511.17715,28.731522,151.37968
1197,1118937397100,5,-15.692,524.375,-11.104092,509.29388,28.451584,147.99254
1197,1118937399300,1,-15.692,524.375,-13.787809,525.6398,28.94367,144.14705
1197,1118937399300,3,-15.692,524.375,-11.800335,511.17715,28.731522,151.37968
1197,1118937399300,5,-15.692,524.375,-10.724502,509.29388,28.451584,147.99254
1197,1118937400900,1,-15.692,524.375,-13.787809,525.6398,28.94367,144.14705
1197,1118937400900,3,-15.692,524.375,-11.800335,511.17715,28.731522,151.37968
1197,1118937400900,5,-15.692,524.375,-10.724502,509.29388,28.451584,147.99254
1197,1118937401200,1,-15.692,524.375,-13.787809,525.6398,28.94367,144.14705
1197,1118937401200,3,-15.692,524.375,-11.800335,511.17715,28.731522,151.37968
1197,1118937401200,5,-15.692,524.375,-10.724502,509.29388,28.451584,147.99254
1197,1118937404400,1,-15.692,524.375,-13.787809,525.6398,28.94367,144.14705
1197,1118937404400,3,-15.692,524.375,-11.800335,511.17715,28.731522,151.37968
1197,1118937404400,5,-15.692,524.375,-10.724502,509.29388,28.451584,147.99254
1197,1118937406500,1,-15.692,524.375,-13.787809,525.6398,28.94367,144.14705
1197,1118937406500,3,-15.692,524.375,-11.800335,511.17715,28.731522,151.37968
1197,1118937406500,5,-15.692,524.375,-10.724502,509.29388,28.451584,147.99254
1197,1118937407400,1,-15.692,524.375,-13.787809,525.6398,28.94367,144.14705
1197,1118937407400,3,-15.692,524.375,-11.800335,511.17715,28.731522,151.37968
1197,1118937407400,5,-15.692,524.375,-10.724502,509.29388,28.451584,147.99254
1197,1118937407500,1,-15.692,524.375,-13.787809,525.6398,28.94367,144.14705
1197,1118937407500,3,-15.692,524.375,-11.800335,511.17715,28.731522,151.37968
1197,1118937407500,5,-15.692,524.375,-10.724502,509.29388,28.451584,147.99254
1197,1118937410000,1,-15.692,524.375,-13.787809,525.6398,28.94367,144.14705
1197,1118937410000,3,-15.692,524.375,-11.800335,511.17715,28.731522,151.37968
1197,1118937410000,5,-15.692,524.375,-10.724502,509.29388,28.451584,147.99254
1197,1118937416800,1,-15.692,524.375,-13.787809,525.6398,28.94367,144.14705
1197,1118937416800,3,-15.692,524.375,-11.800335,511.17715,28.731522,151.37968
1197,1118937416800,5,-15.692,524.375,-10.724502,509.29388,28.451584,147.99254
1197,1118937416900,1,-15.692,524.375,-13.787809,525.6398,28.94367,144.14705
1197,1118937416900,3,-15.692,524.375,-11.800335,511.17715,28.731522,151.37968
1197,1118937416900,5,-15.692,524.375,-10.724502,509.29388,28.451584,147.99254
1197,1118937419000,1,-15.692,524.375,-13.787809,525.6398,28.94367,144.14705
1197,1118937419000,3,-15.692,524.375,-11.800335,511.17715,28.731522,151.37968
1197,1118937419000,5,-15.692,524.375,-10.724502,509.29388,28.451584,147.99254
1197,1118937419600,1,-15.692,524.375,-13.787809,525.6398,28.94367,144.14705
1197,1118937419600,3,-15.692,524.375,-11.800335,511.17715,28.731522,151.37968
1197,1118937419600,5,-15.692,524.375,-10.724502,509.29388,28.451584,147.99254
1197,1118937421200,1,-15.692,524.375,-13.787809,525.6398,28.94367,144.14705
1197,1118937421200,3,-15.692,524.375,-11.800335,511.17715,28.731522,151.37968
1197,1118937421200,5,-15.692,524.375,-10.724502,509.29388,28.451584,147.99254
1197,1118937421300,1,-15.692,524.375,-13.787809,525.6398,28.94367,144.14705
1197,1118937421300,3,-15.692,524.375,-11.800335,511.17715,28.731522,151.37968
1197,1118937421300,5,-15.692,524.375,-10.724502,509.29388,28.451584,147.99254
1197,1118937422000,1,-15.692,524.375,-13.787809,525.6398,28.94367,144.14705
1197,1118937422000,3,-15.692,524.375,-11.800335,511.17715,28.731522,151.37968
1197,1118937422000,5,-15.692,524.375,-10.724502,509.29388,28.451584,147.99254
1197,1118937426200,1,-15.692,524.375,-13.787809,525.6398,28.94367,144.14705
1197,1118937426200,3,-15.692,524.375,-11.800335,511.17715,28.731522,151.37968
1197,1118937426200,5,-15.692,524.375,-10.724502,509.29388,28.451584,147.99254
1197,1118937426900,1,-15.692,524.375,-13.787809,525.6398,28.94367,144.14705
1197,1118937426900,3,-15.692,524.375,-11.800335,511.17715,28.731522,151.37968
1197,1118937426900,5,-15.692,524.375,-10.724502,509.29388,28.451584,147.99254
1197,1118937428000,1,-15.692,524.375,-13.787809,525.6398,28.94367,144.14705
1197,1118937428000,3,-15.692,524.375,-11.800335,511.17715,28.731522,151.37968
1197,1118937428000,5,-15.692,524.375,-10.724502,509.29388,28.451584,147.99254
1197,1118937428200,1,-15.692,524.375,-13.787809,525.6398,28.94367,144.14705
1197,1118937428200,3,-15.692,524.375,-11.800335,511.17715,28.731522,151.37968
1197,1118937428200,5,-15.692,524.375,-10.724502,509.29388,28.451584,147.99254
1197,1118937430100,1,-15.692,524.375,-13.787809,525.6398,28.94367,144.14705
1197,1118937430100,3,-15.692,524.375,-11.800335,511.17715,28.731522,151.37968
1197,1118937430100,5,-14.99,499.252,-10.724502,509.29388,28.451584,147.99254
1197,1118937431900,1,-15.692,524.375,-13.787809,525.6398,28.94367,144.14705
1197,1118937431900,3,-15.692,524.375,-11.800335,511.17715,28.731522,151.37968
1197,1118937431900,5,57.985,387.944,-10.724502,509.29388,28.451584,147.99254
1197,1118937435300,1,-15.692,524.375,-13.787809,525.6398,28.94367,144.14705
1197,1118937435300,3,-14.99,499.252,-11.800335,511.17715,28.731522,151.37968
1197,1118937435300,5,69.281,386.445,-10.724502,509.29388,28.451584,147.99254
1220,1118936531600,1,37.941,47.899,43.409794,122.464775,29.013372,143.78139
1220,1118936531600,3,33.565,51.73,42.60915,316.64474,28.731482,151.37946
1220,1118936531600,5,27.769,63.206,40.24214,501.28683,28.451548,147.99231
1220,1118936532500,1,36.434,48.298,37.521355,-380.7567,28.989752,143.89313
1220,1118936532500,3,29.798,58.362,37.13799,327.78815,28.731478,151.3794
1220,1118936532500,5,28.599,255.368,38.210796,394.54065,28.451563,147.99232
1220,1118936532800,1,33.565,51.73,34.68774,145.25854,28.975294,143.95944
1220,1118936532800,3,27.769,63.206,34.043774,225.60658,28.731482,151.37946
1220,1118936532800,5,28.681,261.796,34.951214,362.27917,28.451561,147.99234
1220,1118936534000,1,29.798,58.362,30.405787,185.73564,28.95648,144.06537
1220,1118936534000,3,28.599,255.368,26.51599,274.65076,28.731495,151.37953
1220,1118936534000,5,28.766,266.83,27.095768,369.89075,28.451565,147.99243
1220,1118936537600,1,27.769,63.206,29.688152,263.2285,28.947628,144.12097
1220,1118936537600,3,28.681,261.796,28.828106,315.0853,28.7315,151.3796
1220,1118936537600,5,28.884,273.16,26.463415,305.7698,28.45157,147.99246
1220,1118936538800,1,28.599,255.368,27.486813,188.49095,28.946035,144.13292
1220,1118936538800,3,28.766,266.83,26.605974,268.5569,28.731504,151.37961
1220,1118936538800,5,29.109,291.246,26.254528,285.83926,28.451572,147.99248
1220,1118936548200,1,28.681,261.796,28.796852,289.1754,28.94364,144.14691
1220,1118936548200,3,28.884,273.16,28.32193,362.59485,28.73152,151.37967
1220,1118936548200,5,29.159,291.76,27.982885,423.63385,28.451584,147.99254
1220,1118936548700,1,28.766,266.83,28.719965,284.19336,28.943651,144.14699
1220,1118936548700,3,29.109,291.246,28.412382,331.1174,28.731512,151.37964
1220,1118936548700,5,29.219,292.371,28.271437,352.2658,28.451578,147.99252
1220,1118936549100,1,28.884,273.16,28.719965,284.71628,28.943659,144.14702
1220,1118936549100,3,29.159,291.76,28.494421,334.15268,28.731516,151.37965
1220,1118936549100,5,29.289,293.083,27.919327,354.03177,28.451578,147.99252
1220,1118936549600,1,29.109,291.246,28.719965,333.7039,28.943663,144.14703
1220,1118936549600,3,29.219,292.371,28.839985,332.44153,28.731518,151.37967
1220,1118936549600,5,29.359,293.797,26.31411,376.0734,28.45158,147.99254
1220,1118936551600,1,29.159,291.76,28.719965,332.48712,28.943666,144.14705
1220,1118936551600,3,29.289,293.083,28.839985,386.28415,28.73152,151.37967
1220,1118936551600,5,29.359,293.797,29.020655,413.46838,28.451582,147.99254
1220,1118936552100,1,29.219,292.371,28.719965,334.87894,28.943668,144.14705
1220,1118936552100,3,29.359,293.797,28.717743,379.52206,28.73152,151.37968
1220,1118936552100,5,29.359,293.797,28.887573,402.62436,28.451584,147.99254
1220,1118936552700,1,29.289,293.083,29.418451,334.87894,28.943668,144.14705
1220,1118936552700,3,29.359,293.797,29.267593,378.88647,28.731522,151.37968
1220,1118936552700,5,29.359,293.797,28.855646,399.825,28.451584,147.99254
1220,1118936553400,1,29.359,293.797,29.418451,331.5468,28.94367,144.14705
1220,1118936553400,3,29.359,293.797,29.211226,375.5739,28.731522,151.37968
1220,1118936553400,5,29.359,293.797,28.855646,395.23123,28.451584,147.99254
1220,1118936556600,1,29.359,293.797,29.358093,331.0239,28.94367,144.14705
1220,1118936556600,3,29.359,293.797,29.113472,375.5739,28.731522,151.37968
1220,1118936556600,5,29.359,293.797,29.558544,392.44785,28.451584,147.99254
1220,1118936558300,1,29.359,293.797,29.358093,331.0239,28.94367,144.14705
1220,1118936558300,3,29.359,293.797,28.968847,372.60635,28.731522,151.37968
1220,1118936558300,5,29.359,293.797,29.164108,396.22443,28.451584,147.99254
1220,1118936558800,1,29.359,293.797,29.422928,331.0239,28.94367,144.14705
1220,1118936558800,3,29.359,293.797,28.968847,372.60635,28.731522,151.37968
1220,1118936558800,5,29.359,293.797,29.164108,397.53015,28.451584,147.99254
1220,1118936559000,1,29.359,293.797,29.422928,331.0239,28.94367,144.14705
1220,1118936559000,3,29.359,293.797,28.968847,375.5739,28.731522,151.37968
1220,1118936559000,5,29.29,298.905,29.164108,402.0513,28.451584,147.99254
1220,1118936560200,1,29.359,293.797,29.422928,331.0239,28.94367,144.14705
1220,1118936560200,3,29.359,293.797,28.968847,375.5739,28.731522,151.37968
1220,1118936560200,5,29.247,302.098,29.164108,402.0513,28.451584,147.99254
1220,1118936562800,1,29.359,293.797,29.422928,331.0239,28.94367,144.14705
1220,1118936562800,3,29.29,298.905,28.968847,375.5739,28.731522,151.37968
1220,1118936562800,5,29.238,302.737,29.250378,402.0513,28.451584,147.99254
1220,1118936563600,1,29.359,293.797,29.422928,331.0239,28.94367,144.14705
1220,1118936563600,3,29.247,302.098,29.00497,375.5739,28.731522,151.37968
1220,1118936563600,5,28.514,366.479,29.252558,402.0513,28.451584,147.99254
1220,1118936563800,1,29.29,298.905,29.422928,331.0239,28.94367,144.14705
1220,1118936563800,3,29.238,302.737,29.061338,375.5739,28.731522,151.37968
1220,1118936563800,5,26.453,380.677,29.252558,402.0513,28.451584,147.99254
1220,1118936569900,1,29.247,302.098,29.411772,331.0239,28.94367,144.14705
1220,1118936569900,3,28.514,366.479,29.243532,375.5739,28.731522,151.37968
1220,1118936569900,5,26.138,383.659,28.888777,398.71362,28.451584,147.99254
1220,1118936570400,1,29.238,302.737,29.330818,331.0239,28.94367,144.14705
1220,1118936570400,3,26.453,380.677,29.29107,375.5739,28.731522,151.37968
1220,1118936570400,5,23.752,402.221,29.020655,398.28815,28.451584,147.99254
1220,1118936570500,1,28.514,366.479,29.346937,331.0239,28.94367,144.14705
1220,1118936570500,3,26.138,383.659,29.29107,376.2095,28.731522,151.37968
1220,1118936570500,5,20.627,428.824,29.020655,398.28815,28.451584,147.99254
1220,1118936573800,1,26.453,380.677,28.567999,397.62744,28.94367,144.14705
1220,1118936573800,3,23.752,402.221,28.359533,452.94553,28.731522,151.37968
1220,1118936573800,5,15.594,500.723,28.218044,529.02496,28.451584,147.99254
1220,1118936574300,1,26.138,383.659,25.422663,417.34253,28.94367,144.14705
1220,1118936574300,3,20.627,428.824,24.417082,513.95746,28.731522,151.37968
1220,1118936574300,5,16.349,630.725,24.811073,634.5736,28.451584,147.99254
1220,1118936574400,1,23.752,402.221,24.325008,429.9376,28.94367,144.14705
1220,1118936574400,3,15.594,500.723,24.417082,541.76074,28.731522,151.37968
1220,1118936574400,5,36.339,1057.225,24.766983,680.203,28.451584,147.99254
1220,1118936575000,1,20.627,428.824,22.180258,464.59412,28.94367,144.14705
1220,1118936575000,3,16.349,630.725,24.091621,568.32697,28.731522,151.37968
1220,1118936575000,5,27.773,1100.437,24.43944,690.57544,28.451584,147.99254
1220,1118936575800,1,15.594,500.723,19.81996,494.7726,28.94367,144.14705
1220,1118936575800,3,36.339,1057.225,20.998592,608.6716,28.731522,151.37968
1220,1118936575800,5,28.365,1127.491,21.544735,792.8763,28.451584,147.99254
1220,1118936577800,1,16.349,630.725,14.970628,561.2,28.94367,144.14705
1220,1118936577800,3,27.773,1100.437,16.050764,684.7066,28.731522,151.37968
1220,1118936577800,5,30.546,1204.536,16.93374,908.8629,28.451584,147.99254
1220,1118936580700,1,36.339,1057.225,16.085672,691.2216,28.94367,144.14705
1220,1118936580700,3,28.365,1127.491,16.918596,848.1404,28.731522,151.37968
1220,1118936580700,5,30.837,1224.11,18.04692,999.11163,28.451584,147.99254
1220,1118936588900,1,27.773,1100.437,36.359394,1131.8901,28.94367,144.14705
1220,1118936588900,3,30.546,1204.536,33.92535,1264.9103,28.731522,151.37968
1220,1118936588900,5,29.754,1363.779,33.769035,1331.9403,28.451584,147.99254
1220,1118936589800,1,28.365,1127.491,25.98748,1180.402,28.94367,144.14705
1220,1118936589800,3,30.837,1224.11,26.904644,1305.4226,28.731522,151.37968
1220,1118936589800,5,32.747,1382.394,27.41738,1386.3721,28.451584,147.99254
1220,1118936590400,1,30.546,1204.536,29.158869,1215.994,28.94367,144.14705
1220,1118936590400,3,29.754,1363.779,29.02249,1328.408,28.731522,151.37968
1220,1118936590400,5,36.38,1405.281,28.4271,1360.2788,28.451584,147.99254
1220,1118936592000,1,30.837,1224.11,30.876106,1278.238,28.94367,144.14705
1220,1118936592000,3,32.747,1382.394,30.050823,1405.0347,28.731522,151.37968
1220,1118936592000,5,44.509,1550.271,28.166704,1414.8477,28.451584,147.99254
1220,1118936592400,1,29.754,1363.779,30.61474,1312.787,28.94367,144.14705
1220,1118936592400,3,36.38,1405.281,28.321146,1434.8536,28.731522,151.37968
1220,1118936592400,5,-12.831,1489.34,29.12129,1474.1793,28.451584,147.99254
1220,1118936595400,1,32.747,1382.394,29.273905,1420.8175,28.94367,144.14705
1220,1118936595400,3,44.509,1550.271,29.114323,1538.9193,28.731522,151.37968
1220,1118936595400,5,-12.68,1468.119,28.643543,1432.52,28.451584,147.99254
1220,1118936595900,1,36.38,1405.281,28.220682,1204.2141,28.94367,144.14705
1220,1118936595900,3,-12.831,1489.34,30.586267,1534.076,28.731522,151.37968
1220,1118936595900,5,-18.961,1409.195,30.630373,1401.6534,28.451584,147.99254
1220,1118936596400,1,44.509,1550.271,36.39523,1258.4811,28.94367,144.14705
1220,1118936596400,3,-12.68,1468.119,34.76118,1552.4357,28.731522,151.37968
1220,1118936596400,5,-28.061,1356.82,35.133774,1179.5707,28.451584,147.99254
1220,1118936599300,1,-12.831,1489.34,43.087227,1606.6595,28.94367,144.14705
1220,1118936599300,3,-18.961,1409.195,42.195,1582.271,28.731522,151.37968
1220,1118936599300,5,-29.488,1284.382,40.52066,1300.9375,28.451584,147.99254
1220,1118937356000,1,-12.68,1468.119,-2.8040767,1506.9359,28.94367,144.14705
1220,1118937356000,3,-28.061,1356.82,4.2774577,1470.068,28.731522,151.37968
1220,1118937356000,5,-24.88,1202.216,8.012103,1394.4797,28.451584,147.99254
1220,1118937356500,1,-18.961,1409.195,-8.4075365,1439.7725,28.94367,144.14705
1220,1118937356500,3,-29.488,1284.382,-3.3771324,1391.81,28.731522,151.37968
1220,1118937356500,5,-18.205,998.286,1.988777,1348.7654,28.451584,147.99254
1220,1118937357900,1,-28.061,1356.82,-19.917461,1364.4038,28.94367,144.14705
1220,1118937357900,3,-24.88,1202.216,-14.620145,1414.8163,28.731522,151.37968
1220,1118937357900,5,-17.297,932.679,-11.904994,1345.2053,28.451584,147.99254
1220,1118937359000,1,-29.488,1284.382,-27.401321,1323.1722,28.94367,144.14705
1220,1118937359000,3,-18.205,998.286,-18.919363,1331.2216,28.731522,151.37968
1220,1118937359000,5,-21.546,886.688,-19.616276,1334.5123,28.451584,147.99254
1220,1118937360600,1,-24.88,1202.216,-27.539986,1273.9943,28.94367,144.14705
1220,1118937360600,3,-17.297,932.679,-19.667692,1211.6676,28.731522,151.37968
1220,1118937360600,5,-26.39,815.399,-17.757645,1416.343,28.451584,147.99254
1220,1118937362700,1,-18.205,998.286,-22.551142,1175.353,28.94367,144.14705
1220,1118937362700,3,-21.546,886.688,-21.606333,1117.7192,28.731522,151.37968
1220,1118937362700,5,-26.815,811.8,-19.596159,1212.5055,28.451584,147.99254
1220,1118937368000,1,-17.297,932.679,-13.693986,956.14056,28.94367,144.14705
1220,1118937368000,3,-26.39,815.399,-15.514522,860.19916,28.731522,151.37968
1220,1118937368000,5,-32.012,771.411,-15.783357,967.9742,28.451584,147.99254
1220,1118937369700,1,-21.546,886.688,-13.424949,900.6095,28.94367,144.14705
1220,1118937369700,3,-26.815,811.8,-15.905645,765.2163,28.731522,151.37968
1220,1118937369700,5,-33.031,715.623,-14.097653,809.5208,28.451584,147.99254
1220,1118937370900,1,-26.39,815.399,-22.805681,849.4255,28.94367,144.14705
1220,1118937370900,3,-32.012,771.411,-24.208086,729.10406,28.731522,151.37968
1220,1118937370900,5,-22.067,427.233,-23.420841,693.725,28.451584,147.99254
1220,1118937372900,1,-26.815,811.8,-26.742588,779.6235,28.94367,144.14705
1220,1118937372900,3,-33.031,715.623,-24.881495,649.1882,28.731522,151.37968
1220,1118937372900,5,-7.01,145.397,-23.330061,625.7169,28.451584,147.99254
1223,1118936531500,1,-4.163,1526.506,-1.1816049,741.63257,28.94367,144.14705
1223,1118936531500,3,-7.015,1428.223,4.0983534,1377.5725,28.731522,151.37968
1223,1118936531500,5,-16.208,1199.885,7.98642,1285.1925,28.451584,147.99254
1223,1118936533700,1,-3.592,1460.681,-1.7901303,1619.5371,28.94367,144.14705
1223,1118936533700,3,-16.255,1275.054,-4.124466,1633.8918,28.731522,151.37968
1223,1118936533700,5,-5.678,969.308,-1.6639645,1468.6646,28.451584,147.99254
1223,1118936535200,1,-7.015,1428.223,-3.4207196,1442.27,28.94367,144.14705
1223,1118936535200,3,-16.208,1199.885,-4.937502,1551.2074,28.731522,151.37968
1223,1118936535200,5,-24.3,657.386,-5.9279523,1345.4668,28.451584,147.99254
1223,1118936536000,1,-16.255,1275.054,-6.2836437,1500.441,28.94367,144.14705
1223,1118936536000,3,-5.678,969.308,-5.8764997,1496.7872,28.731522,151.37968
1223,1118936536000,5,-23.868,572.201,-7.4558854,1369.8455,28.451584,147.99254
1223,1118936539600,1,-16.208,1199.885,-13.992659,1328.9198,28.94367,144.14705
1223,1118936539600,3,-24.3,657.386,-11.114795,1170.6692,28.731522,151.37968
1223,1118936539600,5,-23.65,542.191,-13.237711,1318.7661,28.451584,147.99254
1223,1118936541700,1,-5.678,969.308,-13.32106,1219.3363,28.94367,144.14705
1223,1118936541700,3,-23.868,572.201,-12.134826,1145.7615,28.731522,151.37968
1223,1118936541700,5,-23.762,514.711,-9.913986,1212.2896,28.451584,147.99254
1223,1118936547800,1,-24.3,657.386,-6.389714,940.77966,28.94367,144.14705
1223,1118936547800,3,-23.65,542.191,-8.441827,839.1452,28.731522,151.37968
1223,1118936547800,5,-23.345,493.992,-9.080148,955.50183,28.451584,147.99254
1223,1118936560200,1,-23.868,572.201,-21.273355,627.0338,28.94367,144.14705
1223,1118936560200,3,-23.762,514.711,-19.932348,569.46387,28.731522,151.37968
1223,1118936560200,5,-22.286,449.707,-14.481569,442.90253,28.451584,147.99254
1223,1118936568100,1,-23.65,542.191,-22.06147,551.0452,28.94367,144.14705
1223,1118936568100,3,-23.345,493.992,-21.242237,505.54047,28.731522,151.37968
1223,1118936568100,5,-14.683,391.551,-18.933746,514.5201,28.451584,147.99254
1223,1118936569000,1,-23.762,514.711,-23.197199,513.2326,28.94367,144.14705
1223,1118936569000,3,-22.286,449.707,-20.73206,469.54572,28.731522,151.37968
1223,1118936569000,5,-11.67,369.007,-18.31371,488.93,28.451584,147.99254
1223,1118936569800,1,-23.345,493.992,-23.408192,498.2717,28.94367,144.14705
1223,1118936569800,3,-14.683,391.551,-21.066622,455.00446,28.731522,151.37968
1223,1118936569800,5,-14.36,157.216,-19.982962,468.62402,28.451584,147.99254
1223,1118936570400,1,-22.286,449.707,-22.004381,470.45035,28.94367,144.14705
1223,1118936570400,3,-11.67,369.007,-20.357834,429.07074,28.731522,151.37968
1223,1118936570400,5,-14.868,1609.759,-21.03756,469.99664,28.451584,147.99254
1223,1118936571500,1,-14.683,391.551,-21.364098,423.6273,28.94367,144.14705
1223,1118936571500,3,-14.36,157.216,-19.839472,362.9591,28.731522,151.37968
1223,1118936571500,5,-7.749,1553.144,-15.072562,376.6256,28.451584,147.99254
1223,1118936573000,1,-11.67,369.007,-12.312619,360.93857,28.94367,144.14705
1223,1118936573000,3,-14.868,1609.759,-12.218433,331.05478,28.731522,151.37968
1223,1118936573000,5,-1.298,1469.374,-2.517903,343.83884,28.451584,147.99254
1223,1118936573600,1,-14.36,157.216,-10.924313,340.71906,28.94367,144.14705
1223,1118936573600,3,-7.749,1553.144,-3.3727741,313.7771,28.731522,151.37968
1223,1118936573600,5,-15.073,1376.556,6.9878664,272.0258,28.451584,147.99254
1223,1118936578500,1,-14.868,1609.759,-0.54205525,187.50706,28.943314,144.14548
1223,1118936578500,3,-1.298,1469.374,25.394438,191.16483,28.73072,151.36987
1223,1118936578500,5,-16.579,1368.766,27.844482,270.2431,28.451551,147.99232
1223,1118937355900,1,-7.749,1553.144,-3.3294008,1389.2211,28.943665,144.14703
1223,1118937355900,3,-15.073,1376.556,-5.399644,1211.9496,28.73152,151.37968
1223,1118937355900,5,-17.744,1301.732,-9.7574,1088.965,28.451582,147.99254
1223,1118937357100,1,-1.298,1469.374,-6.1926765,1459.4929,28.943663,144.14703
1223,1118937357100,3,-16.579,1368.766,-6.942446,1335.9248,28.731518,151.37968
1223,1118937357100,5,-16.51,1249.663,7.0556917,1226.321,28.451582,147.99254
1223,1118937359100,1,-15.073,1376.556,-5.238033,1371.5287,28.94366,144.14702
1223,1118937359100,3,-17.744,1301.732,-5.63741,1364.4755,28.731518,151.37968
1223,1118937359100,5,-15.493,1244.446,-0.31253618,1211.8491,28.451582,147.99254
1223,1118937361400,1,-16.579,1368.766,-14.002807,1297.0801,28.943655,144.147
1223,1118937361400,3,-16.51,1249.663,-8.98788,1298.7142,28.731518,151.37967
1223,1118937361400,5,-14.576,1229.491,1.3016169,1178.6078,28.451578,147.99252
1223,1118937361600,1,-17.744,1301.732,-16.405355,1361.4829,28.943659,144.14702
1223,1118937361600,3,-15.493,1244.446,-9.967898,1252.8118,28.731518,151.37967
1223,1118937361600,5,-17.003,1186.856,-1.5316327,1219.7487,28.451578,147.99252
1223,1118937363600,1,-16.51,1249.663,-14.8278,1297.7255,28.943655,144.147
1223,1118937363600,3,-14.576,1229.491,-12.955114,1246.3291,28.731514,151.37965
1223,1118937363600,5,-17.635,1137.954,-20.736246,1155.7601,28.451576,147.99251
1223,1118937367900,1,-15.493,1244.446,-15.123749,1232.9457,28.943657,144.14702
1223,1118937367900,3,-17.003,1186.856,-15.4777975,1134.0073,28.731512,151.37961
1223,1118937367900,5,-19.936,1096.931,-20.929182,1203.6377,28.451576,147.99251
1223,1118937370900,1,-14.576,1229.491,-13.668422,1216.6508,28.94367,144.14705
1223,1118937370900,3,-17.635,1137.954,-14.979396,1167.407,28.731522,151.37968
1223,1118937370900,5,-7.085,1010.186,-11.202573,1206.7772,28.451584,147.99254
1223,1118937374700,1,-17.003,1186.856,-12.265378,1197.704,28.94367,144.14705
1223,1118937374700,3,-19.936,1096.931,-14.3007555,1143.7305,28.731522,151.37968
1223,1118937374700,5,-16.069,854.113,-13.259175,1131.8363,28.451584,147.99254
1223,1118937377100,1,-17.635,1137.954,-15.40059,1131.932,28.94367,144.14705
1223,1118937377100,3,-7.085,1010.186,-12.039453,1023.12054,28.731522,151.37968
1223,1118937377100,5,-22.414,794.744,-18.69912,1014.41626,28.451584,147.99254
1223,1118937379600,1,-19.936,1096.931,-15.334743,1103.1929,28.94367,144.14705
1223,1118937379600,3,-16.069,854.113,-16.228281,1038.1049,28.731522,151.37968
1223,1118937379600,5,-25.825,722.589,-19.806675,942.9209,28.451584,147.99254
1223,1118937381200,1,-7.085,1010.186,-21.682863,1053.2076,28.94367,144.14705
1223,1118937381200,3,-22.414,794.744,-20.40737,959.66943,28.731522,151.37968
1223,1118937381200,5,-24.303,656.22,-20.938433,862.1345,28.451584,147.99254
1223,1118937383900,1,-16.069,854.113,-6.6439204,973.6068,28.94367,144.14705
1223,1118937383900,3,-25.825,722.589,-11.687353,876.4778,28.731522,151.37968
1223,1118937383900,5,-15.025,382.112,-15.0462675,814.1389,28.451584,147.99254
1223,1118937388400,1,-22.414,794.744,-14.67016,824.77325,28.94367,144.14705
1223,1118937388400,3,-24.303,656.22,-13.925154,697.5654,28.731522,151.37968
1223,1118937388400,5,-9.878,332.98,-12.913171,588.39685,28.451584,147.99254
1223,1118937390000,1,-25.825,722.589,-22.470837,763.13165,28.94367,144.14705
1223,1118937390000,3,-15.025,382.112,-18.328135,632.5288,28.731522,151.37968
1223,1118937390000,5,-8.008,203.448,-18.206612,534.06805,28.451584,147.99254
1223,1118937391600,1,-24.303,656.22,-25.732746,698.1774,28.94367,144.14705
1223,1118937391600,3,-9.878,332.98,-16.766018,591.7614,28.731522,151.37968
1223,1118937391600,5,-7.79,177.016,-16.566097,498.4328,28.451584,147.99254
1223,1118937393000,1,-15.025,382.112,-22.80916,631.5621,28.94367,144.14705
1223,1118937393000,3,-8.008,203.448,-20.935343,557.19086,28.731522,151.37968
1223,1118937393000,5,-7.433,160.498,-14.632464,464.25354,28.451584,147.99254
1223,1118937398700,1,-9.878,332.98,-12.332829,367.93344,28.94367,144.14705
1223,1118937398700,3,-7.79,177.016,-12.991321,335.75333,28.731522,151.37967
1223,1118937398700,5,-7.513,159.317,-13.194105,333.1324,28.451584,147.99254
1223,1118937399800,1,-8.008,203.448,-12.6089325,302.45844,28.94367,144.14705
1223,1118937399800,3,-7.433,160.498,-8.14167,277.3516,28.731522,151.37967
1223,1118937399800,5,-7.605,158.025,-7.942889,288.3233,28.451584,147.99254
1223,1118937404000,1,-7.79,177.016,-2.711042,203.80144,28.943659,144.14702
1223,1118937404000,3,-7.513,159.317,21.176212,222.19115,28.731522,151.37967
1223,1118937404000,5,-7.639,157.526,18.895744,301.64676,28.451584,147.99254
1223,1118937405600,1,-7.433,160.498,6.6806083,182.01367,28.943636,144.14691
1223,1118937405600,3,-7.605,158.025,20.441547,249.71413,28.73152,151.37967
1223,1118937405600,5,-7.639,157.526,16.390528,317.24332,28.451582,147.99252
1223,1118937407700,1,-7.513,159.317,6.791853,182.01367,28.94359,144.14673
1223,1118937407700,3,-7.639,157.526,20.37456,245.3609,28.73152,151.37968
1223,1118937407700,5,-7.639,157.526,20.613344,273.7151,28.45158,147.99251
1223,1118937408000,1,-7.605,158.025,6.545718,183.77724,28.94358,144.14668
1223,1118937408000,3,-7.639,157.526,14.647433,233.91675,28.73152,151.37968
1223,1118937408000,5,-7.639,157.526,13.702996,302.05136,28.451582,147.99251
1223,1118937408600,1,-7.639,157.526,6.545718,183.77724,28.943567,144.14664
1223,1118937408600,3,-7.639,157.526,14.995183,262.989,28.73152,151.37967
1223,1118937408600,5,-7.639,157.526,10.485701,300.95447,28.451582,147.99251
1223,1118937412000,1,-7.639,157.526,6.626168,183.77724,28.943552,144.14656
1223,1118937412000,3,-7.639,157.526,15.153873,283.71356,28.731516,151.37964
1223,1118937412000,5,-7.639,157.526,9.227168,308.3205,28.451574,147.9925
1223,1118937417300,1,-7.639,157.526,6.6373243,186.47913,28.94355,144.14658
1223,1118937417300,3,-7.639,157.526,15.183988,292.73685,28.731516,151.37964
1223,1118937417300,5,-7.639,157.526,9.762966,312.63486,28.451576,147.99248
1223,1118937422600,1,-7.639,157.526,6.6373243,201.88278,28.94355,144.14658
1223,1118937422600,3,-7.639,157.526,15.277682,290.66516,28.731514,151.37962
1223,1118937422600,5,-7.639,157.526,9.78003,278.21606,28.451576,147.99248
1223,1118937423500,1,-7.639,157.526,6.6373243,201.88278,28.943554,144.14658
1223,1118937423500,3,-7.639,157.526,15.1697035,272.6752,28.731518,151.37967
1223,1118937423500,5,-7.639,157.526,12.997016,286.42285,28.451578,147.9925
1223,1118937426400,1,-7.639,157.526,6.6373243,201.88278,28.943556,144.14659
1223,1118937426400,3,-7.639,157.526,15.205826,246.03596,28.73152,151.37967
1223,1118937426400,5,-7.639,157.526,12.999196,281.9017,28.45158,147.99251
1223,1118937427000,1,-7.639,157.526,6.6373243,204.61438,28.943556,144.14659
1223,1118937427000,3,-7.639,157.526,15.262194,248.4287,28.73152,151.37967
1223,1118937427000,5,-7.639,157.526,12.999196,283.08514,28.45158,147.99251
1223,1118937427900,1,-7.639,157.526,6.6373243,204.61438,28.943558,144.14659
1223,1118937427900,3,-7.639,157.526,15.262194,248.4287,28.73152,151.37967
1223,1118937427900,5,-7.639,157.526,12.999196,283.08514,28.45158,147.99251
1223,1118937428200,1,-7.639,157.526,6.6373243,204.61438,28.943558,144.14659
1223,1118937428200,3,-7.639,157.526,15.467446,244.81947,28.73152,151.37967
1223,1118937428200,5,-7.637,157.56,12.999196,283.08514,28.45158,147.99251
1223,1118937428900,1,-7.639,157.526,6.6373243,204.61438,28.943558,144.14659
1223,1118937428900,3,-7.639,157.526,15.467446,244.81947,28.73152,151.37967
1223,1118937428900,5,-7.249,133.775,13.378786,283.08514,28.45158,147.99251
1223,1118937432800,1,-7.639,157.526,6.6373243,204.61438,28.943558,144.14659
1223,1118937432800,3,-7.637,157.56,15.467446,244.81947,28.73152,151.37967
1223,1118937432800,5,-7.045,86.889,13.378786,283.08514,28.45158,147.99251
1262,1118936562100,1,20.46,468.178,41.627235,494.36188,28.94367,144.14705
1262,1118936562100,3,12.287,761.659,39.847626,534.52856,28.731522,151.37968
1262,1118936562100,5,16.143,1112.948,39.148586,716.2525,28.451584,147.99254
1262,1118936563800,1,12.257,744.974,19.78566,547.39,28.94367,144.14705
1262,1118936563800,3,28.222,977.232,21.6681,536.7572,28.731522,151.37968
1262,1118936563800,5,16.986,1127.712,23.812132,563.438,28.451584,147.99254
1262,1118936570600,1,12.287,761.659,13.922469,817.5183,28.94367,144.14705
1262,1118936570600,3,16.143,1112.948,16.23074,951.8659,28.731522,151.37968
1262,1118936570600,5,39.004,1444.189,18.492115,1091.5406,28.451584,147.99254
1262,1118936570900,1,28.222,977.232,14.295614,772.2915,28.94367,144.14705
1262,1118936570900,3,16.986,1127.712,14.586352,1008.98706,28.731522,151.37968
1262,1118936570900,5,41.512,1454.028,16.521927,1131.8534,28.451584,147.99254
1262,1118936574900,1,16.143,1112.948,28.867,1069.3235,28.94367,144.14705
1262,1118936574900,3,39.004,1444.189,26.431707,1271.4452,28.731522,151.37968
1262,1118936574900,5,49.408,1530.716,29.229172,1266.7819,28.451584,147.99254
1262,1118936577600,1,16.986,1127.712,14.280377,1162.5359,28.94367,144.14705
1262,1118936577600,3,41.512,1454.028,17.700026,1352.3987,28.731522,151.37968
1262,1118936577600,5,43.297,1572.567,19.24191,1394.9169,28.451584,147.99254
1262,1118936577900,1,39.004,1444.189,18.292645,1240.567,28.94367,144.14705
1262,1118936577900,3,49.408,1530.716,20.579283,1377.868,28.731522,151.37968
1262,1118936577900,5,-16.701,1613.076,21.341469,1414.0206,28.451584,147.99254
1262,1118936585800,1,41.512,1454.028,39.774544,1507.776,28.94367,144.14705
1262,1118936585800,3,43.297,1572.567,39.562206,1557.6881,28.731522,151.37968
1262,1118936585800,5,-9.317,1412.452,39.222965,1490.8861,28.451584,147.99254
1262,1118936586000,1,49.408,1530.716,46.992687,1316.2511,28.94367,144.14705
1262,1118936586000,3,-16.701,1613.076,41.062717,1528.7668,28.731522,151.37968
1262,1118936586000,5,-12.489,1394.291,41.241047,1346.6345,28.451584,147.99254
1262,1118936587600,1,43.297,1572.567,48.231636,1343.8173,28.94367,144.14705
1262,1118936587600,3,-9.317,1412.452,51.463493,1462.2687,28.731522,151.37968
1262,1118936587600,5,-17.82,1343.154,47.66462,1294.325,28.451584,147.99254
1262,1118936588500,1,-16.701,1613.076,40.889065,1615.237,28.94367,144.14705
1262,1118936588500,3,-12.489,1394.291,41.110172,1617.4996,28.731522,151.37968
1262,1118936588500,5,-18.526,1278.538,39.209248,1392.7555,28.451584,147.99254
1262,1118937390000,1,-9.317,1412.452,-3.528784,1494.6962,28.94367,144.14705
1262,1118937390000,3,-17.82,1343.154,4.570802,1383.844,28.731522,151.37968
1262,1118937390000,5,-17.585,1264.885,3.9180455,1174.7446,28.451584,147.99254
1262,1118937393800,1,-12.489,1394.291,-1.6437129,1424.3784,28.94367,144.14705
1262,1118937393800,3,-18.526,1278.538,-1.9729767,1515.8875,28.731522,151.37968
1262,1118937393800,5,-15.872,1228.973,0.7585115,1340.3739,28.451584,147.99254
1262,1118937394200,1,-17.82,1343.154,-9.366775,1355.6879,28.94367,144.14705
1262,1118937394200,3,-17.585,1264.885,-10.636871,1397.722,28.731522,151.37968
1262,1118937394200,5,-18.037,1128.917,-9.861241,1515.8759,28.451584,147.99254
1262,1118937395200,1,-18.526,1278.538,-15.564921,1309.2983,28.94367,144.14705
1262,1118937395200,3,-15.872,1228.973,-12.703577,1375.5803,28.731522,151.37968
1262,1118937395200,5,-17.373,1074.554,-16.078564,1403.1448,28.451584,147.99254
1262,1118937396500,1,-17.585,1264.885,-12.496964,1259.3444,28.94367,144.14705
1262,1118937396500,3,-18.037,1128.917,-17.99496,1237.7317,28.731522,151.37968
1262,1118937396500,5,-7.33,954.006,-14.392706,1379.8462,28.451584,147.99254
1262,1118937396800,1,-15.872,1228.973,-13.469025,1230.0336,28.94367,144.14705
1262,1118937396800,3,-17.373,1074.554,-16.62772,1197.9559,28.731522,151.37968
1262,1118937396800,5,-9.264,904.377,-14.709546,1390.3889,28.451584,147.99254
1262,1118937397600,1,-18.037,1128.917,-12.9339695,1184.683,28.94367,144.14705
1262,1118937397600,3,-7.33,954.006,-15.957803,1132.5493,28.731522,151.37968
1262,1118937397600,5,-9.265,904.375,-14.94934,1261.9148,28.451584,147.99254
1262,1118937399900,1,-17.373,1074.554,-15.30642,1091.247,28.94367,144.14705
1262,1118937399900,3,-9.264,904.377,-8.035981,984.1549,28.731522,151.37968
1262,1118937399900,5,-9.265,904.375,-12.755657,918.7204,28.451584,147.99254
1262,1118937401100,1,-7.33,954.006,-15.57305,1046.4103,28.94367,144.14705
1262,1118937401100,3,-9.265,904.375,-16.397366,945.4906,28.731522,151.37968
1262,1118937401100,5,-9.322,904.379,-16.096636,935.8552,28.451584,147.99254
1262,1118937405300,1,-9.264,904.377,-6.295544,920.3291,28.94367,144.14705
1262,1118937405300,3,-9.265,904.375,-10.289849,799.07623,28.731522,151.37968
1262,1118937405300,5,-9.567,904.39,-15.887194,815.89294,28.451584,147.99254
1262,1118937413400,1,-9.265,904.375,-6.527467,871.0843,28.94367,144.14705
1262,1118937413400,3,-9.322,904.379,-10.32471,759.0549,28.731522,151.37968
1262,1118937413400,5,-9.764,904.401,-15.744444,794.10297,28.451584,147.99254
1262,1118937414600,1,-9.265,904.375,-6.101016,874.9285,28.94367,144.14705
1262,1118937414600,3,-9.567,904.39,-10.167984,795.69525,28.731522,151.37968
1262,1118937414600,5,-9.903,891.373,-15.04111,833.3534,28.451584,147.99254
1262,1118937415300,1,-9.322,904.379,-5.6517153,894.6592,28.94367,144.14705
1262,1118937415300,3,-9.764,904.401,-10.216695,808.63806,28.731522,151.37968
1262,1118937415300,5,-2.285,832.996,-14.246663,811.85,28.451584,147.99254
1262,1118937418200,1,-9.567,904.39,-5.6628714,897.1043,28.94367,144.14705
1262,1118937418200,3,-9.903,891.373,-9.896946,818.5168,28.731522,151.37968
1262,1118937418200,5,-0.087,810.884,-14.199809,835.60004,28.451584,147.99254
1262,1118937418700,1,-9.764,904.401,-10.023713,897.1043,28.94367,144.14705
1262,1118937418700,3,-2.285,832.996,-9.718012,813.6248,28.731522,151.37968
1262,1118937418700,5,0.547,809.364,-13.831103,848.41583,28.451584,147.99254
1262,1118937420400,1,-9.903,891.373,-9.943264,899.83594,28.94367,144.14705
1262,1118937420400,3,-0.087,810.884,-9.77438,822.9133,28.731522,151.37968
1262,1118937420400,5,1.278,812.289,-13.715087,847.26337,28.451584,147.99254
1262,1118937426200,1,-2.285,832.996,-9.943264,888.42725,28.94367,144.14705
1262,1118937426200,3,0.547,809.364,-9.577474,794.35657,28.731522,151.37968
1262,1118937426200,5,-4.958,766.472,-12.7842655,799.4985,28.451584,147.99254
1262,1118937436000,1,-0.087,810.884,-6.357679,807.0777,28.94367,144.14705
1262,1118937436000,3,1.278,812.289,-6.760354,725.8977,28.731522,151.37968
1262,1118937436000,5,-5.733,757.505,-8.13498,693.6087,28.451584,147.99254
1262,1118937437900,1,0.547,809.364,-5.013477,790.3698,28.94367,144.14705
1262,1118937437900,3,-4.958,766.472,-6.6551456,685.7966,28.731522,151.37968
1262,1118937437900,5,-6.112,755.129,-6.0070996,635.7597,28.451584,147.99254
1262,1118937438500,1,1.278,812.289,-5.013477,773.9426,28.94367,144.14705
1262,1118937438500,3,-5.733,757.505,0.7331771,689.3607,28.731522,151.37968
1262,1118937438500,5,-6.309,733.09,-2.1048942,645.889,28.451584,147.99254
1262,1118937438700,1,-4.958,766.472,0.99025106,802.8265,28.94367,144.14705
1262,1118937438700,3,-6.112,755.129,6.8325067,797.69104,28.731522,151.37968
1262,1118937438700,5,-5.002,663.103,6.5911527,744.68634,28.451584,147.99254
1262,1118937442000,1,-5.733,757.505,-2.9378285,755.88806,28.94367,144.14705
1262,1118937442000,3,-6.309,733.09,5.2601123,695.24396,28.731522,151.37968
1262,1118937442000,5,-4.98,642.35,6.073868,602.4103,28.451584,147.99254
1262,1118937442600,1,-6.112,755.129,-3.8024824,729.47205,28.94367,144.14705
1262,1118937442600,3,-5.002,663.103,-0.33879343,639.6195,28.731522,151.37968
1262,1118937442600,5,-4.873,633.239,1.7295526,595.17303,28.451584,147.99254
1262,1118937442800,1,-6.309,733.09,-3.6536834,716.7741,28.94367,144.14705
1262,1118937442800,3,-4.98,642.35,-6.547817,630.7105,28.731522,151.37968
1262,1118937442800,5,-4.414,497.319,-6.653647,567.1123,28.451584,147.99254
1262,1118937445900,1,-5.002,663.103,-4.7426,722.1611,28.94367,144.14705
1262,1118937445900,3,-4.873,633.239,-5.7222238,651.36206,28.731522,151.37968
1262,1118937445900,5,-4.296,494.408,-6.0959635,582.85614,28.451584,147.99254
1262,1118937450700,1,-4.98,642.35,-4.6710844,639.36884,28.94367,144.14705
1262,1118937450700,3,-4.414,497.319,-7.572844,587.5579,28.731522,151.37968
1262,1118937450700,5,18.419,421.588,-6.049151,557.1497,28.451584,147.99254
1262,1118937451100,1,-4.873,633.239,-4.7314434,634.53815,28.94367,144.14705
1262,1118937451100,3,-4.296,494.408,-7.600037,621.2401,28.731522,151.37968
1262,1118937451100,5,30.64,412.468,-3.1386685,557.0779,28.451584,147.99254
1262,1118937451400,1,-4.414,497.319,-3.768019,599.53143,28.94367,144.14705
1262,1118937451400,3,18.419,421.588,-6.316492,558.4945,28.731522,151.37968
1262,1118937451400,5,65.783,402.903,-6.739466,574.44006,28.451584,147.99254
1282,1118936587100,1,-29.564,1282.247,-5.1126676,1635.6293,28.94367,144.14705
1282,1118936587100,3,-30.657,1130.483,-0.18935806,1630.8645,28.731522,151.37968
1282,1118936587100,5,-17.241,1003.751,3.0905187,1236.4552,28.451584,147.99254
1282,1118936592500,1,-27.074,1259.957,-20.932076,1376.7933,28.94367,144.14705
1282,1118936592500,3,-30.886,1125.849,-11.1232195,1373.457,28.731522,151.37968
1282,1118936592500,5,-15.804,943.296,-2.273503,1332.0486,28.451584,147.99254
1282,1118936593000,1,-30.657,1130.483,-23.179953,1194.4834,28.94367,144.14705
1282,1118936593000,3,-17.241,1003.751,-18.569044,1278.3552,28.731522,151.37968
1282,1118936593000,5,-17.412,930.231,-17.608562,1361.9498,28.451584,147.99254
1282,1118936595700,1,-30.886,1125.849,-24.198437,1048.0005,28.94367,144.14705
1282,1118936595700,3,-15.804,943.296,-18.539467,1167.6031,28.731522,151.37968
1282,1118936595700,5,-21.638,896.91,-3.5472457,1147.1797,28.451584,147.99254
1282,1118936595800,1,-17.241,1003.751,-24.29874,1061.3517,28.94367,144.14705
1282,1118936595800,3,-17.412,930.231,-18.171434,1018.6676,28.731522,151.37968
1282,1118936595800,5,-35.342,609.922,-21.94874,1099.511,28.451584,147.99254
1282,1118936598100,1,-15.804,943.296,-12.45236,952.6066,28.94367,144.14705
1282,1118936598100,3,-21.638,896.91,-17.742954,943.2358,28.731522,151.37968
1282,1118936598100,5,-34.706,546.823,-21.99258,955.07355,28.451584,147.99254
1282,1118936599300,1,-17.412,930.231,-9.351394,910.2076,28.94367,144.14705
1282,1118936599300,3,-35.342,609.922,-14.552557,838.96643,28.731522,151.37968
1282,1118936599300,5,-34.68,523.017,-11.046267,853.18567,28.451584,147.99254
1282,1118936599600,1,-21.638,896.91,-10.814458,896.08124,28.94367,144.14705
1282,1118936599600,3,-34.706,546.823,-15.770996,758.4495,28.731522,151.37968
1282,1118936599600,5,-34.426,492.35,-8.533088,800.22437,28.451584,147.99254
1282,1118936600300,1,-35.342,609.922,-23.254982,851.6609,28.94367,144.14705
1282,1118936600300,3,-34.68,523.017,-20.179453,697.6033,28.731522,151.37968
1282,1118936600300,5,-34.426,492.359,-19.478598,716.52515,28.451584,147.99254
1282,1118936608100,1,-34.706,546.823,3.1664524,472.93088,28.94367,144.14705
1282,1118936608100,3,-34.426,492.35,9.967389,485.21948,28.731522,151.37968
1282,1118936608100,5,-34.426,492.357,-13.093937,492.80313,28.451584,147.99254
1282,1118936611300,1,-34.68,523.017,5.066727,428.5931,28.94367,144.14705
1282,1118936611300,3,-34.426,492.359,5.6211295,460.31088,28.731522,151.37968
1282,1118936611300,5,-34.426,492.357,-10.675128,480.99454,28.451584,147.99254
1282,1118936613000,1,-34.426,492.35,3.644596,385.9874,28.94367,144.14705
1282,1118936613000,3,-34.426,492.357,-1.7279755,441.07108,28.731522,151.37968
1282,1118936613000,5,-34.426,492.357,-4.391501,464.51193,28.451584,147.99254
1282,1118936617700,1,-34.426,492.359,1.7755057,343.70074,28.94367,144.14705
1282,1118936617700,3,-34.426,492.357,0.21113221,422.91895,28.731522,151.37968
1282,1118936617700,5,-34.426,492.357,-4.266188,481.0024,28.451584,147.99254
1282,1118936618600,1,-34.426,492.357,1.7755057,344.95386,28.94367,144.14705
1282,1118936618600,3,-34.426,492.357,-1.1877813,449.65057,28.731522,151.37968
1282,1118936618600,5,-34.426,492.357,-5.326422,500.17325,28.451584,147.99254
1282,1118936621000,1,-34.426,492.357,3.3461058,368.33722,28.94367,144.14705
1282,1118936621000,3,-34.426,492.357,-0.40455005,465.90063,28.731522,151.37968
1282,1118936621000,5,-34.426,492.357,-2.060211,511.3066,28.451584,147.99254
1282,1118936621700,1,-34.426,492.357,3.3461058,354.65674,28.94367,144.14705
1282,1118936621700,3,-34.426,492.357,5.7028723,467.26093,28.731522,151.37968
1282,1118936621700,5,-34.426,492.357,4.0026355,522.96454,28.451584,147.99254
1282,1118936623000,1,-34.426,492.357,4.9124317,343.72012,28.943666,144.14705
1282,1118936623000,3,-34.426,492.357,7.421013,469.58575,28.73152,151.37968
1282,1118936623000,5,-34.425,492.381,14.293287,467.43182,28.451584,147.99254
1282,1118936624100,1,-34.426,492.357,4.9124317,346.45172,28.943666,144.14705
1282,1118936624100,3,-34.426,492.357,9.05435,467.58197,28.731522,151.37968
1282,1118936624100,5,-34.438,489.364,19.997355,483.3145,28.451584,147.99254
1282,1118936625000,1,-34.426,492.357,4.9124317,346.45172,28.943666,144.14705
1282,1118936625000,3,-34.425,492.381,16.064568,469.58575,28.731522,151.37968
1282,1118936625000,5,-34.438,489.162,28.999235,487.83566,28.451584,147.99254
1282,1118936625400,1,-34.426,492.357,5.190582,346.45172,28.943665,144.14702
1282,1118936625400,3,-34.438,489.364,16.269821,471.9785,28.731522,151.37968
1282,1118936625400,5,-30.614,425.683,28.640503,487.83566,28.451584,147.99254
1282,1118936630100,1,-34.425,492.381,5.190582,346.45172,28.94366,144.147
1282,1118936630100,3,-34.438,489.162,16.269821,471.9785,28.731522,151.37968
1282,1118936630100,5,-23.57,366.264,28.853548,484.49796,28.451584,147.99254
1282,1118936633300,1,-34.438,489.364,5.190582,346.45172,28.94366,144.147
1282,1118936633300,3,-30.614,425.683,16.269821,471.9785,28.731522,151.37968
1282,1118936633300,5,-21.73,350.257,28.853548,484.49796,28.451584,147.99254
1282,1118936635600,1,-34.438,489.162,5.1794257,346.45172,28.94366,144.147
1282,1118936635600,3,-23.57,366.264,16.239706,471.9785,28.731522,151.37968
1282,1118936635600,5,-21.089,345.737,29.35335,484.49796,28.451584,147.99254
1282,1118936635700,1,-30.614,425.683,5.190582,325.77023,28.94366,144.147
1282,1118936635700,3,-21.73,350.257,16.269821,437.9714,28.731522,151.37968
1282,1118936635700,5,-21.085,337.553,29.67005,447.7532,28.451584,147.99254
1282,1118936640300,1,-23.57,366.264,-13.286495,408.34592,28.94366,144.147
1282,1118936640300,3,-21.089,345.737,0.9449561,377.21017,28.731522,151.37968
1282,1118936640300,5,-21.136,334.509,16.373217,354.98804,28.451584,147.99254
1282,1118936642700,1,-21.73,350.257,-21.15574,337.88345,28.943659,144.147
1282,1118936642700,3,-21.085,337.553,-6.954832,318.8328,28.731522,151.37968
1282,1118936642700,5,-19.804,181.469,7.827316,291.01505,28.451584,147.99254
1282,1118936643300,1,-21.089,345.737,-21.15574,335.15186,28.943659,144.147
1282,1118936643300,3,-21.136,334.509,-6.929203,316.44006,28.731522,151.37968
1282,1118936643300,5,-18.637,111.616,10.739732,306.9092,28.451584,147.99254
1282,1118936643500,1,-21.085,337.553,-21.364098,325.2433,28.943659,144.147
1282,1118936643500,3,-19.804,181.469,-6.4844007,316.44006,28.731522,151.37968
1282,1118936643500,5,22.456,56.848,6.028039,286.79507,28.451584,147.99254
1282,1118936643800,1,-21.136,334.509,-22.123768,304.08875,28.943659,144.147
1282,1118936643800,3,-18.637,111.616,-6.8010817,276.15488,28.731522,151.37967
1282,1118936643800,5,16.926,67.409,3.4649365,263.11536,28.451584,147.99254
1282,1118936643900,1,-19.804,181.469,-22.215374,302.4405,28.943659,144.147
1282,1118936643900,3,22.456,56.848,-7.1662292,268.60355,28.731522,151.37967
1282,1118936643900,5,18.463,164.5,-8.957361,262.9279,28.451584,147.99254
1282,1118936648700,1,-18.637,111.616,-9.424862,189.47206,28.94323,144.14522
1282,1118936648700,3,16.926,67.409,14.388844,184.48567,28.731422,151.37846
1282,1118936648700,5,19.372,178.246,9.292389,277.1622,28.451561,147.99237
1282,1118936651000,1,22.456,56.848,10.80169,137.0676,28.92903,144.08536
1282,1118936651000,3,18.463,164.5,13.811351,180.8234,28.730099,151.36296
1282,1118936651000,5,20.687,207.503,17.01287,300.5665,28.451185,147.98979
1282,1118937407600,1,16.926,67.409,20.842974,132.24289,28.944914,144.139
1282,1118937407600,3,19.372,178.246,27.063547,265.0996,28.731493,151.37955
1282,1118937407600,5,20.641,233.602,26.27218,323.34155,28.451561,147.99243
1282,1118937408200,1,18.463,164.5,14.014483,138.23804,28.94426,144.14233
1282,1118937408200,3,20.687,207.503,20.127253,311.00684,28.73148,151.37944
1282,1118937408200,5,20.091,251.412,19.121708,396.39636,28.45156,147.9923
1282,1118937411500,1,19.372,178.246,20.158674,223.9432,28.943642,144.14696
1282,1118937411500,3,20.641,233.602,21.04949,360.1202,28.731518,151.37967
1282,1118937411500,5,19.179,281.098,17.298172,507.39392,28.45158,147.99252
1282,1118937411900,1,20.687,207.503,24.064886,242.58496,28.943617,144.14685
1282,1118937411900,3,20.091,251.412,19.682867,444.22372,28.731516,151.37965
1282,1118937411900,5,19.219,281.198,16.417913,548.58344,28.451574,147.9925
1282,1118937412800,1,20.641,233.602,23.447525,255.22821,28.943506,144.14648
1282,1118937412800,3,19.179,281.098,21.130657,425.47253,28.7315,151.37958
1282,1118937412800,5,19.245,281.263,20.75951,584.3252,28.451546,147.99239
1282,1118937413800,1,20.091,251.412,20.145102,278.63144,28.943604,144.1468
1282,1118937413800,3,19.219,281.198,20.880718,387.64026,28.731468,151.37941
1282,1118937413800,5,19.259,281.298,21.213057,510.9419,28.451534,147.99228
1282,1118937414700,1,19.179,281.098,20.502789,290.23157,28.943655,144.147
1282,1118937414700,3,19.245,281.263,20.711542,362.11206,28.731508,151.3796
1282,1118937414700,5,19.285,281.364,18.924686,452.95447,28.45157,147.99246
1282,1118937421600,1,19.219,281.198,19.33795,332.30048,28.943668,144.14705
1282,1118937421600,3,19.259,281.298,19.61222,398.51593,28.731522,151.37968
1282,1118937421600,5,19.338,281.495,18.476372,420.74942,28.451584,147.99254
1282,1118937424500,1,19.245,281.263,19.233175,335.20273,28.943668,144.14705
1282,1118937424500,3,19.285,281.364,18.587654,394.37418,28.73152,151.37968
1282,1118937424500,5,19.339,281.498,18.300879,413.22632,28.451582,147.99254
1282,1118937426400,1,19.259,281.298,19.233175,335.20273,28.94367,144.14705
1282,1118937426400,3,19.338,281.495,18.814383,390.50687,28.731522,151.37968
1282,1118937426400,5,19.34,281.502,19.489334,403.3797,28.451584,147.99254
1282,1118937427400,1,19.285,281.364,19.217054,331.5468,28.94367,144.14705
1282,1118937427400,3,19.339,281.498,18.976171,379.308,28.731522,151.37968
1282,1118937427400,5,19.365,281.564,19.60535,400.8239,28.451584,147.99254
1282,1118937429300,1,19.338,281.495,19.217054,331.0239,28.94367,144.14705
1282,1118937429300,3,19.34,281.502,19.012293,372.60635,28.731522,151.37968
1282,1118937429300,5,19.401,281.657,19.60753,396.70306,28.451584,147.99254
1282,1118937433100,1,19.339,281.498,19.217054,331.0239,28.94367,144.14705
1282,1118937433100,3,19.365,281.564,19.06866,375.5739,28.731522,151.37968
1282,1118937433100,5,19.398,281.656,19.60753,399.15204,28.451584,147.99254
1282,1118937433200,1,19.34,281.502,19.217054,331.0239,28.94367,144.14705
1282,1118937433200,3,19.401,281.657,19.06866,375.5739,28.731522,151.37968
1282,1118937433200,5,19.398,281.656,19.60753,400.45865,28.451584,147.99254
1282,1118937433300,1,19.365,281.564,19.29801,331.0239,28.94367,144.14705
1282,1118937433300,3,19.398,281.656,19.06866,375.5739,28.731522,151.37968
1282,1118937433300,5,19.398,281.656,19.60753,401.65778,28.451584,147.99254
1282,1118937435100,1,19.401,281.657,19.217054,331.0239,28.94367,144.14705
1282,1118937435100,3,19.398,281.656,19.06866,375.5739,28.731522,151.37968
1282,1118937435100,5,19.398,281.656,19.60753,404.99545,28.451584,147.99254
1282,1118937438100,1,19.398,281.656,19.217054,331.0239,28.94367,144.14705
1282,1118937438100,3,19.398,281.656,19.06866,375.5739,28.731522,151.37968
1282,1118937438100,5,19.398,281.656,19.60753,404.99545,28.451584,147.99254
1282,1118937439200,1,19.398,281.656,22.311668,331.0239,28.94367,144.14705
1282,1118937439200,3,19.398,281.656,19.09531,375.5739,28.731522,151.37968
1282,1118937439200,5,19.398,281.656,19.60753,404.99545,28.451584,147.99254
1282,1118937443200,1,19.398,281.656,19.29801,330.5659,28.94367,144.14705
1282,1118937443200,3,19.398,281.656,19.125423,371.31467,28.731522,151.37968
1282,1118937443200,5,19.398,281.656,19.60753,389.9987,28.451584,147.99254
1282,1118937444100,1,19.398,281.656,19.29801,331.0239,28.94367,144.14705
1282,1118937444100,3,19.398,281.656,19.125423,375.5739,28.731522,151.37968
1282,1118937444100,5,19.398,281.656,19.60753,387.92935,28.451584,147.99254
1282,1118937447300,1,19.398,281.656,19.29801,331.0239,28.94367,144.14705
1282,1118937447300,3,19.398,281.656,19.125423,371.1774,28.731522,151.37968
1282,1118937447300,5,19.398,281.656,19.60753,404.99545,28.451584,147.99254
1282,1118937450500,1,19.398,281.656,19.29801,331.0239,28.94367,144.14705
1282,1118937450500,3,19.398,281.656,19.125423,373.18118,28.731522,151.37968
1282,1118937450500,5,19.398,281.656,19.60753,404.99545,28.451584,147.99254
1282,1118937452700,1,19.398,281.656,19.29801,331.0239,28.94367,144.14705
1282,1118937452700,3,19.398,281.656,19.125423,375.5739,28.731522,151.37968
1282,1118937452700,5,19.398,281.656,19.60753,404.99545,28.451584,147.99254
1282,1118937454700,1,19.398,281.656,19.29801,331.0239,28.94367,144.14705
1282,1118937454700,3,19.398,281.656,19.125423,375.5739,28.731522,151.37968
1282,1118937454700,5,19.398,281.656,19.60753,404.99545,28.451584,147.99254
1282,1118937455300,1,19.398,281.656,19.29801,331.0239,28.94367,144.14705
1282,1118937455300,3,19.398,281.656,19.125423,375.5739,28.731522,151.37968
1282,1118937455300,5,19.398,281.656,19.60753,401.65778,28.451584,147.99254
1282,1118937458000,1,19.398,281.656,19.29801,331.0239,28.94367,144.14705
1282,1118937458000,3,19.398,281.656,19.125423,375.5739,28.731522,151.37968
1282,1118937458000,5,19.398,281.656,19.60753,401.65778,28.451584,147.99254
1282,1118937462000,1,19.398,281.656,19.29801,331.0239,28.94367,144.14705
1282,1118937462000,3,19.398,281.656,19.125423,375.5739,28.731522,151.37968
1282,1118937462000,5,19.398,281.656,19.60753,401.65778,28.451584,147.99254
1282,1118937463800,1,19.398,281.656,19.29801,331.0239,28.94367,144.14705
1282,1118937463800,3,19.398,281.656,19.125423,375.5739,28.731522,151.37968
1282,1118937463800,5,19.446,284.56,19.60753,401.65778,28.451584,147.99254
1282,1118937465100,1,19.398,281.656,19.29801,331.0239,28.94367,144.14705
1282,1118937465100,3,19.398,281.656,19.125423,375.5739,28.731522,151.37968
1282,1118937465100,5,19.571,294.825,19.60753,401.65778,28.451584,147.99254
1282,1118937466800,1,19.398,281.656,19.29801,331.0239,28.94367,144.14705
1282,1118937466800,3,19.446,284.56,19.125423,375.5739,28.731522,151.37968
1282,1118937466800,5,19.445,347.733,19.60753,401.65778,28.451584,147.99254
1282,1118937467400,1,19.398,281.656,19.29801,331.0239,28.94367,144.14705
1282,1118937467400,3,19.571,294.825,19.125423,375.5739,28.731522,151.37968
1282,1118937467400,5,14.686,382.874,19.60753,401.65778,28.451584,147.99254
1282,1118937468000,1,19.446,284.56,19.29801,331.0239,28.94367,144.14705
1282,1118937468000,3,19.445,347.733,19.125423,375.5739,28.731522,151.37968
1282,1118937468000,5,7.431,437.94,19.60753,401.65778,28.451584,147.99254
1282,1118937469100,1,19.571,294.825,19.29801,331.0239,28.94367,144.14705
1282,1118937469100,3,14.686,382.874,19.183884,375.5739,28.731522,151.37968
1282,1118937469100,5,4.607,508.716,19.24375,401.65778,28.451584,147.99254
1282,1118937470600,1,19.445,347.733,19.277414,331.0239,28.94367,144.14705
1282,1118937470600,3,7.431,437.94,19.183884,375.5739,28.731522,151.37968
1282,1118937470600,5,4.374,567.666,19.375628,401.65778,28.451584,147.99254
1282,1118937473200,1,14.686,382.874,19.222017,393.32895,28.94367,144.14705
1282,1118937473200,3,4.607,508.716,19.153769,477.9354,28.731522,151.37968
1282,1118937473200,5,4.744,591.344,19.375628,570.16254,28.451584,147.99254
1282,1118937474500,1,7.431,437.94,13.729317,428.16867,28.94367,144.14705
1282,1118937474500,3,4.374,567.666,15.21835,513.95746,28.731522,151.37968
1282,1118937474500,5,3.691,742.385,17.05499,627.6064,28.451584,147.99254
1282,1118937476100,1,4.607,508.716,7.462315,506.85925,28.94367,144.14705
1282,1118937476100,3,4.744,591.344,7.568795,599.9792,28.731522,151.37968
1282,1118937476100,5,8.062,814.569,8.034617,730.2322,28.451584,147.99254
1282,1118937477900,1,4.374,567.666,5.62928,577.6036,28.94367,144.14705
1282,1118937477900,3,3.691,742.385,5.9448686,674.94305,28.731522,151.37968
1282,1118937477900,5,18.771,950.4,7.136583,830.141,28.451584,147.99254
1282,1118937479200,1,4.744,591.344,5.7412453,635.3237,28.94367,144.14705
1282,1118937479200,3,8.062,814.569,6.8242545,775.6631,28.731522,151.37968
1282,1118937479200,5,6.11,1097.421,8.824044,907.04456,28.451584,147.99254
1282,1118937479700,1,3.691,742.385,5.820558,661.9493,28.94367,144.14705
1282,1118937479700,3,18.771,950.4,7.282047,816.9374,28.731522,151.37968
1282,1118937479700,5,7.409,1118.353,8.076971,949.9132,28.451584,147.99254
1282,1118937482700,1,8.062,814.569,5.431056,819.4768,28.94367,144.14705
1282,1118937482700,3,6.11,1097.421,7.471652,963.9456,28.731522,151.37968
1282,1118937482700,5,10.214,1250.419,9.182306,1082.8734,28.451584,147.99254
1282,1118937484200,1,18.771,950.4,8.4164715,896.3245,28.94367,144.14705
1282,1118937484200,3,7.409,1118.353,9.271212,1031.998,28.731522,151.37968
1282,1118937484200,5,18.895,1416.139,10.318784,1186.5936,28.451584,147.99254
1283,1118936591100,1,-47.761,1276.849,24.833647,881.0274,28.94367,144.14705
1283,1118936591100,3,-46.17,1258.799,21.74204,1108.0742,28.731522,151.37968
1283,1118936591100,5,-90.945,1057.853,16.64193,1173.5112,28.451584,147.99254
1283,1118936593400,1,-47.382,1272.341,11.116865,802.5466,28.94367,144.14705
1283,1118936593400,3,-48.081,1153.234,7.101506,1035.6711,28.731522,151.37968
1283,1118936593400,5,28.487,1106.581,9.052599,1095.3179,28.451584,147.99254
1283,1118936593500,1,-46.17,1258.799,14.772233,678.7922,28.94367,144.14705
1283,1118936593500,3,-90.945,1057.853,5.3603597,990.67816,28.731522,151.37968
1283,1118936593500,5,29.695,1154.999,1.652397,1045.0365,28.451584,147.99254
1283,1118936593800,1,-48.081,1153.234,7.723768,655.8429,28.94367,144.14705
1283,1118936593800,3,28.487,1106.581,2.6773217,1013.29065,28.731522,151.37968
1283,1118936593800,5,30.911,1193.973,8.104833,1169.1282,28.451584,147.99254
1283,1118936596500,1,-90.945,1057.853,6.0913315,382.1175,28.94367,144.14705
1283,1118936596500,3,29.695,1154.999,2.8665068,803.51044,28.731522,151.37968
1283,1118936596500,5,31.43,1212.838,14.908877,998.71954,28.451584,147.99254
1283,1118936600600,1,28.487,1106.581,4.4848375,330.86493,28.933968,144.10599
1283,1118936600600,3,30.911,1193.973,2.3429432,553.6515,28.731522,151.37968
1283,1118936600600,5,31.956,1228.06,10.23317,864.18195,28.451584,147.99254
1283,1118937407000,1,29.695,1154.999,27.339909,1060.7026,28.941515,144.13794
1283,1118937407000,3,31.43,1212.838,35.072525,1060.3507,28.731522,151.37968
1283,1118937407000,5,31.633,1268.162,26.891874,1111.5127,28.451584,147.99254
1283,1118937409500,1,30.911,1193.973,29.342888,1163.3344,28.943192,144.14503
1283,1118937409500,3,31.956,1228.06,36.453907,1167.0535,28.731522,151.37968
1283,1118937409500,5,31.337,1272.828,30.801043,1095.285,28.451584,147.99254
1283,1118937410900,1,31.43,1212.838,30.21405,1223.4562,28.943562,144.1466
1283,1118937410900,3,31.633,1268.162,33.568638,1313.5067,28.731522,151.37968
1283,1118937410900,5,30.268,1286.041,31.66679,1229.5751,28.451584,147.99254
1283,1118937411600,1,31.956,1228.06,30.688622,1246.2535,28.943644,144.14696
1283,1118937411600,3,31.337,1272.828,35.51845,1320.8994,28.731522,151.37968
1283,1118937411600,5,33.056,1322.712,31.851046,1296.1536,28.451584,147.99254
1283,1118937412000,1,31.633,1268.162,31.465994,1299.1454,28.943663,144.14703
1283,1118937412000,3,30.268,1286.041,36.3455,1409.99,28.731522,151.37968
1283,1118937412000,5,33.126,1369.32,26.587124,1353.3218,28.451584,147.99254
1283,1118937413300,1,31.337,1272.828,30.99205,1316.3947,28.943666,144.14705
1283,1118937413300,3,33.056,1322.712,36.173622,1434.3741,28.731522,151.37968
1283,1118937413300,5,37.25,1393.964,27.024952,1334.2949,28.451584,147.99254
1283,1118937413500,1,30.268,1286.041,30.939888,1312.9606,28.943657,144.14699
1283,1118937413500,3,33.126,1369.32,28.351347,1386.3328,28.731518,151.37968
1283,1118937413500,5,37.352,1394.494,27.928806,1386.4226,28.451584,147.99254
1283,1118937414000,1,33.056,1322.712,29.84869,1315.479,28.94367,144.14705
1283,1118937414000,3,37.25,1393.964,29.47615,1433.6023,28.731522,151.37968
1283,1118937414000,5,37.494,1395.597,29.735056,1488.337,28.451584,147.99254
1283,1118937415600,1,33.126,1369.32,31.669971,1356.0531,28.94367,144.14705
1283,1118937415600,3,37.352,1394.494,30.621115,1450.0669,28.731522,151.37968
1283,1118937415600,5,37.493,1395.6,30.391743,1496.0079,28.451584,147.99254
1283,1118937418300,1,37.25,1393.964,31.170708,1404.8547,28.94367,144.14705
1283,1118937418300,3,37.494,1395.597,30.38923,1498.4031,28.731522,151.37968
1283,1118937418300,5,37.469,1395.657,30.229492,1515.366,28.451584,147.99254
1283,1118937422100,1,37.352,1394.494,36.669456,1407.0914,28.94367,144.14705
1283,1118937422100,3,37.493,1395.6,34.978592,1524.4536,28.731522,151.37968
1283,1118937422100,5,37.433,1395.742,35.46031,1475.2705,28.451584,147.99254
1283,1118937423500,1,37.494,1395.597,36.190212,1402.7471,28.94367,144.14705
1283,1118937423500,3,37.469,1395.657,34.705593,1517.4565,28.731522,151.37968
1283,1118937423500,5,37.413,1395.789,35.369686,1496.4459,28.451584,147.99254
1283,1118937430400,1,37.493,1395.6,36.190212,1407.0914,28.94367,144.14705
1283,1118937430400,3,37.433,1395.742,34.632893,1507.7007,28.731522,151.37968
1283,1118937430400,5,37.405,1395.808,35.0984,1495.9705,28.451584,147.99254
1283,1118937430500,1,37.469,1395.657,36.162937,1399.6016,28.94367,144.14705
1283,1118937430500,3,37.413,1395.789,34.60278,1490.5724,28.731522,151.37968
1283,1118937430500,5,37.39,1395.846,35.107044,1467.0433,28.451584,147.99254
1283,1118937432600,1,37.433,1395.742,36.132645,1399.0786,28.94367,144.14705
1283,1118937432600,3,37.405,1395.808,34.49195,1482.7833,28.731522,151.37968
1283,1118937432600,5,37.373,1395.885,35.174065,1465.1012,28.451584,147.99254
1283,1118937435700,1,37.413,1395.789,36.132645,1399.0786,28.94367,144.14705
1283,1118937435700,3,37.39,1395.846,34.54641,1479.8158,28.731522,151.37968
1283,1118937435700,5,37.372,1395.888,35.14359,1462.652,28.451584,147.99254
1283,1118937437400,1,37.405,1395.808,36.132645,1399.0786,28.94367,144.14705
1283,1118937437400,3,37.373,1395.885,34.566654,1480.9823,28.731522,151.37968
1283,1118937437400,5,37.36,1395.915,35.13461,1463.0164,28.451584,147.99254
1283,1118937438100,1,37.39,1395.846,36.132645,1399.0786,28.94367,144.14705
1283,1118937438100,3,37.372,1395.888,34.51029,1478.0148,28.731522,151.37968
1283,1118937438100,5,37.349,1395.942,35.22088,1435.6375,28.451584,147.99254
1283,1118937439500,1,37.373,1395.885,36.132645,1399.0786,28.94367,144.14705
1283,1118937439500,3,37.36,1395.915,34.54641,1480.9823,28.731522,151.37968
1283,1118937439500,5,37.458,1397.067,35.22306,1440.1587,28.451584,147.99254
1283,1118937440900,1,37.372,1395.888,36.132645,1399.0786,28.94367,144.14705
1283,1118937440900,3,37.349,1395.942,34.60278,1480.9823,28.731522,151.37968
1283,1118937440900,5,37.524,1397.67,35.22306,1440.1587,28.451584,147.99254
1283,1118937441000,1,37.36,1395.915,36.132645,1399.0786,28.94367,144.14705
1283,1118937441000,3,37.458,1397.067,34.60278,1480.9823,28.731522,151.37968
1283,1118937441000,5,37.531,1397.725,35.22306,1436.8209,28.451584,147.99254
1283,1118937442000,1,37.349,1395.942,36.132645,1399.0786,28.94367,144.14705
1283,1118937442000,3,37.524,1397.67,34.60278,1480.9823,28.731522,151.37968
1283,1118937442000,5,49.971,1489.355,35.22306,1436.8209,28.451584,147.99254
1283,1118937443000,1,37.458,1397.067,36.132645,1399.0786,28.94367,144.14705
1283,1118937443000,3,37.531,1397.725,34.60278,1480.9823,28.731522,151.37968
1283,1118937443000,5,50.537,1495.476,35.22306,1436.8209,28.451584,147.99254
1315,1118936623400,1,39.268,266.689,39.478542,256.6601,28.94367,144.14705
1315,1118936623400,3,39.267,266.649,39.619976,307.67853,28.731522,151.37968
1315,1118936623400,5,39.267,266.649,38.94463,438.07397,28.451584,147.99254
1315,1118936624600,1,39.267,266.649,39.62695,304.3649,28.94367,144.14705
1315,1118936624600,3,39.267,266.649,38.751614,375.25015,28.731522,151.37968
1315,1118936624600,5,39.267,266.649,40.204304,372.32153,28.451584,147.99254
1315,1118936629300,1,39.267,266.649,39.393265,280.96783,28.94367,144.14705
1315,1118936629300,3,39.267,266.649,39.485435,346.88852,28.731522,151.37968
1315,1118936629300,5,39.267,266.649,40.00907,347.0998,28.451584,147.99254
1315,1118936632700,1,39.267,266.649,39.490337,282.99524,28.94367,144.14705
1315,1118936632700,3,39.267,266.649,39.483875,362.7265,28.731522,151.37968
1315,1118936632700,5,39.267,266.649,40.228775,352.37027,28.451584,147.99254
1315,1118936633900,1,39.267,266.649,39.513252,280.49118,28.94367,144.14705
1315,1118936633900,3,39.267,266.649,39.58301,333.26825,28.731522,151.37968
1315,1118936633900,5,39.267,266.649,40.426098,352.481,28.451584,147.99254
1315,1118936635700,1,39.267,266.649,39.474216,277.59253,28.94367,144.14705
1315,1118936635700,3,39.267,266.649,39.619015,328.64807,28.731522,151.37968
1315,1118936635700,5,39.267,266.649,39.979206,346.11444,28.451584,147.99254
1315,1118936636600,1,39.267,266.649,39.474216,279.96826,28.94367,144.14705
1315,1118936636600,3,39.267,266.649,39.587284,313.6741,28.731522,151.37968
1315,1118936636600,5,39.267,266.649,39.92257,342.55283,28.451584,147.99254
1315,1118936637500,1,39.267,266.649,39.474216,279.96826,28.94367,144.14705
1315,1118936637500,3,39.267,266.649,39.661144,323.19562,28.731522,151.37968
1315,1118936637500,5,39.267,266.649,40.478783,342.08212,28.451584,147.99254
1315,1118936642200,1,39.267,266.649,39.474216,279.96826,28.94367,144.14705
1315,1118936642200,3,39.267,266.649,39.6409,323.19562,28.731522,151.37968
1315,1118936642200,5,39.267,266.649,40.48096,345.41983,28.451584,147.99254
1315,1118936645600,1,39.267,266.649,39.474216,279.96826,28.94367,144.14705
1315,1118936645600,3,39.267,266.649,39.697266,323.19562,28.731522,151.37968
1315,1118936645600,5,39.29,267.622,40.48096,342.08212,28.451584,147.99254
1315,1118936649300,1,39.267,266.649,39.474216,279.96826,28.94367,144.14705
1315,1118936649300,3,39.267,266.649,39.697266,323.19562,28.731522,151.37968
1315,1118936649300,5,39.325,268.069,40.48096,342.08212,28.451584,147.99254
1315,1118936650500,1,39.267,266.649,39.474216,279.96826,28.94367,144.14705
1315,1118936650500,3,39.29,267.622,39.697266,323.19562,28.731522,151.37968
1315,1118936650500,5,39.302,268.096,40.48096,342.08212,28.451584,147.99254
1315,1118936655500,1,39.267,266.649,39.474216,279.96826,28.94367,144.14705
1315,1118936655500,3,39.325,268.069,39.697266,323.19562,28.731522,151.37968
1315,1118936655500,5,39.358,270.854,40.48096,342.08212,28.451584,147.99254
1315,1118936663100,1,39.29,267.622,39.474216,279.96826,28.94367,144.14705
1315,1118936663100,3,39.302,268.096,39.697266,323.19562,28.731522,151.37968
1315,1118936663100,5,39.83,330.79,40.48096,342.08212,28.451584,147.99254
1315,1118936666100,1,39.325,268.069,39.474216,279.96826,28.94367,144.14705
1315,1118936666100,3,39.358,270.854,39.697266,323.19562,28.731522,151.37968
1315,1118936666100,5,31.799,413.232,39.989624,342.08212,28.451584,147.99254
1315,1118936666400,1,39.302,268.096,39.625587,279.96826,28.94367,144.14705
1315,1118936666400,3,39.83,330.79,40.04076,323.19562,28.731522,151.37968
1315,1118936666400,5,25.623,728.318,40.164894,348.6441,28.451584,147.99254
1315,1118936667700,1,39.358,270.854,39.382107,279.96826,28.94367,144.14705
1315,1118936667700,3,31.799,413.232,39.667152,323.19562,28.731522,151.37968
1315,1118936667700,5,30.23,817.089,40.64057,348.6441,28.451584,147.99254
1315,1118936668100,1,39.83,330.79,39.72266,283.30038,28.94367,144.14705
1315,1118936668100,3,25.623,728.318,40.04076,328.8182,28.731522,151.37968
1315,1118936668100,5,36.43,877.923,40.170036,356.5103,28.451584,147.99254
1315,1118936672100,1,31.799,413.232,39.970467,347.29007,28.94367,144.14705
1315,1118936672100,3,30.23,817.089,40.358143,380.62497,28.731522,151.37968
1315,1118936672100,5,40.341,929.019,40.37371,437.25037,28.451584,147.99254
1315,1118936674900,1,25.623,728.318,29.81707,461.2637,28.94367,144.14705
1315,1118936674900,3,36.43,877.923,29.74471,548.46204,28.731522,151.37968
1315,1118936674900,5,43.015,981.454,30.05136,655.68665,28.451584,147.99254
1315,1118936683000,1,30.23,817.089,25.703966,801.4007,28.94367,144.14705
1315,1118936683000,3,40.341,929.019,25.379711,930.33514,28.731522,151.37968
1315,1118936683000,5,32.588,1057.727,25.78591,1048.635,28.451584,147.99254
1315,1118936685000,1,36.43,877.923,30.896126,889.59326,28.94367,144.14705
1315,1118936685000,3,43.015,981.454,30.394598,1020.659,28.731522,151.37968
1315,1118936685000,5,25.931,1099.579,29.821262,1154.3562,28.451584,147.99254
1315,1118936686300,1,40.341,929.019,36.39523,959.39526,28.94367,144.14705
1315,1118936686300,3,32.588,1057.727,34.453255,1106.791,28.731522,151.37968
1315,1118936686300,5,29.563,1163.356,34.41697,1219.2433,28.451584,147.99254
1315,1118936687400,1,43.015,981.454,40.975414,1008.1923,28.94367,144.14705
1315,1118936687400,3,25.931,1099.579,40.124043,1167.2947,28.731522,151.37968
1315,1118936687400,5,30.217,1172.572,39.21853,1279.4241,28.451584,147.99254
1315,1118936688500,1,32.588,1057.727,42.987732,1055.794,28.94367,144.14705
1315,1118936688500,3,29.563,1163.356,41.9142,1216.7388,28.731522,151.37968
1315,1118936688500,5,29.846,1195.267,40.31829,1307.9609,28.451584,147.99254
1315,1118936689900,1,25.931,1099.579,29.409252,1141.3466,28.94367,144.14705
1315,1118936689900,3,30.217,1172.572,29.161293,1267.4208,28.731522,151.37968
1315,1118936689900,5,31.166,1243.11,28.541374,1195.9111,28.451584,147.99254
1315,1118936690800,1,29.563,1163.356,24.014097,1181.1343,28.94367,144.14705
1315,1118936690800,3,29.846,1195.267,24.803913,1324.2328,28.731522,151.37968
1315,1118936690800,5,29.053,1314.515,24.497269,1375.7228,28.451584,147.99254
1315,1118936692200,1,30.217,1172.572,29.934244,1233.6223,28.94367,144.14705
1315,1118936692200,3,31.166,1243.11,29.124836,1361.3445,28.731522,151.37968
1315,1118936692200,5,29.67,1338.123,27.704853,1437.4946,28.451584,147.99254
1315,1118936692400,1,29.846,1195.267,30.876106,1247.3926,28.94367,144.14705
1315,1118936692400,3,29.053,1314.515,27.480438,1338.5312,28.731522,151.37968
1315,1118936692400,5,29.627,1352.136,29.540731,1394.7332,28.451584,147.99254
1315,1118936692900,1,31.166,1243.11,29.724638,1264.3789,28.94367,144.14705
1315,1118936692900,3,29.67,1338.123,27.003054,1391.4603,28.731522,151.37968
1315,1118936692900,5,29.452,1364.456,29.064592,1512.8281,28.451584,147.99254
1315,1118936694000,1,29.053,1314.515,31.587397,1313.9287,28.94367,144.14705
1315,1118936694000,3,29.627,1352.136,30.391119,1443.2545,28.731522,151.37968
1315,1118936694000,5,52.237,1503.932,30.289534,1462.5328,28.451584,147.99254
1315,1118936695600,1,29.67,1338.123,28.419807,1388.0411,28.94367,144.14705
1315,1118936695600,3,29.452,1364.456,28.074938,1508.72,28.731522,151.37968
1315,1118936695600,5,50.271,1535.589,29.589996,1487.1375,28.451584,147.99254
1315,1118936696100,1,29.627,1352.136,30.22326,1418.1173,28.94367,144.14705
1315,1118936696100,3,52.237,1503.932,30.093784,1532.6129,28.731522,151.37968
1315,1118936696100,5,23.893,168.751,28.686024,1441.4365,28.451584,147.99254
1315,1118936696400,1,29.452,1364.456,29.694946,1428.6923,28.94367,144.14705
1315,1118936696400,3,50.271,1535.589,29.729328,1533.165,28.731522,151.37968
1315,1118936696400,5,27.648,235.151,28.859842,1479.6359,28.451584,147.99254
1315,1118936696700,1,52.237,1503.932,29.214972,1440.1562,28.94367,144.14705
1315,1118936696700,3,23.893,168.751,29.437254,1542.4634,28.731522,151.37968
1315,1118936696700,5,27.648,235.151,29.56498,1465.4902,28.451584,147.99254
1315,1118936699700,1,50.271,1535.589,52.49576,1309.5763,28.94367,144.14705
1315,1118936699700,3,27.648,235.151,52.251602,1626.4939,28.731522,151.37968
1315,1118936699700,5,27.648,235.151,48.845192,1364.343,28.451584,147.99254
1315,1118936700300,1,23.893,168.751,49.531837,1602.7297,28.94367,144.14705
1315,1118936700300,3,27.648,235.151,50.208527,1602.2019,28.731522,151.37968
1315,1118936700300,5,27.648,235.151,47.119095,1290.9326,28.451584,147.99254
1315,1118937426800,1,27.648,235.151,23.642956,209.27171,28.94367,144.14705
1315,1118937426800,3,27.648,235.151,25.499193,269.51587,28.731522,151.37968
1315,1118937426800,5,27.648,235.151,25.676382,319.75623,28.451584,147.99254
1315,1118937436400,1,27.648,235.151,27.985296,243.18507,28.94367,144.14705
1315,1118937436400,3,27.648,235.151,29.011446,246.35233,28.731522,151.37968
1315,1118937436400,5,27.648,235.151,28.958786,339.43933,28.451584,147.99254
1315,1118937436600,1,27.648,235.151,27.91909,253.39133,28.94367,144.14705
1315,1118937436600,3,27.648,235.151,28.525425,290.41287,28.731522,151.37968
1315,1118937436600,5,27.648,235.151,29.018085,354.9701,28.451584,147.99254
1315,1118937439600,1,27.648,235.151,27.953608,239.83455,28.94367,144.14705
1315,1118937439600,3,27.648,235.151,28.165613,294.6559,28.731522,151.37968
1315,1118937439600,5,27.648,235.151,28.544245,425.75125,28.451584,147.99254
1315,1118937439900,1,27.648,235.151,27.923157,253.72424,28.94367,144.14705
1315,1118937439900,3,27.648,235.151,28.15434,302.961,28.731522,151.37968
1315,1118937439900,5,27.648,235.151,28.271849,359.35892,28.451584,147.99254
1315,1118937442700,1,27.648,235.151,27.923157,252.54462,28.94367,144.14705
1315,1118937442700,3,27.648,235.151,28.259905,293.73102,28.731522,151.37968
1315,1118937442700,5,27.648,235.151,28.178593,333.62567,28.451584,147.99254
1315,1118937444400,1,27.648,235.151,27.923157,252.54462,28.94367,144.14705
1315,1118937444400,3,27.648,235.151,28.275515,290.87985,28.731522,151.37968
1315,1118937444400,5,27.648,235.151,28.109388,316.86273,28.451584,147.99254
1315,1118937445400,1,27.648,235.151,27.923157,254.92033,28.94367,144.14705
1315,1118937445400,3,27.648,235.151,28.295065,304.44296,28.731522,151.37968
1315,1118937445400,5,27.648,235.151,28.315096,338.67896,28.451584,147.99254
1315,1118937448000,1,27.648,235.151,27.923157,254.92033,28.94367,144.14705
1315,1118937448000,3,27.648,235.151,28.27482,297.86618,28.731522,151.37968
1315,1118937448000,5,27.648,235.151,28.317276,340.00632,28.451584,147.99254
1315,1118937450300,1,27.648,235.151,27.923157,254.92033,28.94367,144.14705
1315,1118937450300,3,27.648,235.151,28.331188,300.83374,28.731522,151.37968
1315,1118937450300,5,27.648,235.151,28.317276,341.18976,28.451584,147.99254
1315,1118937453200,1,27.648,235.151,27.923157,254.92033,28.94367,144.14705
1315,1118937453200,3,27.648,235.151,28.331188,300.83374,28.731522,151.37968
1315,1118937453200,5,27.648,235.151,28.317276,341.18976,28.451584,147.99254
1315,1118937454100,1,27.648,235.151,27.923157,254.92033,28.94367,144.14705
1315,1118937454100,3,27.648,235.151,28.331188,300.83374,28.731522,151.37968
1315,1118937454100,5,27.648,235.151,28.317276,341.18976,28.451584,147.99254
1315,1118937455800,1,27.648,235.151,27.923157,254.92033,28.94367,144.14705
1315,1118937455800,3,27.648,235.151,28.331188,300.83374,28.731522,151.37968
1315,1118937455800,5,27.648,235.151,28.317276,341.18976,28.451584,147.99254
1315,1118937457500,1,27.648,235.151,27.923157,254.92033,28.94367,144.14705
1315,1118937457500,3,27.648,235.151,28.331188,300.83374,28.731522,151.37968
1315,1118937457500,5,27.648,235.151,28.317276,341.18976,28.451584,147.99254
1315,1118937458500,1,27.648,235.151,27.923157,254.92033,28.94367,144.14705
1315,1118937458500,3,27.648,235.151,28.331188,300.83374,28.731522,151.37968
1315,1118937458500,5,27.648,235.151,28.317276,341.18976,28.451584,147.99254
1315,1118937459400,1,27.648,235.151,27.923157,254.92033,28.94367,144.14705
1315,1118937459400,3,27.648,235.151,28.331188,300.83374,28.731522,151.37968
1315,1118937459400,5,27.648,235.151,28.317276,341.18976,28.451584,147.99254
1315,1118937462200,1,27.648,235.151,27.923157,254.92033,28.94367,144.14705
1315,1118937462200,3,27.648,235.151,28.331188,300.83374,28.731522,151.37968
1315,1118937462200,5,27.648,235.151,28.317276,341.18976,28.451584,147.99254
1315,1118937463500,1,27.648,235.151,27.923157,254.92033,28.94367,144.14705
1315,1118937463500,3,27.648,235.151,28.331188,300.83374,28.731522,151.37968
1315,1118937463500,5,27.648,235.151,28.317276,341.18976,28.451584,147.99254
1315,1118937467300,1,27.648,235.151,27.923157,254.92033,28.94367,144.14705
1315,1118937467300,3,27.648,235.151,28.331188,300.83374,28.731522,151.37968
1315,1118937467300,5,27.783,237.106,28.317276,341.18976,28.451584,147.99254
1315,1118937467400,1,27.648,235.151,27.923157,254.92033,28.94367,144.14705
1315,1118937467400,3,27.648,235.151,28.331188,300.83374,28.731522,151.37968
1315,1118937467400,5,28.575,261.158,28.317276,341.18976,28.451584,147.99254
1315,1118937467800,1,27.648,235.151,27.923157,254.92033,28.94367,144.14705
1315,1118937467800,3,27.783,237.106,28.331188,300.83374,28.731522,151.37968
1315,1118937467800,5,28.616,336.701,28.317276,341.18976,28.451584,147.99254
1315,1118937468600,1,27.648,235.151,27.923157,254.92033,28.94367,144.14705
1315,1118937468600,3,28.575,261.158,28.331188,300.83374,28.731522,151.37968
1315,1118937468600,5,28.5,340.355,28.317276,341.18976,28.451584,147.99254
1315,1118937469800,1,27.783,237.106,27.923157,254.92033,28.94367,144.14705
1315,1118937469800,3,28.616,336.701,28.331188,300.83374,28.731522,151.37968
1315,1118937469800,5,22.629,393.796,28.317276,341.18976,28.451584,147.99254
1315,1118937471900,1,28.575,261.158,27.923157,254.92033,28.94367,144.14705
1315,1118937471900,3,28.5,340.355,28.34211,300.83374,28.731522,151.37968
1315,1118937471900,5,17.13,572.194,28.086166,341.18976,28.451584,147.99254
1315,1118937473700,1,28.616,336.701,28.703846,280.86124,28.94367,144.14705
1315,1118937473700,3,22.629,393.796,28.614197,323.7838,28.731522,151.37968
1315,1118937473700,5,16.811,595.212,28.218044,348.2664,28.451584,147.99254
1315,1118937476800,1,28.5,340.355,28.659607,353.3402,28.94367,144.14705
1315,1118937476800,3,17.13,572.194,28.4088,442.70483,28.731522,151.37968
1315,1118937476800,5,16.432,618.353,28.218044,549.8012,28.451584,147.99254
1315,1118937476900,1,22.629,393.796,28.888998,388.2432,28.94367,144.14705
1315,1118937476900,3,16.811,595.212,28.906288,476.3282,28.731522,151.37968
1315,1118937476900,5,16.308,623.063,28.355968,617.87506,28.451584,147.99254
1315,1118937478400,1,17.13,572.194,22.180258,460.11108,28.94367,144.14705
1315,1118937478400,3,16.432,618.353,24.17366,555.8994,28.731522,151.37968
1315,1118937478400,5,14.658,720.116,24.811073,697.5177,28.451584,147.99254
1315,1118937482800,1,16.811,595.212,17.106571,641.5096,28.94367,144.14705
1315,1118937482800,3,16.308,623.063,19.726574,768.7102,28.731522,151.37968
1315,1118937482800,5,26.729,844.999,19.39941,883.3737,28.451584,147.99254
1315,1118937483300,1,16.432,618.353,17.16781,666.0389,28.94367,144.14705
1315,1118937483300,3,14.658,720.116,17.987015,815.0871,28.731522,151.37968
1315,1118937483300,5,38.505,1004.669,18.014566,918.9817,28.451584,147.99254
1315,1118937483800,1,16.308,623.063,16.173775,691.436,28.94367,144.14705
1315,1118937483800,3,26.729,844.999,16.575594,846.2901,28.731522,151.37968
1315,1118937483800,5,51.177,1497.754,18.66642,997.0432,28.451584,147.99254
1315,1118937483900,1,14.658,720.116,15.6003685,691.9448,28.94367,144.14705
1315,1118937483900,3,38.505,1004.669,17.68861,844.4008,28.731522,151.37968
1315,1118937483900,5,47.517,1538.505,19.720379,985.16986,28.451584,147.99254
1315,1118937485900,1,26.729,844.999,15.011368,803.9612,28.94367,144.14705
1315,1118937485900,3,51.177,1497.754,17.054573,968.3057,28.731522,151.37968
1315,1118937485900,5,40.675,1580.005,19.304365,1066.4486,28.451584,147.99254
1320,1118936622700,1,14.939,506.77,22.92857,278.14783,28.943636,144.1469
1320,1118936622700,3,29.722,1175.444,20.347713,101.94613,28.731522,151.37968
1320,1118936622700,5,28.638,1321.195,15.633593,320.8204,28.451582,147.99252
1320,1118936629300,1,16.114,665.326,8.747906,515.7975,28.943668,144.14705
1320,1118936629300,3,30.83,1191.703,6.9270816,612.7297,28.731522,151.37968
1320,1118936629300,5,28.838,1322.587,6.724404,592.7276,28.451584,147.99254
1320,1118936632800,1,29.722,1175.444,14.827851,721.2348,28.94367,144.14705
1320,1118936632800,3,28.638,1321.195,10.278605,942.7254,28.731522,151.37968
1320,1118936632800,5,28.742,1326.013,11.731933,880.46606,28.451584,147.99254
1320,1118936642500,1,30.83,1191.703,30.014786,1292.106,28.94367,144.14705
1320,1118936642500,3,28.838,1322.587,29.044054,1492.3422,28.731522,151.37968
1320,1118936642500,5,28.829,1327.304,27.136562,1394.5634,28.451584,147.99254
1320,1118936642900,1,28.638,1321.195,30.861946,1296.4541,28.94367,144.14705
1320,1118936642900,3,28.742,1326.013,30.119257,1400.8385,28.731522,151.37968
1320,1118936642900,5,27.932,1355.166,30.050657,1461.515,28.451584,147.99254
1320,1118936648800,1,28.838,1322.587,28.567999,1285.5149,28.94367,144.14705
1320,1118936648800,3,28.829,1327.304,32.245064,1484.7446,28.731522,151.37968
1320,1118936648800,5,44.263,1561.434,28.562233,1403.6544,28.451584,147.99254
1320,1118936649600,1,28.742,1326.013,28.565607,1340.2104,28.943668,144.14705
1320,1118936649600,3,27.932,1355.166,36.277958,1430.3906,28.731522,151.37968
1320,1118936649600,5,38.591,1589.254,26.768286,1387.074,28.451584,147.99254
1320,1118936661600,1,28.829,1327.304,28.725336,1335.347,28.943657,144.14697
1320,1118936661600,3,44.263,1561.434,27.632095,1404.205,28.731518,151.37967
1320,1118936661600,5,16.417,72.673,27.58369,1369.0365,28.451569,147.99248
1320,1118936662200,1,27.932,1355.166,28.719965,1345.6696,28.94367,144.14705
1320,1118936662200,3,38.591,1589.254,28.075434,1421.7362,28.731522,151.37968
1320,1118936662200,5,15.543,79.748,28.394428,1452.0253,28.451584,147.99254
1320,1118936664500,1,44.263,1561.434,28.066338,1368.017,28.94367,144.14705
1320,1118936664500,3,16.417,72.673,28.016836,1466.5802,28.731522,151.37968
1320,1118936664500,5,20.747,138.16,27.889395,1451.324,28.451584,147.99254
1320,1118936671100,1,38.591,1589.254,43.052876,1545.9987,28.94367,144.14705
1320,1118936671100,3,15.543,79.748,42.02098,1562.4413,28.731522,151.37968
1320,1118936671100,5,21.23,149.506,40.698456,1496.6544,28.451584,147.99254
1320,1118936671800,1,16.417,72.673,36.963665,1604.7816,28.94367,144.14705
1320,1118936671800,3,20.747,138.16,37.563354,1516.8885,28.731522,151.37968
1320,1118936671800,5,23.842,180.401,38.2309,1423.3239,28.451584,147.99254
1320,1118937428800,1,15.543,79.748,16.050953,143.57135,28.943798,144.14589
1320,1118937428800,3,21.23,149.506,17.140541,219.51106,28.731508,151.37962
1320,1118937428800,5,24.37,188.028,18.035213,284.60834,28.451574,147.9925
1320,1118937429300,1,20.747,138.16,15.290142,145.2896,28.943768,144.14624
1320,1118937429300,3,23.842,180.401,15.7021055,211.63948,28.731514,151.37964
1320,1118937429300,5,24.37,188.028,13.832292,248.70346,28.45158,147.9925
1320,1118937433500,1,21.23,149.506,22.344841,193.96628,28.943672,144.14703
1320,1118937433500,3,24.37,188.028,21.298784,232.15285,28.731522,151.37968
1320,1118937433500,5,24.37,188.028,22.417633,304.12982,28.451582,147.99254
1320,1118937434300,1,23.842,180.401,21.123442,202.47354,28.943672,144.14705
1320,1118937434300,3,24.37,188.028,21.333284,257.77744,28.731522,151.37968
1320,1118937434300,5,24.37,188.028,22.350609,353.8498,28.451582,147.99254
1320,1118937437300,1,24.37,188.028,23.68012,220.12451,28.94367,144.14705
1320,1118937437300,3,24.37,188.028,25.282501,260.37314,28.731522,151.37968
1320,1118937437300,5,24.37,188.028,25.434395,321.90784,28.451584,147.99254
1320,1118937440300,1,24.37,188.028,23.68012,217.61873,28.94367,144.14705
1320,1118937440300,3,24.37,188.028,25.252008,270.81375,28.731522,151.37968
1320,1118937440300,5,24.37,188.028,25.035437,306.90305,28.451584,147.99254
1320,1118937444100,1,24.37,188.028,23.61976,221.9631,28.94367,144.14705
1320,1118937444100,3,24.37,188.028,24.683897,266.70007,28.731522,151.37968
1320,1118937444100,5,24.37,188.028,24.331776,314.69864,28.451584,147.99254
1320,1118937444900,1,24.37,188.028,23.700714,218.12918,28.94367,144.14705
1320,1118937444900,3,24.37,188.028,24.590733,270.862,28.731522,151.37968
1320,1118937444900,5,24.37,188.028,24.506992,308.70786,28.451584,147.99254
1320,1118937454500,1,24.37,188.028,23.684595,214.79704,28.94367,144.14705
1320,1118937454500,3,24.37,188.028,24.837706,261.4822,28.731522,151.37968
1320,1118937454500,5,24.37,188.028,25.012829,304.66324,28.451584,147.99254
1320,1118937458200,1,24.37,188.028,23.684595,214.27412,28.94367,144.14705
1320,1118937458200,3,24.37,188.028,24.943125,258.51465,28.731522,151.37968
1320,1118937458200,5,24.405,188.533,25.012829,304.01755,28.451584,147.99254
1320,1118937459800,1,24.37,188.028,23.684595,214.27412,28.94367,144.14705
1320,1118937459800,3,24.37,188.028,24.943125,258.51465,28.731522,151.37968
1320,1118937459800,5,24.647,192.043,25.05964,307.79416,28.451584,147.99254
1320,1118937460500,1,24.37,188.028,23.684595,214.27412,28.94367,144.14705
1320,1118937460500,3,24.405,188.533,24.943125,258.51465,28.731522,151.37968
1320,1118937460500,5,24.888,195.517,25.175657,310.30493,28.451584,147.99254
1320,1118937462000,1,24.37,188.028,23.684595,214.27412,28.94367,144.14705
1320,1118937462000,3,24.647,192.043,24.979248,261.4822,28.731522,151.37968
1320,1118937462000,5,24.98,196.848,25.177837,310.30493,28.451584,147.99254
1320,1118937466100,1,24.405,188.533,23.684595,214.27412,28.94367,144.14705
1320,1118937466100,3,24.888,195.517,25.035616,261.4822,28.731522,151.37968
1320,1118937466100,5,25.486,204.132,25.177837,311.4884,28.451584,147.99254
1320,1118937472800,1,24.647,192.043,23.684595,214.27412,28.94367,144.14705
1320,1118937472800,3,24.98,196.848,24.978853,261.4822,28.731522,151.37968
1320,1118937472800,5,25.884,217.13,25.177837,311.4884,28.451584,147.99254
1320,1118937474500,1,24.888,195.517,23.664001,218.61879,28.94367,144.14705
1320,1118937474500,3,25.486,204.132,25.06374,267.15942,28.731522,151.37968
1320,1118937474500,5,28.001,252.279,25.304697,310.84613,28.451584,147.99254
1320,1118937475200,1,24.98,196.848,23.664001,218.61879,28.94367,144.14705
1320,1118937475200,3,25.884,217.13,25.318623,265.8846,28.731522,151.37968
1320,1118937475200,5,22.737,390.916,25.436575,313.07745,28.451584,147.99254
1320,1118937475400,1,25.486,204.132,23.68012,221.95091,28.94367,144.14705
1320,1118937475400,3,28.001,252.279,25.337776,267.47018,28.731522,151.37968
1320,1118937475400,5,20.516,409.962,25.436575,314.61124,28.451584,147.99254
1320,1118937476200,1,25.884,217.13,23.68012,228.83406,28.94367,144.14705
1320,1118937476200,3,22.737,390.916,25.337776,270.78275,28.731522,151.37968
1320,1118937476200,5,19.499,419.351,25.436575,317.15234,28.451584,147.99254
1320,1118937477200,1,28.001,252.279,25.824871,249.92336,28.94367,144.14705
1320,1118937477200,3,20.516,409.962,25.581196,279.09702,28.731522,151.37968
1320,1118937477200,5,16.032,446.086,25.436575,344.7697,28.451584,147.99254
1320,1118937479000,1,22.737,390.916,29.41183,289.1754,28.94367,144.14705
1320,1118937479000,3,19.499,419.351,28.633348,347.16837,28.731522,151.37968
1320,1118937479000,5,14.381,593.943,28.084965,424.73444,28.451584,147.99254
1320,1118937483900,1,20.516,409.962,23.462307,427.54575,28.94367,144.14705
1320,1118937483900,3,16.032,446.086,25.027838,514.9074,28.731522,151.37968
1320,1118937483900,5,15.945,788.532,25.265661,639.22955,28.451584,147.99254
1320,1118937484600,1,19.499,419.351,19.81996,458.6674,28.94367,144.14705
1320,1118937484600,3,14.381,593.943,20.98814,545.7775,28.731522,151.37968
1320,1118937484600,5,29.384,899.554,21.801353,636.93805,28.451584,147.99254
1320,1118937484900,1,16.032,446.086,17.990051,474.11517,28.94367,144.14705
1320,1118937484900,3,15.945,788.532,18.961021,565.3594,28.731522,151.37968
1320,1118937484900,5,34.95,962.618,18.757843,694.1344,28.451584,147.99254
1320,1118937485700,1,14.381,593.943,14.58581,514.37695,28.94367,144.14705
1320,1118937485700,3,29.384,899.554,15.895359,605.704,28.731522,151.37968
1320,1118937485700,5,37.439,1020.261,16.812822,727.9796,28.451584,147.99254
1320,1118937489600,1,15.945,788.532,14.355091,664.311,28.94367,144.14705
1320,1118937489600,3,34.95,962.618,15.371041,796.10974,28.731522,151.37968
1320,1118937489600,5,25.825,1084.443,17.349197,922.5914,28.451584,147.99254
1320,1118937494100,1,29.384,899.554,15.977413,859.26776,28.94367,144.14705
1320,1118937494100,3,37.439,1020.261,16.7414,997.8788,28.731522,151.37968
1320,1118937494100,5,29.169,1210.404,18.25047,1161.7809,28.451584,147.99254
1320,1118937496600,1,34.95,962.618,29.369972,935.94086,28.94367,144.14705
1320,1118937496600,3,25.825,1084.443,28.505735,1113.2747,28.731522,151.37968
1320,1118937496600,5,29.869,1234.858,28.684822,1270.6458,28.451584,147.99254
1320,1118937497900,1,37.439,1020.261,33.2263,1037.6469,28.94367,144.14705
1320,1118937497900,3,29.169,1210.404,31.604778,1195.6693,28.731522,151.37968
1320,1118937497900,5,31.723,1376.989,34.286385,1272.2778,28.451584,147.99254
1320,1118937498900,1,25.825,1084.443,36.57255,1111.2167,28.94367,144.14705
1320,1118937498900,3,29.869,1234.858,35.14155,1194.6387,28.731522,151.37968
1320,1118937498900,5,31.89,1378.688,33.79735,1236.3138,28.451584,147.99254
1320,1118937500300,1,29.169,1210.404,23.93721,1156.9126,28.94367,144.14705
1320,1118937500300,3,31.723,1376.989,25.419859,1250.7263,28.731522,151.37968
1320,1118937500300,5,31.916,1378.92,24.229193,1367.716,28.451584,147.99254
1320,1118937503200,1,29.869,1234.858,29.235756,1288.2816,28.94367,144.14705
1320,1118937503200,3,31.89,1378.688,28.880558,1413.8356,28.731522,151.37968
1320,1118937503200,5,31.921,1378.957,28.325165,1459.7683,28.451584,147.99254
1320,1118937503800,1,31.723,1376.989,30.569965,1311.4565,28.94367,144.14705
1320,1118937503800,3,31.916,1378.92,28.940302,1437.9062,28.731522,151.37968
1320,1118937503800,5,31.939,1379.083,27.959684,1473.1145,28.451584,147.99254
1320,1118937510700,1,31.89,1378.688,31.16851,1304.2742,28.94367,144.14705
1320,1118937510700,3,31.921,1378.957,27.77044,1485.6302,28.731522,151.37968
1320,1118937510700,5,31.973,1379.318,30.024271,1523.7971,28.451584,147.99254
1320,1118937511100,1,31.916,1378.92,31.16851,1402.7606,28.94367,144.14705
1320,1118937511100,3,31.939,1379.083,30.259369,1461.3109,28.731522,151.37968
1320,1118937511100,5,32.028,1379.697,30.205143,1488.3346,28.451584,147.99254
1320,1118937511500,1,31.921,1378.957,31.128172,1400.3713,28.94367,144.14705
1320,1118937511500,3,31.973,1379.318,30.3681,1463.3251,28.731522,151.37968
1320,1118937511500,5,32.067,1379.968,30.455019,1472.9121,28.451584,147.99254
1320,1118937511700,1,31.939,1379.083,31.190727,1400.8817,28.94367,144.14705
1320,1118937511700,3,32.028,1379.697,30.306696,1446.2316,28.731522,151.37968
1320,1118937511700,5,32.127,1380.401,29.932907,1479.2482,28.451584,147.99254
1320,1118937512400,1,31.973,1379.318,31.190727,1397.2258,28.94367,144.14705
1320,1118937512400,3,32.067,1379.968,30.25224,1462.9148,28.731522,151.37968
1320,1118937512400,5,33.687,1382.124,29.289738,1464.7649,28.451584,147.99254
1320,1118937513700,1,32.028,1379.697,31.174608,1399.0786,28.94367,144.14705
1320,1118937513700,3,32.127,1380.401,30.195871,1441.8097,28.731522,151.37968
1320,1118937513700,5,33.068,1382.359,32.354668,1457.2659,28.451584,147.99254
1320,1118937515800,1,32.067,1379.968,31.174608,1399.0786,28.94367,144.14705
1320,1118937515800,3,33.687,1382.124,30.195871,1441.0754,28.731522,151.37968
1320,1118937515800,5,33.22,1382.856,32.401478,1455.917,28.451584,147.99254
1320,1118937517300,1,32.127,1380.401,31.174608,1399.0786,28.94367,144.14705
1320,1118937517300,3,33.068,1382.359,30.257626,1445.0068,28.731522,151.37968
1320,1118937517300,5,33.487,1382.186,32.523098,1463.9177,28.451584,147.99254
1320,1118937519700,1,33.687,1382.124,31.174608,1399.0786,28.94367,144.14705
1320,1118937519700,3,33.22,1382.856,30.293749,1443.2058,28.731522,151.37968
1320,1118937519700,5,33.618,1382.511,32.609367,1433.2294,28.451584,147.99254
1320,1118937522900,1,33.068,1382.359,31.389576,1399.0786,28.94367,144.14705
1320,1118937522900,3,33.487,1382.186,30.642242,1429.8906,28.731522,151.37968
1320,1118937522900,5,33.62,1383.878,30.561892,1432.5586,28.451584,147.99254
1320,1118937527000,1,33.22,1382.856,31.083002,1399.0786,28.94367,144.14705
1320,1118937527000,3,33.618,1382.511,30.339155,1447.1233,28.731522,151.37968
1320,1118937527000,5,34.21,1385.703,30.276018,1432.3872,28.451584,147.99254
1320,1118937528400,1,33.487,1382.186,31.251085,1399.0786,28.94367,144.14705
1320,1118937528400,3,33.62,1383.878,30.380186,1446.1733,28.731522,151.37968
1320,1118937528400,5,35.301,1392.802,30.598436,1439.2843,28.451584,147.99254
1323,1118936627000,1,59.862,393.072,39.269733,389.2846,28.94367,144.14705
1323,1118936627000,3,29.221,49.955,39.693413,495.5559,28.731522,151.37968
1323,1118936627000,5,21.367,148.604,38.804207,631.3962,28.451584,147.99254
1323,1118936627600,1,42.226,37.477,52.04717,161.3773,28.94367,144.14705
1323,1118936627600,3,20.082,114.758,50.060078,498.90128,28.731522,151.37968
1323,1118936627600,5,21.439,149.626,52.24574,426.56473,28.451584,147.99254
1323,1118937428500,1,29.221,49.955,39.697334,161.06462,29.032578,143.65904
1323,1118937428500,3,21.367,148.604,41.77404,216.76898,28.731415,151.37907
1323,1118937428500,5,21.473,150.124,40.703026,240.83463,28.45149,147.992
1323,1118937429600,1,20.082,114.758,27.636433,152.83473,28.961641,144.02684
1323,1118937429600,3,21.439,149.626,28.845734,233.83269,28.731398,151.37886
1323,1118937429600,5,21.517,150.769,28.481018,333.47662,28.451565,147.99202
1323,1118937435300,1,21.367,148.604,21.04813,187.01582,28.943361,144.14482
1323,1118937435300,3,21.473,150.124,20.073252,156.80441,28.73152,151.37965
1323,1118937435300,5,21.586,151.764,19.124846,266.4627,28.451582,147.99252
1323,1118937440300,1,21.439,149.626,21.379932,188.91316,28.943592,144.14648
1323,1118937440300,3,21.517,150.769,21.237093,269.9721,28.731522,151.37968
1323,1118937440300,5,21.586,151.764,21.234747,277.36362,28.451584,147.99254
1323,1118937440600,1,21.473,150.124,18.616291,207.9553,28.943653,144.1469
1323,1118937440600,3,21.586,151.764,19.381376,284.32056,28.731522,151.37968
1323,1118937440600,5,21.586,151.764,22.010134,314.0127,28.451584,147.99254
1323,1118937440800,1,21.517,150.769,21.265781,246.1166,28.943666,144.147
1323,1118937440800,3,21.586,151.764,19.557123,265.40836,28.731522,151.37968
1323,1118937440800,5,21.586,151.764,22.58378,307.3034,28.451584,147.99254
1323,1118937441200,1,21.586,151.764,22.05022,213.0626,28.943668,144.14703
1323,1118937441200,3,21.586,151.764,22.585438,259.96423,28.73152,151.37967
1323,1118937441200,5,21.586,151.764,23.536406,304.8283,28.451584,147.99254
1323,1118937443100,1,21.586,151.764,21.779924,213.0626,28.943663,144.147
1323,1118937443100,3,21.586,151.764,22.401937,259.61923,28.731512,151.37964
1323,1118937443100,5,21.586,151.764,22.805632,310.9699,28.451576,147.99252
1323,1118937443500,1,21.586,151.764,21.779924,213.0626,28.943666,144.14702
1323,1118937443500,3,21.586,151.764,22.316315,261.4822,28.731516,151.37967
1323,1118937443500,5,21.586,151.764,22.580198,305.65952,28.45158,147.99252
1323,1118937443600,1,21.586,151.764,21.860878,209.20757,28.943672,144.14705
1323,1118937443600,3,21.586,151.764,22.280191,261.4822,28.731522,151.37968
1323,1118937443600,5,21.586,151.764,22.4287,303.14874,28.451584,147.99254
1323,1118937443700,1,21.586,151.764,21.844759,209.20757,28.943672,144.14705
1323,1118937443700,3,21.586,151.764,22.223824,258.51465,28.731522,151.37968
1323,1118937443700,5,21.586,151.764,22.475512,307.48468,28.451584,147.99254
1323,1118937443800,1,21.586,151.764,21.844759,209.20757,28.943672,144.14705
1323,1118937443800,3,21.586,151.764,22.223824,258.51465,28.731522,151.37968
1323,1118937443800,5,21.586,151.764,22.505259,308.79044,28.451584,147.99254
1323,1118937447700,1,21.586,151.764,21.844759,209.20757,28.943672,144.14705
1323,1118937447700,3,21.586,151.764,22.223824,261.4822,28.731522,151.37968
1323,1118937447700,5,21.586,151.764,22.591528,308.79044,28.451584,147.99254
1323,1118937449500,1,21.586,151.764,21.844759,209.20757,28.943672,144.14705
1323,1118937449500,3,21.586,151.764,22.259947,261.4822,28.731522,151.37968
1323,1118937449500,5,21.586,151.764,22.630253,313.31158,28.451584,147.99254
1323,1118937450400,1,21.586,151.764,21.844759,209.20757,28.943672,144.14705
1323,1118937450400,3,21.586,151.764,22.316315,261.4822,28.731522,151.37968
1323,1118937450400,5,21.586,151.764,22.593708,313.31158,28.451584,147.99254
1323,1118937451300,1,21.586,151.764,21.844759,209.20757,28.943672,144.14705
1323,1118937451300,3,21.586,151.764,22.316315,261.4822,28.731522,151.37968
1323,1118937451300,5,21.586,151.764,22.593708,309.97388,28.451584,147.99254
1323,1118937455400,1,21.586,151.764,21.844759,209.20757,28.943672,144.14705
1323,1118937455400,3,21.586,151.764,22.316315,261.4822,28.731522,151.37968
1323,1118937455400,5,21.586,151.764,22.593708,309.97388,28.451584,147.99254
1323,1118937459200,1,21.586,151.764,21.844759,209.20757,28.943672,144.14705
1323,1118937459200,3,21.586,151.764,22.316315,261.4822,28.731522,151.37968
1323,1118937459200,5,21.586,151.764,22.593708,309.97388,28.451584,147.99254
1323,1118937464200,1,21.586,151.764,21.844759,209.20757,28.943672,144.14705
1323,1118937464200,3,21.586,151.764,22.316315,261.4822,28.731522,151.37968
1323,1118937464200,5,21.586,151.764,22.593708,309.97388,28.451584,147.99254
1323,1118937465900,1,21.586,151.764,21.844759,209.20757,28.943672,144.14705
1323,1118937465900,3,21.586,151.764,22.316315,261.4822,28.731522,151.37968
1323,1118937465900,5,21.608,152.079,22.593708,309.97388,28.451584,147.99254
1323,1118937468300,1,21.586,151.764,21.844759,209.20757,28.943672,144.14705
1323,1118937468300,3,21.586,151.764,22.316315,261.4822,28.731522,151.37968
1323,1118937468300,5,21.789,154.705,22.593708,309.97388,28.451584,147.99254
1323,1118937471000,1,21.586,151.764,21.844759,209.20757,28.943672,144.14705
1323,1118937471000,3,21.608,152.079,22.316315,261.4822,28.731522,151.37968
1323,1118937471000,5,24.128,188.821,22.593708,309.97388,28.451584,147.99254
1323,1118937471200,1,21.586,151.764,21.844759,209.20757,28.943672,144.14705
1323,1118937471200,3,21.789,154.705,22.316315,261.4822,28.731522,151.37968
1323,1118937471200,5,27.912,299.807,22.593708,309.97388,28.451584,147.99254
1323,1118937472100,1,21.608,152.079,21.844759,209.20757,28.943672,144.14705
1323,1118937472100,3,24.128,188.821,22.316315,261.4822,28.731522,151.37968
1323,1118937472100,5,28.067,336.986,22.593708,309.97388,28.451584,147.99254
1323,1118937474300,1,21.789,154.705,21.844759,209.20757,28.943672,144.14705
1323,1118937474300,3,27.912,299.807,23.961134,261.4822,28.731522,151.37968
1323,1118937474300,5,20.996,401.033,23.842283,309.97388,28.451584,147.99254
1323,1118937475400,1,24.128,188.821,23.664001,209.20757,28.943672,144.14705
1323,1118937475400,3,28.067,336.986,25.124146,260.2074,28.731522,151.37968
1323,1118937475400,5,28.478,971.469,25.304697,311.07153,28.451584,147.99254
1323,1118937478400,1,27.912,299.807,23.664001,215.16711,28.94367,144.14705
1323,1118937478400,3,20.996,401.033,25.318623,260.2074,28.731522,151.37968
1323,1118937478400,5,23.905,1060.003,25.436575,318.43228,28.451584,147.99254
1323,1118937482900,1,28.067,336.986,28.234423,342.33646,28.94367,144.14705
1323,1118937482900,3,28.478,971.469,28.633348,439.28226,28.731522,151.37968
1323,1118937482900,5,28.657,1181.78,28.218044,541.55524,28.451584,147.99254
1323,1118937484100,1,20.996,401.033,28.474995,374.35004,28.94367,144.14705
1323,1118937484100,3,23.905,1060.003,28.43887,472.70862,28.731522,151.37968
1323,1118937484100,5,29.016,1261.438,28.21214,606.5507,28.451584,147.99254
1323,1118937486000,1,28.478,971.469,19.81996,477.89737,28.94367,144.14705
1323,1118937486000,3,28.657,1181.78,21.163591,568.32697,28.731522,151.37968
1323,1118937486000,5,27.549,1288.404,21.913645,687.6699,28.451584,147.99254
1323,1118937496500,1,23.905,1060.003,28.719965,1045.6167,28.94367,144.14705
1323,1118937496500,3,29.016,1261.438,28.488348,1197.6754,28.731522,151.37968
1323,1118937496500,5,30.877,1319.309,27.542274,1179.1514,28.451584,147.99254
1323,1118937498000,1,28.657,1181.78,22.180258,1140.2346,28.94367,144.14705
1323,1118937498000,3,27.549,1288.404,23.377836,1218.889,28.731522,151.37968
1323,1118937498000,5,31.573,1352.851,23.772692,1162.7355,28.451584,147.99254
1323,1118937500500,1,29.016,1261.438,29.138851,1236.9354,28.94367,144.14705
1323,1118937500500,3,30.877,1319.309,28.89498,1377.0822,28.731522,151.37968
1323,1118937500500,5,37.003,1403.961,28.001066,1408.689,28.451584,147.99254
1323,1118937502100,1,27.549,1288.404,28.901615,1342.5936,28.94367,144.14705
1323,1118937502100,3,31.573,1352.851,28.521936,1466.0266,28.731522,151.37968
1323,1118937502100,5,37.318,1404.814,28.729576,1442.3794,28.451584,147.99254
1323,1118937502700,1,30.877,1319.309,27.462288,1398.2623,28.94367,144.14705
1323,1118937502700,3,37.003,1403.961,27.707115,1531.162,28.731522,151.37968
1323,1118937502700,5,37.205,1405.906,28.096869,1552.3179,28.451584,147.99254
1323,1118937503500,1,31.573,1352.851,31.033625,1354.5659,28.94367,144.14705
1323,1118937503500,3,37.318,1404.814,30.25755,1514.0299,28.731522,151.37968
1323,1118937503500,5,37.405,1406.345,30.098927,1468.4791,28.451584,147.99254
1323,1118937504400,1,37.003,1403.961,31.350163,1423.8687,28.94367,144.14705
1323,1118937504400,3,37.205,1405.906,30.539948,1517.5094,28.731522,151.37968
1323,1118937504400,5,37.421,1406.453,30.331688,1481.6189,28.451584,147.99254
1323,1118937507700,1,37.318,1404.814,36.586884,1445.8604,28.94367,144.14705
1323,1118937507700,3,37.405,1406.345,34.96951,1525.9165,28.731522,151.37968
1323,1118937507700,5,37.915,1406.719,35.106277,1425.9259,28.451584,147.99254
1323,1118937510000,1,37.205,1405.906,36.250572,1393.5554,28.94367,144.14705
1323,1118937510000,3,37.421,1406.453,34.623894,1533.1019,28.731522,151.37968
1323,1118937510000,5,37.78,1406.387,35.246586,1501.3567,28.451584,147.99254
1323,1118937511000,1,37.405,1406.345,36.179058,1413.942,28.94367,144.14705
1323,1118937511000,3,37.915,1406.719,34.572475,1534.2152,28.731522,151.37968
1323,1118937511000,5,37.973,1406.86,35.40628,1483.145,28.451584,147.99254
1323,1118937513900,1,37.421,1406.453,36.174095,1406.2655,28.94367,144.14705
1323,1118937513900,3,37.78,1406.387,34.51477,1547.7958,28.731522,151.37968
1323,1118937513900,5,37.92,1406.73,34.96322,1476.1531,28.451584,147.99254
1323,1118937516300,1,37.915,1406.719,36.190212,1411.6371,28.94367,144.14705
1323,1118937516300,3,37.973,1406.86,34.535015,1491.2913,28.731522,151.37968
1323,1118937516300,5,37.876,1406.619,34.81402,1462.7942,28.451584,147.99254
1323,1118937521600,1,37.78,1406.387,38.886288,1408.305,28.94367,144.14705
1323,1118937521600,3,37.92,1406.73,38.563457,1486.4955,28.731522,151.37968
1323,1118937521600,5,37.812,1406.536,38.894054,1476.4049,28.451584,147.99254
1323,1118937522600,1,37.973,1406.86,38.73432,1408.305,28.94367,144.14705
1323,1118937522600,3,37.876,1406.619,38.503273,1486.4955,28.731522,151.37968
1323,1118937522600,5,37.761,1407.614,38.811054,1475.7207,28.451584,147.99254
1323,1118937527000,1,37.92,1406.73,38.795635,1384.4893,28.94367,144.14705
1323,1118937527000,3,37.812,1406.536,38.533386,1484.6945,28.731522,151.37968
1323,1118937527000,5,37.82,1408.701,39.049484,1452.5703,28.451584,147.99254
1323,1118937527600,1,37.876,1406.619,38.81477,1408.305,28.94367,144.14705
1323,1118937527600,3,37.761,1407.614,38.539394,1482.0425,28.731522,151.37968
1323,1118937527600,5,38.721,1413.518,38.813236,1422.1945,28.451584,147.99254
1323,1118937530500,1,37.812,1406.536,38.78448,1384.4893,28.94367,144.14705
1323,1118937530500,3,37.82,1408.701,38.595764,1484.2458,28.731522,151.37968
1323,1118937530500,5,41.318,1446.151,39.049484,1440.9279,28.451584,147.99254
1323,1118937530800,1,37.761,1407.614,38.70403,1381.7577,28.94367,144.14705
1323,1118937530800,3,38.721,1413.518,38.539394,1476.1614,28.731522,151.37968
1323,1118937530800,5,45.209,1462.186,38.965397,1417.951,28.451584,147.99254
1323,1118937531800,1,37.82,1408.701,38.32566,1384.4893,28.94367,144.14705
1323,1118937531800,3,41.318,1446.151,38.683586,1478.6263,28.731522,151.37968
1323,1118937531800,5,48.26,1528.92,39.294056,1415.0388,28.451584,147.99254
1323,1118937532200,1,38.721,1413.518,38.886288,1405.5734,28.94367,144.14705
1323,1118937532200,3,45.209,1462.186,38.4177,1476.2336,28.731522,151.37968
1323,1118937532200,5,45.313,1547.952,39.291096,1419.5841,28.451584,147.99254
1323,1118937533100,1,41.318,1446.151,39.32129,1206.5908,28.94367,144.14705
1323,1118937533100,3,48.26,1528.92,39.064068,1473.1156,28.731522,151.37968
1323,1118937533100,5,44.855,1550.529,39.32764,1435.0415,28.451584,147.99254
1323,1118937535000,1,45.209,1462.186,41.640507,1452.6646,28.94367,144.14705
1323,1118937535000,3,45.313,1547.952,40.938408,1490.15,28.731522,151.37968
1323,1118937535000,5,36.143,1598.224,41.210552,1450.1959,28.451584,147.99254
1323,1118937535800,1,48.26,1528.92,42.895576,1478.1605,28.94367,144.14705
1323,1118937535800,3,44.855,1550.529,42.387745,1504.6449,28.731522,151.37968
1323,1118937535800,5,35.909,1601.131,30.267904,1447.265,28.451584,147.99254
1350,1118936654800,1,-12.896,1389.342,-1.2543192,1705.3943,28.94367,144.14705
1350,1118936654800,3,-14.347,1258.443,7.0278344,1679.67,28.731522,151.37968
1350,1118936654800,5,-13.405,662.729,7.8779554,1660.2913,28.451584,147.99254
1350,1118936659000,1,-17.313,1301.673,-8.4471855,1423.7544,28.94367,144.14705
1350,1118936659000,3,-13.436,681.468,-4.085729,1536.801,28.731522,151.37968
1350,1118936659000,5,-14.685,630.712,0.48115274,1504.081,28.451584,147.99254
1350,1118936660800,1,-14.347,1258.443,-13.331666,1318.2571,28.94367,144.14705
1350,1118936660800,3,-13.405,662.729,-11.579661,1363.4752,28.731522,151.37968
1350,1118936660800,5,-15.313,546.439,-12.6091585,1423.8022,28.451584,147.99254
1350,1118936661700,1,-13.436,681.468,-11.625095,1296.6147,28.94367,144.14705
1350,1118936661700,3,-14.685,630.712,-10.792292,1259.1482,28.731522,151.37968
1350,1118936661700,5,-15.344,538.829,-10.79867,1414.9335,28.451584,147.99254
1350,1118936673600,1,-13.405,662.729,-12.108805,660.5424,28.94367,144.14705
1350,1118936673600,3,-15.313,546.439,-12.416799,588.68604,28.731522,151.37968
1350,1118936673600,5,-15.409,522.819,-15.762088,623.6849,28.451584,147.99254
1350,1118936674000,1,-14.685,630.712,-12.108805,638.9839,28.94367,144.14705
1350,1118936674000,3,-15.344,538.829,-12.379332,579.9475,28.731522,151.37968
1350,1118936674000,5,-15.409,522.819,-14.211953,610.2484,28.451584,147.99254
1350,1118936674800,1,-15.313,546.439,-13.679283,592.9155,28.94367,144.14705
1350,1118936674800,3,-15.409,522.819,-14.530967,531.4518,28.731522,151.37968
1350,1118936674800,5,-15.409,522.819,-15.6141815,484.63785,28.451584,147.99254
1350,1118936677800,1,-15.344,538.829,-13.785247,514.2519,28.94367,144.14705
1350,1118936677800,3,-15.409,522.819,-12.109119,472.82034,28.731522,151.37968
1350,1118936677800,5,-15.409,522.819,-11.846292,462.67535,28.451584,147.99254
1350,1118936678300,1,-15.409,522.819,-13.704797,513.74304,28.94367,144.14705
1350,1118936678300,3,-15.409,522.819,-13.737298,476.45105,28.731522,151.37968
1350,1118936678300,5,-15.409,522.819,-13.11234,490.9391,28.451584,147.99254
1350,1118936681500,1,-15.409,522.819,-13.798966,498.2717,28.94367,144.14705
1350,1118936681500,3,-15.409,522.819,-14.3073225,465.08517,28.731522,151.37968
1350,1118936681500,5,-15.417,520.817,-14.425773,487.51,28.451584,147.99254
1350,1118936683900,1,-15.409,522.819,-13.787809,499.5248,28.94367,144.14705
1350,1118936683900,3,-15.409,522.819,-13.869618,488.84924,28.731522,151.37968
1350,1118936683900,5,-15.417,520.819,-14.658131,510.58536,28.451584,147.99254
1350,1118936690000,1,-15.409,522.819,-13.787809,522.9082,28.94367,144.14705
1350,1118936690000,3,-15.417,520.817,-14.914788,505.0993,28.731522,151.37968
1350,1118936690000,5,-14.416,520.815,-14.411173,530.1033,28.451584,147.99254
1350,1118936691800,1,-15.409,522.819,-13.787809,522.9082,28.94367,144.14705
1350,1118936691800,3,-15.417,520.819,-14.878666,510.71884,28.731522,151.37968
1350,1118936691800,5,-14.416,520.815,-14.084919,541.5848,28.451584,147.99254
1350,1118936693100,1,-15.417,520.817,-13.787809,522.9082,28.94367,144.14705
1350,1118936693100,3,-14.416,520.815,-14.822297,515.11536,28.731522,151.37968
1350,1118936693100,5,-14.416,520.815,-14.084919,538.2471,28.451584,147.99254
1350,1118936699100,1,-15.417,520.819,-13.787809,525.6398,28.94367,144.14705
1350,1118936699100,3,-14.416,520.815,-14.661515,511.17715,28.731522,151.37968
1350,1118936699100,5,-14.416,520.815,-14.164681,509.29388,28.451584,147.99254
1350,1118936700400,1,-14.416,520.815,-13.787809,504.9583,28.94367,144.14705
1350,1118936700400,3,-14.416,520.815,-13.389688,497.89465,28.731522,151.37968
1350,1118936700400,5,-14.416,520.815,-11.104092,494.29712,28.451584,147.99254
1350,1118936706600,1,-14.416,520.815,-13.18565,525.6398,28.94367,144.14705
1350,1118936706600,3,-14.416,520.815,-12.9967985,504.3839,28.731522,151.37968
1350,1118936706600,5,-14.416,520.815,-11.104092,491.5855,28.451584,147.99254
1350,1118936715500,1,-14.416,520.815,-13.3050375,523.7051,28.94367,144.14705
1350,1118936715500,3,-14.416,520.815,-13.184435,502.52142,28.731522,151.37968
1350,1118936715500,5,-14.416,520.815,-9.755116,493.55203,28.451584,147.99254
1350,1118936717300,1,-14.416,520.815,-13.3050375,522.9082,28.94367,144.14705
1350,1118936717300,3,-14.416,520.815,-11.747232,518.7759,28.731522,151.37968
1350,1118936717300,5,-14.416,520.815,-10.550165,493.76157,28.451584,147.99254
1350,1118936717500,1,-14.416,520.815,-13.3050375,525.6398,28.94367,144.14705
1350,1118936717500,3,-14.416,520.815,-11.747232,516.7721,28.731522,151.37968
1350,1118936717500,5,-14.416,520.815,-10.550165,508.7561,28.451584,147.99254
1350,1118936718800,1,-14.416,520.815,-13.3050375,525.6398,28.94367,144.14705
1350,1118936718800,3,-14.416,520.815,-11.952485,518.7759,28.731522,151.37968
1350,1118936718800,5,-14.416,520.815,-10.596978,509.29388,28.451584,147.99254
1350,1118936721900,1,-14.416,520.815,-13.3050375,525.6398,28.94367,144.14705
1350,1118936721900,3,-14.416,520.815,-11.747232,521.16864,28.731522,151.37968
1350,1118936721900,5,-14.416,520.815,-11.045771,509.29388,28.451584,147.99254
1350,1118936722100,1,-14.416,520.815,-13.3050375,525.6398,28.94367,144.14705
1350,1118936722100,3,-14.416,520.815,-11.783355,521.16864,28.731522,151.37968
1350,1118936722100,5,-14.416,520.815,-10.552345,509.29388,28.451584,147.99254
1350,1118936726000,1,-14.416,520.815,-13.3050375,525.6398,28.94367,144.14705
1350,1118936726000,3,-14.416,520.815,-11.8036,521.16864,28.731522,151.37968
1350,1118936726000,5,-14.416,520.815,-9.997303,508.11044,28.451584,147.99254
1350,1118936728000,1,-14.416,520.815,-13.3050375,525.6398,28.94367,144.14705
1350,1118936728000,3,-14.416,520.815,-11.747232,521.16864,28.731522,151.37968
1350,1118936728000,5,-14.913,514.824,-9.997303,509.29388,28.451584,147.99254
1350,1118936729300,1,-14.416,520.815,-13.3050375,525.6398,28.94367,144.14705
1350,1118936729300,3,-14.416,520.815,-11.747232,521.16864,28.731522,151.37968
1350,1118936729300,5,-11.489,443.561,-9.997303,509.29388,28.451584,147.99254
1350,1118936733000,1,-14.416,520.815,-13.3050375,525.6398,28.94367,144.14705
1350,1118936733000,3,-14.913,514.824,-11.747232,521.16864,28.731522,151.37968
1350,1118936733000,5,-7.26,437.66,-9.997303,509.29388,28.451584,147.99254
1350,1118936734900,1,-14.416,520.815,-13.3050375,525.6398,28.94367,144.14705
1350,1118936734900,3,-11.489,443.561,-11.747232,521.16864,28.731522,151.37968
1350,1118936734900,5,50.217,396.069,-9.997303,509.29388,28.451584,147.99254
1350,1118936736000,1,-14.913,514.824,-13.3050375,525.6398,28.94367,144.14705
1350,1118936736000,3,-7.26,437.66,-11.747232,521.16864,28.731522,151.37968
1350,1118936736000,5,79.228,394.602,-9.997303,509.29388,28.451584,147.99254
1350,1118936738900,1,-11.489,443.561,-13.879416,525.6398,28.94367,144.14705
1350,1118936738900,3,50.217,396.069,-11.777347,494.73755,28.731522,151.37968
1350,1118936738900,5,6.858,65.257,-10.018758,480.51776,28.451584,147.99254
1350,1118936742500,1,-7.26,437.66,-10.670106,429.33493,28.94367,144.14705
1350,1118936742500,3,79.228,394.602,-8.928209,394.18604,28.731522,151.37968
1350,1118936742500,5,8.923,93.397,-6.2750745,403.72052,28.451584,147.99254
1350,1118936742800,1,50.217,396.069,-1.2757983,474.4978,28.94367,144.14705
1350,1118936742800,3,6.858,65.257,-4.969668,275.91803,28.731522,151.37968
1350,1118936742800,5,9.704,108.356,-3.396299,324.41953,28.451584,147.99254
1350,1118936745600,1,79.228,394.602,38.3199,333.6471,28.94367,144.14705
1350,1118936745600,3,8.923,93.397,54.47219,124.95195,28.731522,151.37968
1350,1118936745600,5,10.409,118.331,53.569275,191.0719,28.451584,147.99254
1350,1118936746600,1,6.858,65.257,68.88439,306.81525,28.94367,144.14705
1350,1118936746600,3,9.704,108.356,75.19212,267.0297,28.731522,151.37968
1350,1118936746600,5,10.651,121.822,72.58179,151.66649,28.451584,147.99254
1350,1118937453300,1,8.923,93.397,7.764907,142.66216,28.94332,144.14478
1350,1118937453300,3,10.409,118.331,8.636179,91.38932,28.731485,151.37947
1350,1118937453300,5,10.651,121.822,8.852585,250.12225,28.451557,147.99237
1350,1118937460000,1,9.704,108.356,9.84598,140.27032,28.943628,144.14676
1350,1118937460000,3,10.651,121.822,11.003277,159.35538,28.731514,151.37965
1350,1118937460000,5,10.647,121.783,8.746795,302.6031,28.451576,147.99251
1350,1118937461500,1,10.409,118.331,11.394038,159.2656,28.943653,144.14693
1350,1118937461500,3,10.651,121.822,10.394144,196.52457,28.731516,151.37967
1350,1118937461500,5,10.886,125.312,8.857815,302.89474,28.451582,147.99252
1350,1118937462700,1,10.651,121.822,11.552554,164.68393,28.94366,144.14699
1350,1118937462700,3,10.647,121.783,10.33988,301.7356,28.731518,151.37968
1350,1118937462700,5,10.99,126.808,7.0870633,307.45862,28.451582,147.99252
1350,1118937464600,1,10.651,121.822,10.349726,164.8745,28.943665,144.14702
1350,1118937464600,3,10.886,125.312,10.1858425,287.87915,28.731518,151.37968
1350,1118937464600,5,12.031,141.755,7.5885,283.6961,28.451582,147.99252
1350,1118937465100,1,10.647,121.783,10.700676,167.6061,28.943665,144.14702
1350,1118937465100,3,10.99,126.808,9.9891615,233.29008,28.731518,151.37967
1350,1118937465100,5,18.078,269.765,9.284523,266.69376,28.451582,147.99252
1350,1118937475000,1,10.886,125.312,10.936238,167.6061,28.943665,144.14702
1350,1118937475000,3,12.031,141.755,10.05381,226.36829,28.731518,151.37967
1350,1118937475000,5,7.694,796.425,8.6586275,261.16666,28.451582,147.99252
1350,1118937475900,1,10.99,126.808,10.8258705,165.02798,28.943665,144.14702
1350,1118937475900,3,18.078,269.765,10.685469,228.45918,28.731518,151.37968
1350,1118937475900,5,14.213,1048.24,8.363166,262.8271,28.451582,147.99252
1350,1118937476100,1,12.031,141.755,10.744916,178.651,28.943665,144.14702
1350,1118937476100,3,7.694,796.425,11.389736,239.29245,28.731518,151.37968
1350,1118937476100,5,10.601,1263.189,8.921446,259.36697,28.451582,147.99252
1350,1118937477300,1,18.078,269.765,14.110467,191.84952,28.943666,144.14705
1350,1118937477300,3,14.213,1048.24,15.672974,244.71977,28.731522,151.37968
1350,1118937477300,5,17.939,1405.216,15.597589,313.1983,28.451582,147.99254
1350,1118937482600,1,7.694,796.425,19.540812,294.19556,28.94367,144.14705
1350,1118937482600,3,10.601,1263.189,18.686295,391.7773,28.731522,151.37968
1350,1118937482600,5,21.732,1449.702,17.719212,516.1672,28.451584,147.99254
1350,1118937496000,1,14.213,1048.24,8.744366,867.697,28.94367,144.14705
1350,1118937496000,3,17.939,1405.216,8.048349,966.25104,28.731522,151.37968
1350,1118937496000,5,21.819,1450.249,8.485298,1137.7698,28.451584,147.99254
1350,1118937500600,1,10.601,1263.189,14.027575,1136.7991,28.94367,144.14705
1350,1118937500600,3,21.732,1449.702,15.060888,1252.3032,28.731522,151.37968
1350,1118937500600,5,21.895,1450.725,16.92554,1226.9419,28.451584,147.99254
1350,1118937504800,1,17.939,1405.216,10.543223,1340.324,28.94367,144.14705
1350,1118937504800,3,21.819,1450.249,13.600033,1461.8018,28.731522,151.37968
1350,1118937504800,5,21.946,1451.042,10.605807,1377.9092,28.451584,147.99254
1350,1118937508700,1,21.732,1449.702,18.726103,1409.4303,28.94367,144.14705
1350,1118937508700,3,21.895,1450.725,19.8772,1487.8381,28.731522,151.37968
1350,1118937508700,5,27.015,1482.385,20.044144,1482.7183,28.451584,147.99254
1350,1118937515400,1,21.819,1450.249,23.648613,1420.5836,28.94367,144.14705
1350,1118937515400,3,21.946,1451.042,24.784851,1496.4445,28.731522,151.37968
1350,1118937515400,5,9.409,1620.751,24.653969,1407.8951,28.451584,147.99254
1353,1118936656900,1,-8.068,1418.375,3.6986773,1207.0637,28.94367,144.14705
1353,1118936656900,3,-8.356,1045.339,2.899091,1405.7393,28.731522,151.37968
1353,1118936656900,5,-15.663,581.5,7.764966,1223.1034,28.451584,147.99254
1353,1118936660000,1,-16.75,1313.391,-2.366719,1503.3282,28.94367,144.14705
1353,1118936660000,3,-5.655,925.618,-2.0101573,1474.8641,28.731522,151.37968
1353,1118936660000,5,-14.985,558.099,1.2117581,1396.3525,28.451584,147.99254
1353,1118936662300,1,-8.356,1045.339,-12.914799,1305.4343,28.94367,144.14705
1353,1118936662300,3,-15.663,581.5,-11.266302,1343.0631,28.731522,151.37968
1353,1118936662300,5,-15.026,547.946,-11.518255,1420.133,28.451584,147.99254
1353,1118936667800,1,-5.655,925.618,-5.0955634,1067.7069,28.94367,144.14705
1353,1118936667800,3,-14.985,558.099,-7.204853,1001.5181,28.731522,151.37968
1353,1118936667800,5,-15.029,547.135,-7.574786,1074.1572,28.451584,147.99254
1353,1118936670100,1,-15.663,581.5,-4.140238,867.21326,28.94367,144.14705
1353,1118936670100,3,-15.026,547.946,-6.9790773,847.5478,28.731522,151.37968
1353,1118936670100,5,-15.029,547.135,-11.096193,936.12976,28.451584,147.99254
1353,1118936678500,1,-14.985,558.099,-9.887602,550.0753,28.94367,144.14705
1353,1118936678500,3,-15.029,547.135,-10.847478,517.88367,28.731522,151.37968
1353,1118936678500,5,-15.029,547.135,-13.445362,524.17816,28.451584,147.99254
1353,1118936680100,1,-15.026,547.946,-13.0848,537.157,28.94367,144.14705
1353,1118936680100,3,-15.029,547.135,-11.089038,500.26764,28.731522,151.37968
1353,1118936680100,5,-15.029,547.135,-12.098771,512.00977,28.451584,147.99254
1353,1118936682000,1,-15.029,547.135,-13.704797,526.1371,28.94367,144.14705
1353,1118936682000,3,-15.029,547.135,-10.435635,479.43777,28.731522,151.37968
1353,1118936682000,5,-15.029,547.135,-6.467878,469.7549,28.451584,147.99254
1353,1118936687300,1,-15.029,547.135,-13.787809,527.9007,28.94367,144.14705
1353,1118936687300,3,-15.029,547.135,-14.728376,513.7636,28.731522,151.37968
1353,1118936687300,5,-15.029,547.135,-16.112207,519.49615,28.451584,147.99254
1353,1118936689100,1,-15.029,547.135,-13.787809,530.6026,28.94367,144.14705
1353,1118936689100,3,-15.029,547.135,-13.842753,521.6803,28.731522,151.37968
1353,1118936689100,5,-15.029,547.135,-15.08005,514.91376,28.451584,147.99254
1353,1118936689600,1,-15.029,547.135,-13.787809,551.28406,28.94367,144.14705
1353,1118936689600,3,-15.029,547.135,-13.58015,522.9719,28.731522,151.37968
1353,1118936689600,5,-15.029,547.135,-14.133911,533.04144,28.451584,147.99254
1353,1118936691300,1,-15.029,547.135,-14.33128,551.28406,28.94367,144.14705
1353,1118936691300,3,-15.029,547.135,-13.544027,528.5915,28.731522,151.37968
1353,1118936691300,5,-15.029,547.135,-14.200934,543.25714,28.451584,147.99254
1353,1118936691800,1,-15.029,547.135,-13.787809,551.28406,28.943668,144.14705
1353,1118936691800,3,-15.029,547.135,-13.260435,535.95557,28.731522,151.37968
1353,1118936691800,5,-15.031,546.634,-14.639961,545.70636,28.451584,147.99254
1353,1118936693700,1,-15.029,547.135,-13.787809,554.0156,28.94367,144.14705
1353,1118936693700,3,-15.029,547.135,-12.008853,529.0498,28.731522,151.37968
1353,1118936693700,5,-14.535,545.632,-11.104092,518.08057,28.451584,147.99254
1353,1118936693800,1,-15.029,547.135,-13.787809,554.0156,28.94367,144.14705
1353,1118936693800,3,-15.031,546.634,-11.952485,532.01733,28.731522,151.37968
1353,1118936693800,5,-14.535,545.632,-11.104092,519.264,28.451584,147.99254
1353,1118936694600,1,-15.029,547.135,-13.787809,554.0156,28.94367,144.14705
1353,1118936694600,3,-14.535,545.632,-11.747232,532.01733,28.731522,151.37968
1353,1118936694600,5,-14.535,545.632,-11.104092,519.264,28.451584,147.99254
1353,1118936695000,1,-15.031,546.634,-13.787809,554.0156,28.94367,144.14705
1353,1118936695000,3,-14.535,545.632,-11.747232,532.01733,28.731522,151.37968
1353,1118936695000,5,-14.535,545.632,-10.724502,519.264,28.451584,147.99254
1353,1118936698500,1,-14.535,545.632,-13.787809,541.11115,28.94367,144.14705
1353,1118936698500,3,-14.535,545.632,-11.747232,532.01733,28.731522,151.37968
1353,1118936698500,5,-14.535,545.632,-10.724502,519.264,28.451584,147.99254
1353,1118936704000,1,-14.535,545.632,-13.18565,520.4297,28.94367,144.14705
1353,1118936704000,3,-14.535,545.632,-11.747232,527.7581,28.731522,151.37968
1353,1118936704000,5,-14.535,545.632,-10.724502,504.2672,28.451584,147.99254
1353,1118936704300,1,-14.535,545.632,-13.3050375,520.4297,28.94367,144.14705
1353,1118936704300,3,-14.535,545.632,-11.747232,522.1386,28.731522,151.37968
1353,1118936704300,5,-14.535,545.632,-9.929453,487.20108,28.451584,147.99254
1353,1118936709300,1,-14.535,545.632,-13.3050375,541.11115,28.94367,144.14705
1353,1118936709300,3,-14.535,545.632,-11.747232,531.99274,28.731522,151.37968
1353,1118936709300,5,-14.535,545.632,-10.724502,502.19788,28.451584,147.99254
1353,1118936710900,1,-14.535,545.632,-13.3050375,538.3795,28.94367,144.14705
1353,1118936710900,3,-14.535,545.632,-11.747232,535.21954,28.731522,151.37968
1353,1118936710900,5,-14.535,545.632,-10.724502,519.264,28.451584,147.99254
1353,1118936711100,1,-14.535,545.632,-13.3050375,538.3795,28.94367,144.14705
1353,1118936711100,3,-14.535,545.632,-11.747232,539.6161,28.731522,151.37968
1353,1118936711100,5,-14.535,545.632,-10.724502,519.264,28.451584,147.99254
1353,1118936711300,1,-14.535,545.632,-13.3050375,541.11115,28.94367,144.14705
1353,1118936711300,3,-14.535,545.632,-11.952485,542.0088,28.731522,151.37968
1353,1118936711300,5,-14.535,545.632,-10.81077,519.264,28.451584,147.99254
1353,1118936712600,1,-14.535,545.632,-13.3050375,541.11115,28.94367,144.14705
1353,1118936712600,3,-14.535,545.632,-11.988607,542.0088,28.731522,151.37968
1353,1118936712600,5,-14.535,545.65,-10.726682,519.264,28.451584,147.99254
1353,1118936713100,1,-14.535,545.632,-13.3050375,541.11115,28.94367,144.14705
1353,1118936713100,3,-14.535,545.632,-11.8036,542.0088,28.731522,151.37968
1353,1118936713100,5,-14.539,544.632,-10.5512295,522.6017,28.451584,147.99254
1353,1118936717000,1,-14.535,545.632,-13.3050375,541.11115,28.94367,144.14705
1353,1118936717000,3,-14.535,545.65,-11.747232,542.0088,28.731522,151.37968
1353,1118936717000,5,-14.538,544.638,-10.171639,519.264,28.451584,147.99254
1353,1118936717400,1,-14.535,545.632,-13.3050375,541.11115,28.94367,144.14705
1353,1118936717400,3,-14.539,544.632,-11.747232,542.0088,28.731522,151.37968
1353,1118936717400,5,-14.539,544.581,-10.171639,519.264,28.451584,147.99254
1353,1118936718700,1,-14.535,545.65,-13.3050375,541.11115,28.94367,144.14705
1353,1118936718700,3,-14.538,544.638,-11.747232,542.0088,28.731522,151.37968
1353,1118936718700,5,-14.539,544.632,-10.171639,519.264,28.451584,147.99254
1353,1118936720900,1,-14.539,544.632,-13.3050375,541.11115,28.94367,144.14705
1353,1118936720900,3,-14.539,544.581,-11.747232,542.0088,28.731522,151.37968
1353,1118936720900,5,-14.539,544.632,-10.171639,519.264,28.451584,147.99254
1353,1118936723000,1,-14.538,544.638,-13.3050375,541.11115,28.94367,144.14705
1353,1118936723000,3,-14.539,544.632,-11.747232,542.0088,28.731522,151.37968
1353,1118936723000,5,-14.539,544.632,-10.171639,519.264,28.451584,147.99254
1353,1118936724300,1,-14.539,544.581,-13.3050375,520.4297,28.94367,144.14705
1353,1118936724300,3,-14.539,544.632,-11.747232,528.72626,28.731522,151.37968
1353,1118936724300,5,-14.539,544.632,-10.171639,504.2672,28.451584,147.99254
1353,1118936724400,1,-14.539,544.632,-13.316194,541.11115,28.94367,144.14705
1353,1118936724400,3,-14.539,544.632,-11.777347,536.3893,28.731522,151.37968
1353,1118936724400,5,-14.539,544.632,-10.171639,502.19788,28.451584,147.99254
1353,1118936726400,1,-14.539,544.632,-13.3050375,520.4297,28.94367,144.14705
1353,1118936726400,3,-14.539,544.632,-11.747232,524.3298,28.731522,151.37968
1353,1118936726400,5,-14.57,503.467,-10.171639,504.2672,28.451584,147.99254
1353,1118936726900,1,-14.539,544.632,-13.3050375,538.3795,28.94367,144.14705
1353,1118936726900,3,-14.539,544.632,-11.747232,533.9965,28.731522,151.37968
1353,1118936726900,5,-13.633,484.663,-10.171639,502.19788,28.451584,147.99254
1353,1118936728700,1,-14.539,544.632,-13.3050375,541.11115,28.94367,144.14705
1353,1118936728700,3,-14.57,503.467,-11.747232,537.6123,28.731522,151.37968
1353,1118936728700,5,55.318,394.395,-10.171639,519.264,28.451584,147.99254
1353,1118936730600,1,-14.539,544.632,-13.3050375,538.3795,28.94367,144.14705
1353,1118936730600,3,-13.633,484.663,-11.952485,539.6161,28.731522,151.37968
1353,1118936730600,5,98.522,394.204,-10.171639,519.264,28.451584,147.99254
1353,1118936731600,1,-14.57,503.467,-13.3050375,541.11115,28.94367,144.14705
1353,1118936731600,3,55.318,394.395,-11.747232,542.0088,28.731522,151.37968
1353,1118936731600,5,-24.977,1508.784,-10.5512295,519.264,28.451584,147.99254
1353,1118936742600,1,-13.633,484.663,-13.3050375,497.8184,28.94367,144.14705
1353,1118936742600,3,98.522,394.204,-11.982599,477.84174,28.731522,151.37968
1353,1118936742600,5,-23.704,1498.547,-9.939282,480.94324,28.451584,147.99254
1353,1118936743300,1,55.318,394.395,-12.545366,473.18192,28.94367,144.14705
1353,1118936743300,3,-24.977,1508.784,-9.462391,456.2816,28.731522,151.37968
1353,1118936743300,5,-23.211,1476.054,-6.891175,456.42377,28.451584,147.99254
1353,1118936747600,1,98.522,394.204,44.78497,405.17612,28.94367,144.14705
1353,1118936747600,3,-23.704,1498.547,54.347336,229.24161,28.731522,151.37968
1353,1118936747600,5,-28.469,1416.132,52.745605,289.875,28.451584,147.99254
1353,1118936748900,1,-24.977,1508.784,75.93292,309.54684,28.94367,144.14705
1353,1118936748900,3,-23.211,1476.054,80.0881,301.80038,28.731522,151.37968
1353,1118936748900,5,-30.738,1403.751,79.01384,194.18213,28.451584,147.99254
1353,1118937451500,1,-23.704,1498.547,-12.4256,1435.9923,28.94367,144.14705
1353,1118937451500,3,-28.469,1416.132,1.7827666,1470.0499,28.731522,151.37968
1353,1118937451500,5,-35.549,1368.656,12.856807,1137.4493,28.451584,147.99254
1353,1118937451900,1,-23.211,1476.054,-17.642332,1477.828,28.94367,144.14705
1353,1118937451900,3,-30.738,1403.751,-6.34044,1354.8567,28.731522,151.37968
1353,1118937451900,5,-36.699,1274.889,-5.1695037,1162.1464,28.451584,147.99254
1353,1118937452700,1,-28.469,1416.132,-18.914656,1425.6836,28.94367,144.14705
1353,1118937452700,3,-35.549,1368.656,-11.991173,1271.5432,28.731522,151.37968
1353,1118937452700,5,-35.085,1255.803,-14.840403,1147.7489,28.451584,147.99254
1353,1118937454800,1,-30.738,1403.751,-27.228472,1350.0111,28.94367,144.14705
1353,1118937454800,3,-36.699,1274.889,-19.903957,1316.168,28.731522,151.37968
1353,1118937454800,5,-33.841,1240.243,-21.79109,1114.1909,28.451584,147.99254
1353,1118937455200,1,-35.549,1368.656,-26.09515,1305.9365,28.94367,144.14705
1353,1118937455200,3,-35.085,1255.803,-20.82794,1370.9285,28.731522,151.37968
1353,1118937455200,5,-37.727,1125.58,-6.5352345,1224.6884,28.451584,147.99254
1353,1118937456200,1,-36.699,1274.889,5.090597,1255.5627,28.94367,144.14705
1353,1118937456200,3,-33.841,1240.243,-0.976703,1302.6898,28.731518,151.37967
1353,1118937456200,5,-30.914,1001.689,-3.3205347,1289.1552,28.451584,147.99254
1353,1118937458400,1,-35.085,1255.803,3.4114957,1095.1088,28.943668,144.14705
1353,1118937458400,3,-37.727,1125.58,4.5644913,1153.9816,28.73152,151.37967
1353,1118937458400,5,-27.12,934.259,-3.0403187,1008.4729,28.451584,147.99254
1353,1118937458900,1,-33.841,1240.243,-0.15246673,1022.94275,28.94367,144.14705
1353,1118937458900,3,-30.914,1001.689,-2.1053948,1115.5939,28.731522,151.37968
1353,1118937458900,5,-40.289,803.06,-6.0351124,1139.9141,28.451584,147.99254
1353,1118937459300,1,-37.727,1125.58,-0.22981896,1022.94275,28.94367,144.14705
1353,1118937459300,3,-27.12,934.259,-4.645454,1113.5587,28.731522,151.37968
1353,1118937459300,5,-42.726,675.555,2.6550407,1147.3151,28.451584,147.99254
1353,1118937462300,1,-30.914,1001.689,1.9256927,541.7687,28.94367,144.14705
1353,1118937462300,3,-40.289,803.06,-3.0106287,947.85645,28.731522,151.37968
1353,1118937462300,5,-46.49,531.741,5.1134386,859.85236,28.451584,147.99254
1353,1118937465000,1,-27.12,934.259,-25.320028,914.14557,28.94367,144.14705
1353,1118937465000,3,-42.726,675.555,-0.64464897,863.6337,28.731522,151.37968
1353,1118937465000,5,-46.803,508.667,-8.716762,776.56573,28.451584,147.99254
1353,1118937466500,1,-40.289,803.06,-14.477605,897.50793,28.94367,144.14705
1353,1118937466500,3,-46.49,531.741,-3.845154,768.1012,28.731522,151.37968
1353,1118937466500,5,-46.652,471.554,-13.705383,780.1288,28.451584,147.99254
1353,1118937469500,1,-42.726,675.555,4.3005843,261.60214,28.94367,144.14705
1353,1118937469500,3,-46.803,508.667,12.751651,418.57315,28.731522,151.37968
1353,1118937469500,5,-34.037,358.852,3.245503,451.6623,28.451584,147.99254
1353,1118937472300,1,-46.49,531.741,6.9918118,299.4358,28.94367,144.14705
1353,1118937472300,3,-46.652,471.554,17.321646,341.18216,28.731522,151.37968
1353,1118937472300,5,-31.539,339.466,6.1474047,354.34378,28.451584,147.99254
1353,1118937475400,1,-46.803,508.667,4.7572627,221.38951,28.943666,144.14705
1353,1118937475400,3,-34.037,358.852,9.050914,225.04706,28.73152,151.37965
1353,1118937475400,5,-29.449,266.868,5.9416966,351.9433,28.451584,147.99254
1353,1118937475900,1,-46.652,471.554,7.4830317,246.84053,28.943645,144.14697
1353,1118937475900,3,-31.539,339.466,9.448562,262.85294,28.731516,151.37961
1353,1118937475900,5,-27.506,240.918,5.8418207,355.11304,28.451584,147.99254
1353,1118937476700,1,-34.037,358.852,4.035613,213.93602,28.943487,144.14645
1353,1118937476700,3,-29.449,266.868,6.2443056,215.0646,28.731487,151.37927
1353,1118937476700,5,-27.444,236.711,8.596788,317.79987,28.451582,147.99254
1353,1118937479100,1,-31.539,339.466,-1.4637612,329.04166,28.942513,144.14328
1353,1118937479100,3,-27.506,240.918,0.5784768,301.65073,28.731436,151.37863
1353,1118937479100,5,-27.678,219.607,9.068442,322.52182,28.451578,147.99252
1353,1118937479600,1,-29.449,266.868,-4.2192984,287.91785,28.9396,144.134
1353,1118937479600,3,-27.444,236.711,3.4274092,264.1186,28.731508,151.37952
1353,1118937479600,5,-27.945,150.296,11.57885,273.04446,28.451578,147.99251
1353,1118937481300,1,-27.506,240.918,-13.802802,255.29169,28.62635,143.14554
1353,1118937481300,3,-27.678,219.607,2.105833,239.35605,28.730885,151.37189
1353,1118937481300,5,-27.347,116.371,29.489712,352.48068,28.451555,147.9924
1354,1118936659100,1,-35.221,1379.964,-7.3140593,1366.5614,28.94367,144.14705
1354,1118936659100,3,-37.064,1175.76,-2.7201173,1468.4513,28.731522,151.37968
1354,1118936659100,5,-38.306,1142.119,-1.846729,1479.1744,28.451584,147.99254
1354,1118936661400,1,-40.051,1297.074,8.065461,1328.0397,28.94367,144.14705
1354,1118936661400,3,-37.512,1162.995,7.1247725,1466.3961,28.731522,151.37968
1354,1118936661400,5,-39.608,1121.142,10.8669615,1432.4762,28.451584,147.99254
1354,1118936663100,1,-37.064,1175.76,11.670369,812.097,28.94367,144.14705
1354,1118936663100,3,-38.306,1142.119,5.654964,1085.7435,28.731522,151.37968
1354,1118936663100,5,-34.214,1048.99,2.395447,1132.0962,28.451584,147.99254
1354,1118936665800,1,-37.512,1162.995,6.808352,926.79767,28.94367,144.14705
1354,1118936665800,3,-39.608,1121.142,5.987711,1127.9845,28.731522,151.37968
1354,1118936665800,5,-29.221,1006.499,-3.1637309,1151.695,28.451584,147.99254
1354,1118936666100,1,-38.306,1142.119,5.5357294,599.55414,28.94367,144.14705
1354,1118936666100,3,-34.214,1048.99,-0.7872213,1043.5492,28.731522,151.37968
1354,1118936666100,5,-27.71,930.615,-5.0444098,1172.0691,28.451584,147.99254
1354,1118936666600,1,-39.608,1121.142,7.617912,576.1296,28.94367,144.14705
1354,1118936666600,3,-29.221,1006.499,1.8718128,1042.5992,28.731522,151.37968
1354,1118936666600,5,-28.149,926.912,2.0584843,1149.6687,28.451584,147.99254
1354,1118936667100,1,-34.214,1048.99,6.21688,392.0827,28.94367,144.14705
1354,1118936667100,3,-27.71,930.615,3.8871808,721.39764,28.731522,151.37968
1354,1118936667100,5,-33.642,868.795,12.403267,881.74994,28.451584,147.99254
1354,1118936668600,1,-29.221,1006.499,4.699805,844.19574,28.94367,144.14705
1354,1118936668600,3,-28.149,926.912,16.802397,883.83527,28.731522,151.37968
1354,1118936668600,5,-42.64,645.378,10.457568,866.40576,28.451584,147.99254
1354,1118936669700,1,-27.71,930.615,-14.477605,969.8787,28.94367,144.14705
1354,1118936669700,3,-33.642,868.795,-5.3653,872.0213,28.731522,151.37968
1354,1118936669700,5,-44.205,462.487,-21.105705,823.4416,28.451584,147.99254
1354,1118936671500,1,-28.149,926.912,-15.1178875,900.6095,28.94367,144.14705
1354,1118936671500,3,-42.64,645.378,-4.998297,774.1739,28.731522,151.37968
1354,1118936671500,5,-29.915,280.401,-4.469334,818.83997,28.451584,147.99254
1354,1118936671600,1,-33.642,868.795,-15.991376,892.9797,28.94367,144.14705
1354,1118936671600,3,-44.205,462.487,-2.380622,760.7063,28.731522,151.37968
1354,1118936671600,5,-21.935,1574.417,-18.833265,781.6946,28.451584,147.99254
1354,1118936673200,1,-42.64,645.378,4.0875297,715.27423,28.94367,144.14705
1354,1118936673200,3,-29.915,280.401,16.904203,706.11224,28.731522,151.37968
1354,1118936673200,5,-11.602,1490.641,0.16436332,683.7568,28.451584,147.99254
1354,1118936678900,1,-44.205,462.487,7.4657984,306.77,28.94367,144.14705
1354,1118936678900,3,-21.935,1574.417,13.467177,354.81152,28.731522,151.37968
1354,1118936678900,5,-23.227,1383.46,-1.3402655,307.91016,28.451584,147.99254
1354,1118936682800,1,-29.915,280.401,7.979427,358.0212,28.943666,144.14705
1354,1118936682800,3,-11.602,1490.641,9.919097,225.3322,28.731497,151.37936
1354,1118936682800,5,-26.481,1322.115,2.8666627,345.12152,28.451584,147.99254
1354,1118936686800,1,-21.935,1574.417,-14.477605,301.79068,28.943586,144.14676
1354,1118936686800,3,-23.227,1383.46,-15.770933,277.61722,28.730831,151.37119
1354,1118936686800,5,-25.125,1220.73,-8.130997,294.74414,28.451574,147.99248
1354,1118937450800,1,-11.602,1490.641,-21.915411,1415.6018,28.94364,144.14697
1354,1118937450800,3,-26.481,1322.115,-18.350876,1404.18,28.731518,151.37968
1354,1118937450800,5,-26.997,1158.916,-12.655221,1215.371,28.45158,147.99252
1354,1118937452900,1,-23.227,1383.46,-10.104542,1495.7231,28.94364,144.14697
1354,1118937452900,3,-25.125,1220.73,-14.930861,1380.3765,28.731518,151.37968
1354,1118937452900,5,-20.228,1031.735,-6.2551346,1251.8473,28.45158,147.99252
1354,1118937455600,1,-26.481,1322.115,-22.07372,1360.1798,28.94364,144.14697
1354,1118937455600,3,-26.997,1158.916,-8.698757,1296.5739,28.731518,151.37968
1354,1118937455600,5,-15.071,978.919,-3.04549,1187.6804,28.45158,147.99252
1354,1118937456900,1,-25.125,1220.73,-17.301962,1296.2988,28.943628,144.14693
1354,1118937456900,3,-20.228,1031.735,-1.9823992,1249.1724,28.731518,151.37968
1354,1118937456900,5,-15.089,975.809,-11.202299,1172.258,28.45158,147.99252
1354,1118937459400,1,-26.997,1158.916,-21.733936,1213.5182,28.94344,144.14627
1354,1118937459400,3,-15.071,978.919,4.2020454,1113.7338,28.7315,151.3796
1354,1118937459400,5,-30.292,796.606,-4.6230006,1092.8096,28.451555,147.99242
1354,1118937461000,1,-20.228,1031.735,-14.454932,1112.7968,28.943611,144.14684
1354,1118937461000,3,-15.089,975.809,-20.45375,1026.2886,28.731476,151.37946
1354,1118937461000,5,-32.541,512.441,-10.707952,934.4375,28.45154,147.99234
1354,1118937464700,1,-15.071,978.919,-21.061571,998.70654,28.94366,144.14702
1354,1118937464700,3,-30.292,796.606,-14.548846,893.52527,28.731508,151.37961
1354,1118937464700,5,-32.363,465.531,-22.122278,900.26447,28.451572,147.99248
1354,1118937466300,1,-15.089,975.809,-11.423509,943.73474,28.94367,144.14705
1354,1118937466300,3,-32.541,512.441,-15.454814,834.3943,28.731522,151.37968
1354,1118937466300,5,-31.931,452.136,-11.916345,840.6439,28.451584,147.99254
1354,1118937466400,1,-30.292,796.606,-13.879416,946.32587,28.94367,144.14705
1354,1118937466400,3,-32.363,465.531,-15.807379,836.1483,28.731522,151.37968
1354,1118937466400,5,-25.876,392.978,-15.799956,892.5273,28.451584,147.99254
1354,1118937471000,1,-32.541,512.441,-26.01865,760.0301,28.94367,144.14705
1354,1118937471000,3,-31.931,452.136,-19.3504,630.7292,28.731522,151.37968
1354,1118937471000,5,-19.234,291.107,-25.735659,585.59784,28.451584,147.99254
1354,1118937476300,1,-32.363,465.531,-0.3957881,386.6403,28.943668,144.14705
1354,1118937476300,3,-25.876,392.978,1.4818794,468.93243,28.731522,151.37967
1354,1118937476300,5,-17.4,238.105,-20.553698,457.6468,28.451584,147.99254
1354,1118937477100,1,-31.931,452.136,-2.8762066,347.15125,28.943665,144.14705
1354,1118937477100,3,-19.234,291.107,-3.6239805,421.7647,28.731516,151.37961
1354,1118937477100,5,-17.271,189.056,-24.427492,445.10666,28.451584,147.99254
1354,1118937477300,1,-25.876,392.978,-2.235924,425.4964,28.94364,144.14694
1354,1118937477300,3,-17.4,238.105,-5.1034822,391.9043,28.73145,151.37881
1354,1118937477300,5,-16.446,142.572,-19.57578,385.79752,28.45158,147.99252
1354,1118937478300,1,-19.234,291.107,-28.398312,360.93857,28.943556,144.14662
1354,1118937478300,3,-17.271,189.056,-21.864151,369.15875,28.731499,151.37944
1354,1118937478300,5,-16.534,88.287,-14.922763,348.86102,28.451572,147.9925
1365,1118936666200,1,-35.758,1350.067,-10.411507,1301.9216,28.94367,144.14705
1365,1118936666200,3,-36.723,1156.58,-3.0379255,1424.3672,28.731522,151.37968
1365,1118936666200,5,-26.257,949.976,-4.989526,1448.5792,28.451584,147.99254
1365,1118936667700,1,-36.427,1204.507,8.026427,1280.6188,28.94367,144.14705
1365,1118936667700,3,-26.205,1007.074,7.249478,1500.1761,28.731522,151.37968
1365,1118936667700,5,-30.265,909.771,10.622141,1432.2427,28.451584,147.99254
1365,1118936670700,1,-36.723,1156.58,7.809103,1019.45654,28.94367,144.14705
1365,1118936670700,3,-26.257,949.976,5.0758324,1192.702,28.731522,151.37968
1365,1118936670700,5,-42.925,719.761,1.2334241,1185.8528,28.451584,147.99254
1365,1118936671800,1,-26.205,1007.074,2.6946032,893.1068,28.94367,144.14705
1365,1118936671800,3,-30.265,909.771,1.9863579,1115.9023,28.731522,151.37968
1365,1118936671800,5,-42.923,654.043,-7.4186416,1200.9581,28.451584,147.99254
1365,1118936675300,1,-26.257,949.976,-23.969988,1010.47894,28.94367,144.14705
1365,1118936675300,3,-42.925,719.761,-23.211422,902.4571,28.731522,151.37968
1365,1118936675300,5,-44.417,525.415,-18.125278,1006.0993,28.451584,147.99254
1365,1118936676700,1,-30.265,909.771,-24.779848,881.3507,28.94367,144.14705
1365,1118936676700,3,-42.923,654.043,-22.664288,828.67914,28.731522,151.37968
1365,1118936676700,5,-44.138,469.152,-4.1951437,899.75885,28.451584,147.99254
1365,1118936678000,1,-42.925,719.761,-26.8338,866.17114,28.94367,144.14705
1365,1118936678000,3,-44.417,525.415,-17.42925,733.5812,28.731522,151.37968
1365,1118936678000,5,-31.068,345.213,-2.6654036,789.5186,28.451584,147.99254
1365,1118936683400,1,-42.923,654.043,6.309756,232.0255,28.94367,144.14705
1365,1118936683400,3,-44.138,469.152,19.357967,322.53867,28.731522,151.37968
1365,1118936683400,5,-29.702,277.695,13.669024,254.68048,28.451584,147.99254
1365,1118936685000,1,-44.417,525.415,7.7519245,281.8859,28.94367,144.14705
1365,1118936685000,3,-31.068,345.213,13.80865,355.47873,28.731522,151.37968
1365,1118936685000,5,-27.451,160.303,-8.660156,411.04782,28.451584,147.99254
1365,1118936687700,1,-44.138,469.152,4.8697667,223.27412,28.943666,144.14705
1365,1118936687700,3,-29.702,277.695,7.31255,249.54488,28.73152,151.37965
1365,1118936687700,5,-27.451,160.303,0.59248817,391.19382,28.451584,147.99254
1365,1118936688900,1,-31.068,345.213,3.9414434,184.52371,28.943645,144.14697
1365,1118936688900,3,-27.451,160.303,1.0137433,203.98672,28.731504,151.37947
1365,1118936688900,5,-27.451,160.303,6.546295,339.1505,28.451584,147.99254
1365,1118936692100,1,-29.702,277.695,-24.739395,329.13815,28.943602,144.14684
1365,1118936692100,3,-27.451,160.303,-20.76596,317.14047,28.731514,151.37958
1365,1118936692100,5,-27.451,160.303,-8.94068,319.2947,28.451582,147.99254
1365,1118936694000,1,-27.451,160.303,-25.28551,301.36438,28.943375,144.14606
1365,1118936694000,3,-27.451,160.303,-3.9515634,279.80527,28.731451,151.37881
1365,1118936694000,5,-27.451,160.303,4.9600935,278.26688,28.451578,147.99251
1365,1118936703400,1,-27.451,160.303,-1.8635658,187.50706,28.927767,144.08075
1365,1118936703400,3,-27.451,160.303,25.417067,243.21764,28.73142,151.37897
1365,1118936703400,5,-27.451,160.303,10.501658,289.6002,28.451256,147.99022
1365,1118936706000,1,-27.451,160.303,7.575363,183.26678,28.915104,144.035
1365,1118936706000,3,-27.451,160.303,21.339281,250.63998,28.731422,151.37921
1365,1118936706000,5,-27.451,160.303,9.07468,265.54742,28.451223,147.99004
1365,1118936706700,1,-27.451,160.303,7.575363,201.88278,28.915094,144.03432
1365,1118936706700,3,-27.451,160.303,20.326685,281.752,28.73141,151.37918
1365,1118936706700,5,-27.451,160.303,8.743176,307.12436,28.45119,147.98993
1365,1118936707500,1,-27.451,160.303,7.575363,201.88278,28.921112,144.05388
1365,1118936707500,3,-27.451,160.303,19.237692,274.923,28.731386,151.37906
1365,1118936707500,5,-27.451,160.303,11.702955,324.43808,28.451113,147.98961
1365,1118936707800,1,-27.451,160.303,7.575363,201.88278,28.922544,144.05858
1365,1118936707800,3,-27.451,160.303,18.507082,301.79044,28.731388,151.37907
1365,1118936707800,5,-27.451,160.303,11.675827,313.25705,28.451065,147.98947
1365,1118936707900,1,-27.451,160.303,7.575363,204.61438,28.922836,144.05952
1365,1118936707900,3,-27.451,160.303,10.873544,304.18317,28.731377,151.379
1365,1118936707900,5,-27.451,160.303,12.623061,275.00916,28.450966,147.98914
1365,1118936708200,1,-27.451,160.303,-3.2670612,204.61438,28.922962,144.05994
1365,1118936708200,3,-27.451,160.303,10.967237,292.0182,28.731358,151.37889
1365,1118936708200,5,-27.451,160.303,12.363089,252.93184,28.450865,147.98877
1365,1118936708400,1,-27.451,160.303,-3.2670612,204.61438,28.922981,144.05997
1365,1118936708400,3,-27.451,160.303,16.017212,240.23944,28.73134,151.37889
1365,1118936708400,5,-27.451,160.303,25.262232,254.23758,28.45065,147.98802
1365,1118936711600,1,-27.451,160.303,-3.2670612,204.61438,28.922974,144.05997
1365,1118936711600,3,-27.451,160.303,16.49293,239.59778,28.731354,151.37895
1365,1118936711600,5,-27.67,154.958,25.64182,255.42104,28.450705,147.9882
1365,1118936716000,1,-27.451,160.303,-3.2670612,204.61438,28.922974,144.05997
1365,1118936716000,3,-27.451,160.303,16.49293,239.59778,28.731354,151.37895
1365,1118936716000,5,-27.356,93.003,25.64182,255.42104,28.450705,147.9882
1365,1118936716400,1,-27.451,160.303,-3.2670612,204.61438,28.922974,144.05997
1365,1118936716400,3,-27.67,154.958,16.49293,239.59778,28.731354,151.37895
1365,1118936716400,5,-28.232,60.402,25.64182,255.42104,28.450705,147.9882
1365,1118936718100,1,-27.451,160.303,-3.2670612,204.61438,28.922974,144.05997
1365,1118936718100,3,-27.356,93.003,16.49293,239.59778,28.731354,151.37895
1365,1118936718100,5,7.598,62.892,25.64182,255.42104,28.450705,147.9882
1365,1118936720300,1,-27.67,154.958,-3.2670612,204.61438,28.922974,144.05997
1365,1118936720300,3,-28.232,60.402,16.49293,239.59778,28.731354,151.37895
1365,1118936720300,5,8.211,69.868,25.64182,255.42104,28.450705,147.9882
1365,1118936726200,1,-27.356,93.003,-3.2782176,204.61438,28.915623,144.02904
1365,1118936726200,3,7.598,62.892,16.462816,239.59778,28.73132,151.37878
1365,1118936726200,5,9.004,81.339,26.642855,255.42104,28.450573,147.98741
1365,1118936729500,1,-28.232,60.402,1.9077642,136.42325,28.690725,143.08594
1365,1118936729500,3,8.211,69.868,19.015587,171.66336,28.725662,151.32082
1365,1118936729500,5,10.202,96.789,36.488525,210.84726,28.445967,147.95541
1365,1118936730600,1,7.598,62.892,1.6309233,133.93571,28.10193,140.363
1365,1118936730600,3,9.004,81.339,19.215193,144.7946,28.53884,149.1549
1365,1118936730600,5,10.513,101.298,35.86713,136.68916,28.40362,147.65047
1365,1118937458300,1,8.211,69.868,7.145696,134.97447,28.9392,144.13023
1365,1118937458300,3,10.202,96.789,19.432083,187.34485,28.731106,151.37787
1365,1118937458300,5,10.617,102.774,33.464436,207.685,28.451063,147.99036
1365,1118937459800,1,9.004,81.339,9.2809105,150.34843,28.940033,144.13411
1365,1118937459800,3,10.513,101.298,19.838083,213.36911,28.731215,151.37836
1365,1118937459800,5,10.617,102.774,29.834702,221.88972,28.451214,147.99098
1365,1118937461500,1,10.202,96.789,8.531244,154.94162,28.940392,144.13588
1365,1118937461500,3,10.617,102.774,15.962097,222.5599,28.731274,151.37862
1365,1118937461500,5,10.617,102.774,27.079687,253.60597,28.451294,147.9913
1365,1118937463600,1,10.513,101.298,11.552554,159.94609,28.941637,144.14001
1365,1118937463600,3,10.617,102.774,16.783825,229.16235,28.73128,151.37862
1365,1118937463600,5,10.617,102.774,24.05278,292.0357,28.451283,147.99124
1365,1118937464500,1,10.617,102.774,11.552554,165.46968,28.943047,144.14445
1365,1118937464500,3,10.617,102.774,15.018066,255.47005,28.731146,151.37794
1365,1118937464500,5,10.617,102.774,14.150278,414.94684,28.4512,147.9908
1365,1118937468000,1,10.617,102.774,11.492195,165.46968,28.943535,144.14638
1365,1118937468000,3,10.617,102.774,11.311656,323.96112,28.731384,151.3789
1365,1118937468000,5,10.645,103.271,6.7507286,330.53445,28.451445,147.99174
1365,1118937468800,1,10.617,102.774,10.700676,165.46968,28.943632,144.14682
1365,1118937468800,3,10.617,102.774,10.974217,296.2589,28.731497,151.37952
1365,1118937468800,5,10.733,105.776,6.0148263,294.68127,28.451557,147.9924
1365,1118937469100,1,10.617,102.774,10.7816305,162.13756,28.943657,144.14693
1365,1118937469100,3,10.645,103.271,9.86377,231.25287,28.731516,151.37967
1365,1118937469100,5,10.888,110.76,8.615896,280.21368,28.451582,147.99252
1365,1118937471200,1,10.617,102.774,10.7655115,161.61464,28.943657,144.14693
1365,1118937471200,3,10.733,105.776,9.807402,228.28531,28.731516,151.37967
1365,1118937471200,5,18.263,278.741,8.615896,276.23032,28.451582,147.99252
1365,1118937471600,1,10.645,103.271,10.7655115,161.61464,28.943659,144.14693
1365,1118937471600,3,10.888,110.76,9.807402,228.28531,28.731516,151.37967
1365,1118937471600,5,18.437,296.042,8.662708,276.23032,28.451582,147.99252
1365,1118937476400,1,10.733,105.776,10.7655115,161.61464,28.943657,144.14694
1365,1118937476400,3,18.263,278.741,9.750639,228.28531,28.731516,151.37967
1365,1118937476400,5,18.714,315.302,8.778725,280.0069,28.451582,147.99252
1365,1118937476900,1,10.888,110.76,10.744916,161.61464,28.943657,144.14694
1365,1118937476900,3,18.437,296.042,10.665223,227.01051,28.731516,151.37967
1365,1118937476900,5,6.366,557.801,8.944309,283.46555,28.451582,147.99252
1365,1118937477600,1,18.263,278.741,10.744916,161.61464,28.943663,144.14696
1365,1118937477600,3,18.714,315.302,10.721591,230.61366,28.731518,151.37967
1365,1118937477600,5,6.386,561.801,9.039642,287.24164,28.451582,147.99252
1365,1118937485200,1,18.437,296.042,19.661707,342.33646,28.94367,144.14705
1365,1118937485200,3,6.366,557.801,18.778786,442.03036,28.731522,151.37968
1365,1118937485200,5,6.418,565.781,17.387075,539.8456,28.451584,147.99254
1365,1118937485800,1,18.714,315.302,18.977533,352.3462,28.94367,144.14705
1365,1118937485800,3,6.386,561.801,18.9827,461.25555,28.731522,151.37968
1365,1118937485800,5,6.441,569.779,17.715487,580.6835,28.451584,147.99254
1365,1118937486500,1,6.366,557.801,19.246014,361.73892,28.94367,144.14705
1365,1118937486500,3,6.418,565.781,18.9827,456.70804,28.731522,151.37968
1365,1118937486500,5,5.94,648.346,18.454756,575.0481,28.451584,147.99254
1365,1118937493600,1,6.386,561.801,7.4578195,628.4171,28.94367,144.14705
1365,1118937493600,3,6.441,569.779,6.756335,740.5589,28.731522,151.37968
1365,1118937493600,5,3.672,727.446,7.8717895,878.4886,28.451584,147.99254
1365,1118937493700,1,6.418,565.781,6.831799,632.8425,28.94367,144.14705
1365,1118937493700,3,5.94,648.346,7.184797,781.78253,28.731522,151.37968
1365,1118937493700,5,9.653,827.135,8.154891,897.6195,28.451584,147.99254
1365,1118937493800,1,6.441,569.779,6.916582,632.8425,28.94367,144.14705
1365,1118937493800,3,3.672,727.446,7.4029846,779.69867,28.731522,151.37968
1365,1118937493800,5,9.414,1070.394,8.154891,898.35754,28.451584,147.99254
1365,1118937493900,1,5.94,648.346,6.916582,635.3237,28.94367,144.14705
1365,1118937493900,3,9.653,827.135,7.128429,780.8716,28.731522,151.37968
1365,1118937493900,5,7.561,1081.058,7.4098096,888.91437,28.451584,147.99254
1365,1118937495700,1,3.672,727.446,6.111355,729.501,28.94367,144.14705
1365,1118937495700,3,9.414,1070.394,6.8093305,882.74036,28.731522,151.37968
1365,1118937495700,5,7.857,1127.685,7.2994227,995.49695,28.451584,147.99254
1365,1118937497300,1,9.653,827.135,5.319091,803.9612,28.94367,144.14705
1365,1118937497300,3,7.561,1081.058,9.482421,966.108,28.731522,151.37968
1365,1118937497300,5,9.932,1164.55,8.900163,1053.519,28.451584,147.99254
1365,1118937499300,1,9.414,1070.394,9.17002,905.8166,28.94367,144.14705
1365,1118937499300,3,7.857,1127.685,9.776913,1058.9154,28.731522,151.37968
1365,1118937499300,5,9.32,1304.991,10.478396,1184.5138,28.451584,147.99254
1365,1118937503800,1,7.561,1081.058,9.91954,1156.7361,28.94367,144.14705
1365,1118937503800,3,9.932,1164.55,10.55029,1299.909,28.731522,151.37968
1365,1118937503800,5,10.602,1367.592,12.06338,1223.6547,28.451584,147.99254
1365,1118937504000,1,7.857,1127.685,7.64951,1160.7843,28.94367,144.14705
1365,1118937504000,3,9.32,1304.991,6.385331,1321.8732,28.731522,151.37968
1365,1118937504000,5,20.271,1421.546,15.114466,1240.4646,28.451584,147.99254
1365,1118937504900,1,9.932,1164.55,8.491424,1212.8875,28.94367,144.14705
1365,1118937504900,3,10.602,1367.592,9.98569,1343.9913,28.731522,151.37968
1365,1118937504900,5,20.649,1422.472,16.96837,1306.152,28.451584,147.99254
1365,1118937505600,1,9.32,1304.991,9.903437,1254.1239,28.94367,144.14705
1365,1118937505600,3,20.271,1421.546,11.447806,1347.3998,28.731522,151.37968
1365,1118937505600,5,26.469,1471.838,14.459381,1295.4874,28.451584,147.99254
1365,1118937508900,1,10.602,1367.592,9.50952,1395.9945,28.94367,144.14705
1365,1118937508900,3,20.649,1422.472,11.821961,1453.5154,28.731522,151.37968
1365,1118937508900,5,27.236,1474.395,13.940987,1397.6727,28.451584,147.99254
1365,1118937511200,1,20.271,1421.546,10.753874,1334.1409,28.94367,144.14705
1365,1118937511200,3,26.469,1471.838,18.872597,1458.3499,28.731522,151.37968
1365,1118937511200,5,28.312,1489.742,20.955912,1401.9819,28.451584,147.99254
1396,1118937470000,1,-2.443,1460.027,2.7988875,1676.1565,28.94367,144.14705
1396,1118937470000,3,-16.588,1360.054,8.2963915,1685.8717,28.731522,151.37968
1396,1118937470000,5,-16.162,1254.788,8.083824,1651.7596,28.451584,147.99254
1396,1118937470600,1,-15.358,1369.248,-1.2773514,1564.3817,28.94367,144.14705
1396,1118937470600,3,-16.717,1322.213,-0.09532441,1609.6068,28.731522,151.37968
1396,1118937470600,5,-15.487,1201.718,3.654589,1480.8535,28.451584,147.99254
1396,1118937472900,1,-16.588,1360.054,-11.536359,1431.6973,28.94367,144.14705
1396,1118937472900,3,-16.162,1254.788,-9.020864,1445.4507,28.731522,151.37968
1396,1118937472900,5,-15.565,1055.799,-6.1817636,1446.8722,28.451584,147.99254
1396,1118937473100,1,-16.717,1322.213,-14.96743,1401.8983,28.94367,144.14705
1396,1118937473100,3,-15.487,1201.718,-10.729995,1441.8949,28.731522,151.37968
1396,1118937473100,5,-12.863,1041.229,-11.03461,1421.8937,28.451584,147.99254
1396,1118937474100,1,-16.162,1254.788,-13.802647,1364.0388,28.94367,144.14705
1396,1118937474100,3,-15.565,1055.799,-12.677994,1322.6223,28.731522,151.37968
1396,1118937474100,5,-5.013,996.527,-11.649854,1423.2623,28.451584,147.99254
1396,1118937475900,1,-15.487,1201.718,-14.203477,1283.3134,28.94367,144.14705
1396,1118937475900,3,-12.863,1041.229,-12.313572,1198.7767,28.731522,151.37968
1396,1118937475900,5,-15.85,748.674,-9.26466,1388.6727,28.451584,147.99254
1396,1118937477500,1,-15.565,1055.799,-12.653981,1172.5892,28.94367,144.14705
1396,1118937477500,3,-5.013,996.527,-12.666726,1105.3107,28.731522,151.37968
1396,1118937477500,5,-13.854,670.986,-9.695612,1176.5541,28.451584,147.99254
1396,1118937482000,1,-12.863,1041.229,-12.878695,1028.3538,28.94367,144.14705
1396,1118937482000,3,-15.85,748.674,-13.945211,899.27026,28.731522,151.37968
1396,1118937482000,5,-13.556,666.358,-8.773008,852.169,28.451584,147.99254
1396,1118937482500,1,-5.013,996.527,-12.799573,1016.076,28.94367,144.14705
1396,1118937482500,3,-13.854,670.986,-11.738075,898.0129,28.731522,151.37968
1396,1118937482500,5,-13.556,666.358,-17.184107,851.0971,28.451584,147.99254
1396,1118937483800,1,-15.85,748.674,-6.6439204,958.54425,28.94367,144.14705
1396,1118937483800,3,-13.556,666.358,-10.645788,863.63293,28.731522,151.37968
1396,1118937483800,5,-13.556,666.358,-16.109505,772.0446,28.451584,147.99254
1396,1118937490800,1,-13.854,670.986,-13.214833,714.5163,28.94367,144.14705
1396,1118937490800,3,-13.556,666.358,-13.6361685,630.9319,28.731522,151.37968
1396,1118937490800,5,-13.556,666.358,-18.848705,512.9812,28.451584,147.99254
1396,1118937495300,1,-13.556,666.358,-12.788402,652.9278,28.94367,144.14705
1396,1118937495300,3,-13.556,666.358,-13.678863,532.1766,28.731522,151.37968
1396,1118937495300,5,-13.556,666.358,-16.616367,523.6651,28.451584,147.99254
1396,1118937499500,1,-13.556,666.358,-13.242634,639.4495,28.94367,144.14705
1396,1118937499500,3,-13.556,666.358,-12.761019,552.2467,28.731522,151.37968
1396,1118937499500,5,-13.556,666.358,-14.2648,569.25134,28.451584,147.99254
1396,1118937501200,1,-13.556,666.358,-13.242634,642.66187,28.94367,144.14705
1396,1118937501200,3,-13.556,666.358,-13.957729,612.4573,28.731522,151.37968
1396,1118937501200,5,-13.556,666.358,-14.5339775,574.54785,28.451584,147.99254
1396,1118937501300,1,-13.556,666.358,-13.242634,663.3433,28.94367,144.14705
1396,1118937501300,3,-13.556,666.358,-13.806705,627.6007,28.731522,151.37968
1396,1118937501300,5,-13.556,666.358,-14.539907,585.48724,28.451584,147.99254
1396,1118937502100,1,-13.556,666.358,-13.242634,663.3433,28.94367,144.14705
1396,1118937502100,3,-13.556,666.358,-13.584622,630.2527,28.731522,151.37968
1396,1118937502100,5,-13.069,666.248,-10.916643,610.7614,28.451584,147.99254
1396,1118937505000,1,-13.556,666.358,-13.242634,663.3433,28.94367,144.14705
1396,1118937505000,3,-13.556,666.358,-13.666669,634.6492,28.731522,151.37968
1396,1118937505000,5,-13.073,666.389,-13.660791,609.49567,28.451584,147.99254
1396,1118937510500,1,-13.556,666.358,-13.242634,666.0749,28.94367,144.14705
1396,1118937510500,3,-13.069,666.248,-13.383077,640.00946,28.731522,151.37968
1396,1118937510500,5,-13.573,666.356,-14.186086,611.9449,28.451584,147.99254
1396,1118937511100,1,-13.556,666.358,-13.242634,666.0749,28.94367,144.14705
1396,1118937511100,3,-13.073,666.389,-12.167617,637.04193,28.731522,151.37968
1396,1118937511100,5,-13.573,666.357,-10.013267,613.2722,28.451584,147.99254
1396,1118937511900,1,-13.069,666.248,-13.242634,666.0749,28.94367,144.14705
1396,1118937511900,3,-13.573,666.356,-11.926242,640.00946,28.731522,151.37968
1396,1118937511900,5,-13.573,666.357,-10.0110855,617.7934,28.451584,147.99254
1396,1118937515300,1,-13.073,666.389,-13.123246,666.0749,28.94367,144.14705
1396,1118937515300,3,-13.573,666.357,-11.682238,640.00946,28.731522,151.37968
1396,1118937515300,5,-13.573,666.357,-9.631496,613.8134,28.451584,147.99254
1396,1118937517800,1,-13.573,666.356,-13.183605,645.39343,28.94367,144.14705
1396,1118937517800,3,-13.573,666.357,-11.510407,635.75024,28.731522,151.37968
1396,1118937517800,5,-13.602,666.355,-8.836448,598.7138,28.451584,147.99254
1396,1118937524000,1,-13.573,666.357,-13.223499,666.0749,28.94367,144.14705
1396,1118937524000,3,-13.573,666.357,-11.899988,640.00946,28.731522,151.37968
1396,1118937524000,5,-13.073,666.394,-9.631496,588.45325,28.451584,147.99254
1396,1118937524200,1,-13.573,666.357,-13.242634,664.1402,28.94367,144.14705
1396,1118937524200,3,-13.602,666.355,-11.869874,631.3537,28.731522,151.37968
1396,1118937524200,5,-13.073,666.397,-9.631496,598.92114,28.451584,147.99254
1396,1118937524600,1,-13.573,666.357,-13.242634,666.0749,28.94367,144.14705
1396,1118937524600,3,-13.073,666.394,-11.869874,637.61676,28.731522,151.37968
1396,1118937524600,5,-13.608,666.356,-9.631496,588.5667,28.451584,147.99254
1396,1118937524700,1,-13.602,666.355,-13.242634,666.0749,28.94367,144.14705
1396,1118937524700,3,-13.073,666.397,-11.869874,635.613,28.731522,151.37968
1396,1118937524700,5,-13.608,666.356,-9.717765,614.4557,28.451584,147.99254
1396,1118937530800,1,-13.073,666.394,-13.242634,666.0749,28.94367,144.14705
1396,1118937530800,3,-13.608,666.356,-11.936111,637.61676,28.731522,151.37968
1396,1118937530800,5,-13.608,666.356,-9.633677,614.4557,28.451584,147.99254
1396,1118937534200,1,-13.073,666.397,-13.123246,664.1402,28.94367,144.14705
1396,1118937534200,3,-13.608,666.356,-11.7386055,632.86444,28.731522,151.37968
1396,1118937534200,5,-13.608,666.356,-9.631496,599.7361,28.451584,147.99254
1396,1118937534400,1,-13.608,666.356,-13.183605,666.0749,28.94367,144.14705
1396,1118937534400,3,-13.608,666.356,-11.869874,640.00946,28.731522,151.37968
1396,1118937534400,5,-13.608,666.356,-8.836448,613.71063,28.451584,147.99254
1396,1118937536000,1,-13.608,666.356,-13.33424,666.0749,28.94367,144.14705
1396,1118937536000,3,-13.608,666.356,-11.899988,632.14996,28.731522,151.37968
1396,1118937536000,5,-13.608,666.356,-9.631496,614.34216,28.451584,147.99254
1396,1118937538600,1,-13.608,666.356,-13.242634,645.39343,28.94367,144.14705
1396,1118937538600,3,-13.608,666.356,-11.869874,635.75024,28.731522,151.37968
1396,1118937538600,5,-13.51,664.824,-9.631496,598.92114,28.451584,147.99254
1396,1118937538900,1,-13.608,666.356,-13.242634,666.0749,28.94367,144.14705
1396,1118937538900,3,-13.608,666.356,-11.869874,640.00946,28.731522,151.37968
1396,1118937538900,5,-13.975,623.826,-9.6783085,588.5667,28.451584,147.99254
1396,1118937539800,1,-13.608,666.356,-13.242634,666.0749,28.94367,144.14705
1396,1118937539800,3,-13.51,664.824,-11.869874,635.613,28.731522,151.37968
1396,1118937539800,5,1.895,416.804,-9.747513,614.4557,28.451584,147.99254
1396,1118937542800,1,-13.608,666.356,-13.242634,666.0749,28.94367,144.14705
1396,1118937542800,3,-13.975,623.826,-11.905996,637.61676,28.731522,151.37968
1396,1118937542800,5,9.406,409.674,-9.633677,614.4557,28.451584,147.99254
1396,1118937543500,1,-13.51,664.824,-13.242634,666.0749,28.94367,144.14705
1396,1118937543500,3,1.895,416.804,-11.926242,640.00946,28.731522,151.37968
1396,1118937543500,5,56.377,392.197,-9.631496,613.2722,28.451584,147.99254
1396,1118937546300,1,-13.975,623.826,-13.242634,666.0749,28.94367,144.14705
1396,1118937546300,3,9.406,409.674,-11.869874,641.616,28.731522,151.37968
1396,1118937546300,5,89.587,393.385,-9.631496,602.2043,28.451584,147.99254
1421,1118936701500,1,17.037,95.967,31.81841,112.307,28.949835,144.11374
1421,1118936701500,3,20.286,146.383,29.509853,152.04391,28.731497,151.37958
1421,1118936701500,5,25.585,211.797,27.705746,370.62683,28.451565,147.99243
1421,1118936703400,1,18.368,118.668,15.589867,-349.2745,28.943756,144.14645
1421,1118936703400,3,21.122,157.338,17.37838,277.13632,28.731514,151.37964
1421,1118936703400,5,26.26,222.172,17.693815,409.42136,28.45158,147.9925
1421,1118936704200,1,20.286,146.383,20.030996,173.5613,28.943678,144.14697
1421,1118936704200,3,25.585,211.797,20.070917,282.61194,28.731518,151.37968
1421,1118936704200,5,29.06,296.162,18.377602,394.70273,28.451582,147.99252
1421,1118936705200,1,21.122,157.338,22.36096,208.57664,28.94367,144.14703
1421,1118936705200,3,26.26,222.172,20.456533,320.8832,28.731522,151.37968
1421,1118936705200,5,29.061,296.36,18.86487,483.33884,28.451582,147.99254
1421,1118936705600,1,25.585,211.797,22.323107,232.91867,28.943668,144.14705
1421,1118936705600,3,29.06,296.162,21.143475,349.74377,28.731522,151.37968
1421,1118936705600,5,28.744,297.529,22.176464,491.23923,28.451582,147.99254
1421,1118936707700,1,26.26,222.172,24.661148,253.15962,28.943668,144.14705
1421,1118936707700,3,29.061,296.36,24.4635,372.877,28.731522,151.37968
1421,1118936707700,5,28.582,297.844,24.90625,490.91922,28.451584,147.99254
1421,1118936708200,1,29.06,296.162,27.00228,260.45877,28.943668,144.14705
1421,1118936708200,3,28.744,297.529,25.65121,371.68192,28.731522,151.37968
1421,1118936708200,5,28.589,297.844,24.700071,471.18387,28.451584,147.99254
1421,1118936713300,1,29.061,296.36,28.719965,341.36475,28.943668,144.14705
1421,1118936713300,3,28.582,297.844,28.770517,400.4588,28.73152,151.37968
1421,1118936713300,5,28.589,297.844,27.948671,440.07397,28.451584,147.99254
1421,1118936713400,1,28.744,297.529,28.659607,335.9351,28.943668,144.14705
1421,1118936713400,3,28.589,297.844,28.1938,397.4528,28.731522,151.37968
1421,1118936713400,5,28.589,297.844,28.072763,414.7713,28.451584,147.99254
1421,1118936714000,1,28.582,297.844,28.567999,334.6923,28.943668,144.14705
1421,1118936714000,3,28.589,297.844,28.04485,380.4689,28.731522,151.37968
1421,1118936714000,5,28.589,297.844,28.053036,409.33124,28.451584,147.99254
1421,1118936715600,1,28.589,297.844,28.648449,335.20273,28.94367,144.14705
1421,1118936715600,3,28.589,297.844,28.15182,380.2814,28.731522,151.37968
1421,1118936715600,5,28.589,297.844,28.416817,403.79346,28.451584,147.99254
1421,1118936716200,1,28.589,297.844,28.659607,334.35602,28.94367,144.14705
1421,1118936716200,3,28.589,297.844,28.03731,376.3746,28.731522,151.37968
1421,1118936716200,5,28.589,297.844,28.284939,390.35065,28.451584,147.99254
1421,1118936723800,1,28.589,297.844,28.724442,331.0239,28.94367,144.14705
1421,1118936723800,3,28.589,297.844,28.03731,373.34842,28.731522,151.37968
1421,1118936723800,5,28.589,297.844,28.33175,387.47153,28.451584,147.99254
1421,1118936727900,1,28.589,297.844,28.724442,331.0239,28.94367,144.14705
1421,1118936727900,3,28.589,297.844,28.03731,372.60635,28.731522,151.37968
1421,1118936727900,5,28.589,297.844,28.447767,392.51364,28.451584,147.99254
1421,1118936733200,1,28.589,297.844,28.724442,331.0239,28.94367,144.14705
1421,1118936733200,3,28.589,297.844,28.073431,372.60635,28.731522,151.37968
1421,1118936733200,5,28.589,297.844,28.449947,397.53015,28.451584,147.99254
1421,1118936733400,1,28.589,297.844,28.724442,331.0239,28.94367,144.14705
1421,1118936733400,3,28.589,297.844,28.129799,375.5739,28.731522,151.37968
1421,1118936733400,5,28.589,297.844,28.449947,402.0513,28.451584,147.99254
1421,1118936735100,1,28.589,297.844,28.724442,331.0239,28.94367,144.14705
1421,1118936735100,3,28.589,297.844,28.129799,375.5739,28.731522,151.37968
1421,1118936735100,5,28.589,297.844,28.449947,398.71362,28.451584,147.99254
1421,1118936735900,1,28.589,297.844,28.724442,331.0239,28.94367,144.14705
1421,1118936735900,3,28.589,297.844,28.129799,375.5739,28.731522,151.37968
1421,1118936735900,5,28.589,297.844,28.449947,398.71362,28.451584,147.99254
1421,1118936739100,1,28.589,297.844,28.724442,331.0239,28.94367,144.14705
1421,1118936739100,3,28.589,297.844,28.129799,375.5739,28.731522,151.37968
1421,1118936739100,5,28.589,297.844,28.449947,402.0513,28.451584,147.99254
1421,1118936742300,1,28.589,297.844,28.724442,331.0239,28.94367,144.14705
1421,1118936742300,3,28.589,297.844,28.129799,375.5739,28.731522,151.37968
1421,1118936742300,5,28.589,297.844,28.449947,398.71362,28.451584,147.99254
1421,1118936744400,1,28.589,297.844,28.724442,331.0239,28.94367,144.14705
1421,1118936744400,3,28.589,297.844,28.129799,375.5739,28.731522,151.37968
1421,1118936744400,5,28.589,297.844,28.449947,398.71362,28.451584,147.99254
1421,1118936748500,1,28.589,297.844,28.724442,331.0239,28.94367,144.14705
1421,1118936748500,3,28.589,297.844,28.129799,375.5739,28.731522,151.37968
1421,1118936748500,5,28.589,297.844,28.449947,398.71362,28.451584,147.99254
1421,1118936748800,1,28.589,297.844,28.724442,331.0239,28.94367,144.14705
1421,1118936748800,3,28.589,297.844,28.129799,375.5739,28.731522,151.37968
1421,1118936748800,5,28.589,297.844,28.449947,398.71362,28.451584,147.99254
1421,1118936754000,1,28.589,297.844,28.724442,331.0239,28.94367,144.14705
1421,1118936754000,3,28.589,297.844,28.129799,375.5739,28.731522,151.37968
1421,1118936754000,5,28.589,297.844,28.449947,398.71362,28.451584,147.99254
1421,1118936757100,1,28.589,297.844,28.724442,331.0239,28.94367,144.14705
1421,1118936757100,3,28.589,297.844,28.129799,375.5739,28.731522,151.37968
1421,1118936757100,5,28.589,297.844,28.449947,398.71362,28.451584,147.99254
1421,1118936757500,1,28.589,297.844,28.724442,331.0239,28.94367,144.14705
1421,1118936757500,3,28.589,297.844,28.129799,375.5739,28.731522,151.37968
1421,1118936757500,5,28.589,297.844,28.449947,398.71362,28.451584,147.99254
1421,1118936762000,1,28.589,297.844,28.724442,331.0239,28.94367,144.14705
1421,1118936762000,3,28.589,297.844,28.129799,375.5739,28.731522,151.37968
1421,1118936762000,5,28.589,297.844,28.449947,398.71362,28.451584,147.99254
1421,1118936764100,1,28.589,297.844,28.724442,331.0239,28.94367,144.14705
1421,1118936764100,3,28.589,297.844,28.129799,375.5739,28.731522,151.37968
1421,1118936764100,5,28.589,297.844,28.449947,398.71362,28.451584,147.99254
1421,1118936765300,1,28.589,297.844,28.724442,331.0239,28.94367,144.14705
1421,1118936765300,3,28.589,297.844,28.129799,375.5739,28.731522,151.37968
1421,1118936765300,5,28.589,297.853,28.449947,398.71362,28.451584,147.99254
1421,1118936766200,1,28.589,297.844,28.724442,331.0239,28.94367,144.14705
1421,1118936766200,3,28.589,297.844,28.129799,375.5739,28.731522,151.37968
1421,1118936766200,5,28.827,312.527,28.449947,398.71362,28.451584,147.99254
1421,1118936766300,1,28.589,297.844,28.724442,331.0239,28.94367,144.14705
1421,1118936766300,3,28.589,297.853,28.129799,375.5739,28.731522,151.37968
1421,1118936766300,5,25.856,372.937,28.449947,398.71362,28.451584,147.99254
1421,1118936766400,1,28.589,297.844,28.724442,331.0239,28.94367,144.14705
1421,1118936766400,3,28.827,312.527,28.129799,375.5739,28.731522,151.37968
1421,1118936766400,5,20.892,412.972,28.449947,398.71362,28.451584,147.99254
1421,1118936766500,1,28.589,297.853,28.724442,331.0239,28.94367,144.14705
1421,1118936766500,3,25.856,372.937,28.129799,375.5739,28.731522,151.37968
1421,1118936766500,5,18.57,429.48,28.449947,398.71362,28.451584,147.99254
1421,1118936768800,1,28.827,312.527,28.724442,331.0239,28.94367,144.14705
1421,1118936768800,3,20.892,412.972,28.129799,375.5739,28.731522,151.37968
1421,1118936768800,5,14.983,544.021,28.449947,398.71362,28.451584,147.99254
1421,1118936770400,1,25.856,372.937,28.7848,336.58267,28.94367,144.14705
1421,1118936770400,3,18.57,429.48,28.765282,374.4002,28.731522,151.37968
1421,1118936770400,5,14.45,581.471,28.557285,398.07135,28.451584,147.99254
1421,1118936772500,1,20.892,412.972,25.431707,409.75592,28.94367,144.14705
1421,1118936772500,3,14.983,544.021,24.417082,511.10956,28.731522,151.37968
1421,1118936772500,5,14.446,609.256,24.959494,633.9259,28.451584,147.99254
1421,1118936773600,1,18.57,429.48,19.81996,484.2278,28.94367,144.14705
1421,1118936773600,3,14.45,581.471,21.163591,573.36536,28.731522,151.37968
1421,1118936773600,5,14.448,614.816,21.960457,696.48486,28.451584,147.99254
1421,1118936774000,1,14.983,544.021,17.850792,498.6623,28.94367,144.14705
1421,1118936774000,3,14.446,609.256,19.053513,628.1066,28.731522,151.37968
1421,1118936774000,5,14.826,667.064,18.666563,749.3786,28.451584,147.99254
1421,1118936776400,1,14.45,581.471,14.960395,608.70624,28.94367,144.14705
1421,1118936776400,3,14.448,614.816,15.976935,745.4107,28.731522,151.37968
1421,1118936776400,5,31.94,964.306,17.74136,870.1772,28.451584,147.99254
1421,1118936777100,1,14.446,609.256,14.727,641.93585,28.94367,144.14705
1421,1118936777100,3,14.826,667.064,15.04465,784.1344,28.731522,151.37968
1421,1118936777100,5,21.309,1088.574,16.821478,920.0651,28.451584,147.99254
1421,1118936777600,1,14.448,614.816,14.873298,692.06836,28.94367,144.14705
1421,1118936777600,3,31.94,964.306,15.52835,868.6263,28.731522,151.37968
1421,1118936777600,5,19.606,1100.592,19.645012,1027.8228,28.451584,147.99254
1421,1118936777700,1,14.826,667.064,14.94924,684.6961,28.94367,144.14705
1421,1118936777700,3,21.309,1088.574,17.99711,874.8788,28.731522,151.37968
1421,1118936777700,5,19.516,1253.836,21.104517,1018.7943,28.451584,147.99254
1421,1118936778600,1,31.94,964.306,15.645291,742.4199,28.94367,144.14705
1421,1118936778600,3,19.606,1100.592,19.63031,870.82996,28.731522,151.37968
1421,1118936778600,5,18.982,1266.82,20.717031,1055.1919,28.451584,147.99254
1421,1118936782900,1,21.309,1088.574,31.364697,1059.7343,28.94367,144.14705
1421,1118936782900,3,19.516,1253.836,27.710247,1029.419,28.731522,151.37968
1421,1118936782900,5,31.972,1596.844,28.029785,1077.6437,28.451584,147.99254
1421,1118936784500,1,19.606,1100.592,19.677967,1294.848,28.94367,144.14705
1421,1118936784500,3,18.982,1266.82,21.166416,1368.3567,28.731522,151.37968
1421,1118936784500,5,38.921,292.569,25.0329,997.1331,28.451584,147.99254
1421,1118936784700,1,19.516,1253.836,17.858847,962.1465,28.94367,144.14705
1421,1118936784700,3,31.972,1596.844,19.881472,1353.6373,28.731522,151.37968
1421,1118936784700,5,39.645,329.972,21.556805,1017.0738,28.451584,147.99254
1421,1118936787000,1,18.982,1266.82,18.805859,1228.1853,28.94367,144.14705
1421,1118936787000,3,38.921,292.569,20.782858,1154.5924,28.731522,151.37968
1421,1118936787000,5,39.701,333.285,21.339119,1015.8566,28.451584,147.99254
1421,1118936787200,1,31.972,1596.844,17.956215,1319.7568,28.94367,144.14705
1421,1118936787200,3,39.645,329.972,18.698662,1117.6594,28.731522,151.37968
1421,1118936787200,5,39.733,335.178,20.118618,970.28754,28.451584,147.99254
1421,1118936792300,1,38.921,292.569,30.242123,1218.5183,28.94367,144.14705
1421,1118936792300,3,39.701,333.285,24.022472,1111.6422,28.731522,151.37968
1421,1118936792300,5,39.733,335.178,27.777836,880.1163,28.451584,147.99254
1421,1118937500200,1,39.645,329.972,37.95476,494.50537,28.94367,144.14705
1421,1118937500200,3,39.733,335.178,38.836475,346.61276,28.731522,151.37968
1421,1118937500200,5,39.733,335.178,38.791313,304.99313,28.451584,147.99254
1421,1118937503000,1,39.701,333.285,39.13839,308.9356,28.94367,144.14705
1421,1118937503000,3,39.733,335.178,39.919952,357.44885,28.731522,151.37968
1421,1118937503000,5,39.733,335.178,40.27013,366.95734,28.451584,147.99254
1421,1118937503700,1,39.733,335.178,39.619026,303.33395,28.94367,144.14705
1421,1118937503700,3,39.733,335.178,39.86349,353.687,28.731522,151.37968
1421,1118937503700,5,39.733,335.178,39.990128,329.3992,28.451584,147.99254
1421,1118937508400,1,39.733,335.178,39.765694,341.5644,28.94367,144.14705
1421,1118937508400,3,39.733,335.178,39.726727,360.6375,28.731522,151.37968
1421,1118937508400,5,39.733,335.178,40.067078,373.44257,28.451584,147.99254
1421,1118937508800,1,39.733,335.178,39.765694,339.35574,28.94367,144.14705
1421,1118937508800,3,39.733,335.178,39.684185,358.302,28.731522,151.37968
1421,1118937508800,5,39.733,335.178,39.923843,374.11243,28.451584,147.99254
1421,1118937511500,1,39.733,335.178,39.719284,339.98444,28.94367,144.14705
1421,1118937511500,3,39.733,335.178,39.69917,393.72348,28.731522,151.37968
1421,1118937511500,5,39.733,335.178,39.993416,347.93958,28.451584,147.99254
1421,1118937511600,1,39.733,335.178,39.719284,339.46152,28.94367,144.14705
1421,1118937511600,3,39.733,335.178,39.712868,356.00342,28.731522,151.37968
1421,1118937511600,5,40.289,335.694,39.92639,352.9315,28.451584,147.99254
1421,1118937512700,1,39.733,335.178,39.719284,341.83725,28.94367,144.14705
1421,1118937512700,3,39.733,335.178,39.863487,375.85873,28.731522,151.37968
1421,1118937512700,5,39.741,335.679,40.04583,400.4329,28.451584,147.99254
1421,1118937514900,1,39.733,335.178,39.719284,341.83725,28.94367,144.14705
1421,1118937514900,3,40.289,335.694,39.80712,372.89117,28.731522,151.37968
1421,1118937514900,5,39.741,335.679,40.1321,398.42255,28.451584,147.99254
1421,1118937520900,1,39.733,335.178,39.719284,341.83725,28.94367,144.14705
1421,1118937520900,3,39.741,335.679,39.843243,375.85873,28.731522,151.37968
1421,1118937520900,5,39.741,335.679,40.134277,402.9437,28.451584,147.99254
1421,1118937521200,1,40.289,335.694,39.719284,341.83725,28.94367,144.14705
1421,1118937521200,3,39.741,335.679,39.899612,375.85873,28.731522,151.37968
1421,1118937521200,5,39.741,335.679,40.134277,399.606,28.451584,147.99254
1421,1118937523400,1,39.741,335.679,40.28983,341.83725,28.94367,144.14705
1421,1118937523400,3,39.741,335.679,40.247066,374.58392,28.731522,151.37968
1421,1118937523400,5,39.899,335.498,40.134277,398.9637,28.451584,147.99254
1421,1118937526400,1,39.741,335.679,39.65797,341.83725,28.94367,144.14705
1421,1118937526400,3,39.741,335.679,39.869495,374.57843,28.731522,151.37968
1421,1118937526400,5,40.24,335.67,40.565914,398.52945,28.451584,147.99254
1421,1118937527400,1,39.741,335.679,39.719284,339.90256,28.94367,144.14705
1421,1118937527400,3,39.899,335.498,39.899612,371.5995,28.731522,151.37968
1421,1118937527400,5,40.24,335.67,40.134277,386.143,28.451584,147.99254
1421,1118937528700,1,39.741,335.679,39.719284,341.83725,28.94367,144.14705
1421,1118937528700,3,40.24,335.67,39.899612,375.85873,28.731522,151.37968
1421,1118937528700,5,40.242,335.674,40.134277,382.0021,28.451584,147.99254
1421,1118937530300,1,39.899,335.498,39.719284,341.83725,28.94367,144.14705
1421,1118937530300,3,40.24,335.67,39.899612,372.4426,28.731522,151.37968
1421,1118937530300,5,39.748,335.291,40.087467,399.606,28.451584,147.99254
1421,1118937531000,1,40.24,335.67,40.1121,341.83725,28.94367,144.14705
1421,1118937531000,3,40.242,335.674,40.247066,372.1912,28.731522,151.37968
1421,1118937531000,5,39.752,335.386,40.018265,395.18713,28.451584,147.99254
1421,1118937532700,1,40.24,335.67,40.28983,321.1558,28.94367,144.14705
1421,1118937532700,3,39.748,335.291,40.210945,371.27466,28.731522,151.37968
1421,1118937532700,5,39.752,335.386,40.563736,382.0101,28.451584,147.99254
1421,1118937533200,1,40.242,335.674,40.259758,341.83725,28.94367,144.14705
1421,1118937533200,3,39.752,335.386,40.16063,368.22162,28.731522,151.37968
1421,1118937533200,5,39.752,335.386,40.565914,382.23914,28.451584,147.99254
1421,1118937534100,1,39.748,335.291,40.22947,341.83725,28.94367,144.14705
1421,1118937534100,3,39.752,335.386,40.216995,372.4426,28.731522,151.37968
1421,1118937534100,5,39.752,335.386,40.134277,400.60202,28.451584,147.99254
1421,1118937535000,1,39.752,335.386,39.627678,339.10565,28.94367,144.14705
1421,1118937535000,3,39.752,335.386,39.869495,370.3409,28.731522,151.37968
1421,1118937535000,5,39.752,335.386,40.087467,398.64273,28.451584,147.99254
1421,1118937536400,1,39.752,335.386,39.719284,321.1558,28.94367,144.14705
1421,1118937536400,3,39.752,335.386,39.899612,362.5762,28.731522,151.37968
1421,1118937536400,5,39.752,335.386,39.97145,380.8326,28.451584,147.99254
1421,1118937541600,1,39.752,335.386,39.749577,341.83725,28.94367,144.14705
1421,1118937541600,3,39.752,335.386,39.82273,370.2392,28.731522,151.37968
1421,1118937541600,5,39.752,335.386,40.016083,381.23413,28.451584,147.99254
1421,1118937544100,1,39.752,335.386,39.719284,341.83725,28.94367,144.14705
1421,1118937544100,3,39.752,335.386,39.80712,370.2171,28.731522,151.37968
1421,1118937544100,5,39.752,335.386,40.1321,398.42255,28.451584,147.99254
1421,1118937545500,1,39.752,335.386,39.719284,339.10565,28.94367,144.14705
1421,1118937545500,3,39.752,335.386,39.843243,373.466,28.731522,151.37968
1421,1118937545500,5,39.752,335.386,40.134277,398.42255,28.451584,147.99254
1421,1118937546200,1,39.752,335.386,39.719284,341.83725,28.94367,144.14705
1421,1118937546200,3,39.752,335.386,39.899612,375.85873,28.731522,151.37968
1421,1118937546200,5,39.752,335.386,40.134277,399.606,28.451584,147.99254
1421,1118937551800,1,39.752,335.386,39.719284,341.83725,28.94367,144.14705
1421,1118937551800,3,39.752,335.386,39.858852,375.85873,28.731522,151.37968
1421,1118937551800,5,39.752,335.386,40.134277,399.606,28.451584,147.99254
1421,1118937554800,1,39.752,335.386,39.719284,341.83725,28.94367,144.14705
1421,1118937554800,3,39.752,335.386,39.899612,375.85873,28.731522,151.37968
1421,1118937554800,5,39.752,335.386,40.134277,399.606,28.451584,147.99254
1421,1118937555900,1,39.752,335.386,39.719284,341.83725,28.94367,144.14705
1421,1118937555900,3,39.752,335.386,39.899612,375.85873,28.731522,151.37968
1421,1118937555900,5,39.752,335.386,40.134277,399.606,28.451584,147.99254
1421,1118937556900,1,39.752,335.386,39.719284,341.83725,28.94367,144.14705
1421,1118937556900,3,39.752,335.386,39.899612,375.85873,28.731522,151.37968
1421,1118937556900,5,39.757,335.706,40.134277,399.606,28.451584,147.99254
1421,1118937557500,1,39.752,335.386,39.719284,341.83725,28.94367,144.14705
1421,1118937557500,3,39.752,335.386,39.899612,375.85873,28.731522,151.37968
1421,1118937557500,5,39.837,339.695,40.134277,399.606,28.451584,147.99254
1421,1118937558800,1,39.752,335.386,39.719284,341.83725,28.94367,144.14705
1421,1118937558800,3,39.757,335.706,39.899612,375.85873,28.731522,151.37968
1421,1118937558800,5,35.975,375.238,40.134277,399.606,28.451584,147.99254
1421,1118937563600,1,39.752,335.386,39.719284,341.83725,28.94367,144.14705
1421,1118937563600,3,39.837,339.695,39.899612,375.85873,28.731522,151.37968
1421,1118937563600,5,25.742,464.995,40.134277,399.606,28.451584,147.99254
1421,1118937566600,1,39.757,335.706,39.719284,341.83725,28.94367,144.14705
1421,1118937566600,3,35.975,375.238,39.899612,375.85873,28.731522,151.37968
1421,1118937566600,5,25.838,475.88,40.134277,399.606,28.451584,147.99254
1421,1118937567300,1,39.837,339.695,39.719284,341.83725,28.94367,144.14705
1421,1118937567300,3,25.742,464.995,40.023556,375.85873,28.731522,151.37968
1421,1118937567300,5,25.914,481.11,40.378853,399.606,28.451584,147.99254
1421,1118937568800,1,35.975,375.238,39.910107,343.81183,28.94367,144.14705
1421,1118937568800,3,25.838,475.88,40.328075,375.85873,28.731522,151.37968
1421,1118937568800,5,25.821,511.94,40.37371,399.606,28.451584,147.99254
1421,1118937572100,1,25.742,464.995,33.776997,389.76624,28.94367,144.14705
1421,1118937572100,3,25.914,481.11,34.582863,430.18875,28.731522,151.37968
1421,1118937572100,5,25.825,513.075,35.76352,471.8765,28.451584,147.99254
1421,1118937577700,1,25.838,475.88,25.544733,492.67426,28.94367,144.14705
1421,1118937577700,3,25.821,511.94,24.579844,537.5957,28.731522,151.37968
1421,1118937577700,5,25.848,518.762,25.490345,623.99164,28.451584,147.99254
1421,1118937578400,1,25.914,481.11,25.921778,501.36163,28.94367,144.14705
1421,1118937578400,3,25.825,513.075,25.530329,551.24,28.731522,151.37968
1421,1118937578400,5,25.852,519.557,25.74875,623.9817,28.451584,147.99254
1421,1118937578800,1,25.821,511.94,25.901758,492.58203,28.94367,144.14705
1421,1118937578800,3,25.848,518.762,25.38665,543.6509,28.731522,151.37968
1421,1118937578800,5,26.356,520.761,25.489967,584.68665,28.451584,147.99254
1421,1118937583000,1,25.825,513.075,25.753355,525.3589,28.94367,144.14705
1421,1118937583000,3,25.852,519.557,25.138662,562.70264,28.731522,151.37968
1421,1118937583000,5,26.356,520.761,25.489967,596.5528,28.451584,147.99254
1421,1118937583600,1,25.848,518.762,25.764513,539.6886,28.94367,144.14705
1421,1118937583600,3,26.356,520.761,25.108372,572.09235,28.731522,151.37968
1421,1118937583600,5,26.356,520.761,25.47312,591.142,28.451584,147.99254
1421,1118937588600,1,25.852,519.557,25.764513,539.3648,28.94367,144.14705
1421,1118937588600,3,26.356,520.761,25.36466,571.4567,28.731522,151.37968
1421,1118937588600,5,26.356,520.761,25.436575,594.9326,28.451584,147.99254
1421,1118937590400,1,26.356,520.761,25.764513,539.3648,28.94367,144.14705
1421,1118937590400,3,26.356,520.761,25.36466,564.3759,28.731522,151.37968
1421,1118937590400,5,26.356,520.761,25.303495,600.82355,28.451584,147.99254
1421,1118937593800,1,26.356,520.761,26.359993,538.84186,28.94367,144.14705
1421,1118937593800,3,26.356,520.761,25.15996,565.0652,28.731522,151.37968
1421,1118937593800,5,26.387,528.263,25.318378,598.9822,28.451584,147.99254
1421,1118937595800,1,26.356,520.761,26.299635,535.50977,28.94367,144.14705
1421,1118937595800,3,26.356,520.761,24.714054,566.2389,28.731522,151.37968
1421,1118937595800,5,26.389,528.76,25.35457,602.31104,28.451584,147.99254
1421,1118937596800,1,26.356,520.761,26.253225,535.50977,28.94367,144.14705
1421,1118937596800,3,26.387,528.263,24.750177,566.2389,28.731522,151.37968
1421,1118937596800,5,26.409,533.76,24.692778,601.1739,28.451584,147.99254
1421,1118937598900,1,26.356,520.761,26.253225,535.50977,28.94367,144.14705
1421,1118937598900,3,26.389,528.76,24.806545,566.2389,28.731522,151.37968
1421,1118937598900,5,26.637,543.191,24.692778,600.28577,28.451584,147.99254
1421,1118937599600,1,26.387,528.263,26.253225,535.50977,28.94367,144.14705
1421,1118937599600,3,26.409,533.76,24.806545,566.2389,28.731522,151.37968
1421,1118937599600,5,26.937,570.809,24.692778,600.82355,28.451584,147.99254
1421,1118937605200,1,26.389,528.76,26.253225,535.50977,28.94367,144.14705
1421,1118937605200,3,26.637,543.191,25.27709,566.2389,28.731522,151.37968
1421,1118937605200,5,26.987,581.089,24.97864,605.4699,28.451584,147.99254
1421,1118937605300,1,26.409,533.76,26.283516,535.50977,28.94367,144.14705
1421,1118937605300,3,26.937,570.809,25.301373,566.2389,28.731522,151.37968
1421,1118937605300,5,27.052,634.953,25.434395,605.4699,28.451584,147.99254
1421,1118937606100,1,26.637,543.191,26.299635,554.31323,28.94367,144.14705
1421,1118937606100,3,26.987,581.089,25.281128,587.71466,28.731522,151.37968
1421,1118937606100,5,24.416,706.498,25.436575,609.6102,28.451584,147.99254
1421,1118937607000,1,26.937,570.809,27.42949,555.20624,28.94367,144.14705
1421,1118937607000,3,27.052,634.953,28.395218,593.951,28.731522,151.37968
1421,1118937607000,5,24.116,714.487,28.178097,619.0683,28.451584,147.99254
1421,1118937609000,1,26.987,581.089,27.42949,592.05505,28.94367,144.14705
1421,1118937609000,3,24.416,706.498,28.395218,619.50037,28.731522,151.37968
1421,1118937609000,5,29.349,798.012,28.178097,662.3807,28.451584,147.99254
1421,1118937609500,1,27.052,634.953,27.42949,610.85944,28.94367,144.14705
1421,1118937609500,3,24.116,714.487,28.384285,680.1683,28.731522,151.37968
1421,1118937609500,5,50.295,930.682,28.178097,742.92285,28.451584,147.99254
1421,1118937612800,1,24.416,706.498,27.36913,648.4836,28.94367,144.14705
1421,1118937612800,3,29.349,798.012,28.26378,731.67834,28.731522,151.37968
1421,1118937612800,5,50.442,933.757,28.020897,812.3113,28.451584,147.99254
1421,1118937615900,1,24.116,714.487,23.462307,751.34094,28.94367,144.14705
1421,1118937615900,3,50.295,930.682,24.962595,818.54877,28.731522,151.37968
1421,1118937615900,5,50.468,944.209,25.232563,925.7542,28.451584,147.99254
1421,1118937616200,1,29.349,798.012,23.462307,765.14404,28.94367,144.14705
1421,1118937616200,3,50.442,933.757,24.962595,867.9176,28.731522,151.37968
1421,1118937616200,5,50.613,947.498,25.116547,968.26086,28.451584,147.99254
1421,1118937619900,1,50.295,930.682,29.837337,836.6273,28.94367,144.14705
1421,1118937619900,3,50.468,944.209,29.408245,899.7555,28.731522,151.37968
1421,1118937619900,5,51.01,979.413,28.745258,960.27094,28.451584,147.99254
1421,1118937629800,1,50.442,933.757,51.370407,945.2343,28.94367,144.14705
1421,1118937629800,3,50.613,947.498,51.49473,980.01416,28.731522,151.37968
1421,1118937629800,5,49.804,1019.659,51.41286,1038.3065,28.451584,147.99254
1421,1118937631600,1,50.468,944.209,51.306133,944.6527,28.94367,144.14705
1421,1118937631600,3,51.01,979.413,51.194122,958.665,28.731522,151.37968
1421,1118937631600,5,41.548,1224.672,51.86032,1027.0625,28.451584,147.99254
1421,1118937634400,1,50.613,947.498,51.265793,953.74036,28.94367,144.14705
1421,1118937634400,3,49.804,1019.659,51.53531,975.2408,28.731522,151.37968
1421,1118937634400,5,39.703,1268.284,52.121284,1032.3569,28.451584,147.99254
1421,1118937636300,1,51.01,979.413,51.34268,959.82965,28.94367,144.14705
1421,1118937636300,3,41.548,1224.672,51.618095,971.3119,28.731522,151.37968
1421,1118937636300,5,39.258,1303.48,52.07447,1028.4749,28.451584,147.99254
1421,1118937639900,1,49.804,1019.659,51.40304,985.6885,28.94367,144.14705
1421,1118937639900,3,39.703,1268.284,51.648167,1014.8789,28.731522,151.37968
1421,1118937639900,5,40.338,1334.405,52.01185,1053.191,28.451584,147.99254
1421,1118937642100,1,41.548,1224.672,50.89646,1055.944,28.94367,144.14705
1421,1118937642100,3,39.258,1303.48,51.551857,1079.6483,28.731522,151.37968
1421,1118937642100,5,51.066,1433.599,52.05648,1113.4384,28.451584,147.99254
1421,1118937649600,1,39.703,1268.284,41.069656,1252.6752,28.94367,144.14705
1421,1118937649600,3,40.338,1334.405,41.400013,1346.7389,28.731522,151.37968
1421,1118937649600,5,53.831,1449.03,41.23586,1417.4159,28.451584,147.99254
1421,1118937651100,1,39.258,1303.48,39.514854,1298.1714,28.94367,144.14705
1421,1118937651100,3,51.066,1433.599,40.333473,1407.5438,28.731522,151.37968
1421,1118937651100,5,46.354,1589.986,40.2776,1466.5238,28.451584,147.99254
1421,1118937652200,1,40.338,1334.405,39.317776,1380.4303,28.94367,144.14705
1421,1118937652200,3,53.831,1449.03,39.564236,1481.3829,28.731522,151.37968
1421,1118937652200,5,46.515,1591.932,39.660454,1517.5093,28.451584,147.99254
1432,1118936269500,1,62.666,1587.368,62.77085,1152.6501,28.94367,144.14705
1432,1118936269500,3,16.691,80.088,45.124416,1448.0404,28.731522,151.37968
1432,1118936269500,5,23.558,190.326,38.51924,1345.9493,28.451584,147.99254
1432,1118936270400,1,43.511,1596.99,61.357533,1588.0616,28.94367,144.14705
1432,1118936270400,3,22.925,181.185,47.913597,1370.092,28.731522,151.37968
1432,1118936270400,5,24.578,204.657,46.4697,1145.1855,28.451584,147.99254
1432,1118936272700,1,16.691,80.088,41.302097,1554.9097,28.94367,144.14705
1432,1118936272700,3,23.558,190.326,43.205452,1547.9531,28.731522,151.37968
1432,1118936272700,5,27.642,243.711,41.54212,998.38983,28.451584,147.99254
1432,1118937506200,1,22.925,181.185,17.504738,176.40352,28.943758,144.14635
1432,1118937506200,3,24.578,204.657,18.393318,232.41095,28.731512,151.37964
1432,1118937506200,5,27.669,245.032,18.284027,263.11795,28.45158,147.99251
1432,1118937510000,1,23.558,190.326,25.22943,216.38046,28.94367,144.14705
1432,1118937510000,3,27.642,243.711,25.47122,311.418,28.731522,151.37968
1432,1118937510000,5,27.811,251.435,25.568993,350.01434,28.451584,147.99254
1432,1118937510400,1,24.578,204.657,24.931852,211.42838,28.94367,144.14705
1432,1118937510400,3,27.669,245.032,24.40548,346.10187,28.731522,151.37968
1432,1118937510400,5,28.137,259.113,26.191519,432.4623,28.451584,147.99254
1432,1118937511100,1,27.642,243.711,25.067465,224.62233,28.94367,144.14705
1432,1118937511100,3,27.811,251.435,25.970982,337.9388,28.731522,151.37968
1432,1118937511100,5,28.154,260.081,26.177351,432.27554,28.451584,147.99254
1432,1118937513700,1,27.669,245.032,29.306026,284.9492,28.94367,144.14705
1432,1118937513700,3,28.137,259.113,28.971476,321.71133,28.731522,151.37968
1432,1118937513700,5,27.98,261.069,28.902006,364.14816,28.451584,147.99254
1432,1118937513800,1,27.811,251.435,28.128616,280.7523,28.94367,144.14705
1432,1118937513800,3,28.154,260.081,28.776997,326.2836,28.731522,151.37968
1432,1118937513800,5,27.838,261.877,28.454054,372.51596,28.451584,147.99254
1432,1118937514500,1,28.137,259.113,28.234423,279.8593,28.94367,144.14705
1432,1118937514500,3,27.98,261.069,28.189716,322.81885,28.731522,151.37968
1432,1118937514500,5,27.838,261.877,27.272335,367.934,28.451584,147.99254
1432,1118937516100,1,28.154,260.081,28.474995,283.63666,28.943668,144.14705
1432,1118937516100,3,27.838,261.877,28.221807,336.357,28.731522,151.37968
1432,1118937516100,5,27.838,261.877,28.053036,349.3061,28.451584,147.99254
1432,1118937516800,1,27.98,261.069,28.414637,283.8233,28.94367,144.14705
1432,1118937516800,3,27.838,261.877,28.236752,333.65887,28.731522,151.37968
1432,1118937516800,5,28.139,269.408,28.053036,336.08646,28.451584,147.99254
1432,1118937520600,1,27.838,261.877,28.162907,283.8233,28.94367,144.14705
1432,1118937520600,3,27.838,261.877,28.15182,329.17188,28.731522,151.37968
1432,1118937520600,5,28.044,269.28,28.416817,330.9437,28.451584,147.99254
1432,1118937526000,1,27.838,261.877,28.162907,283.8233,28.94367,144.14705
1432,1118937526000,3,28.139,269.408,28.15182,322.09103,28.731522,151.37968
1432,1118937526000,5,28.021,268.975,28.284939,330.6754,28.451584,147.99254
1432,1118937528200,1,27.838,261.877,28.157944,279.96826,28.94367,144.14705
1432,1118937528200,3,28.044,269.28,28.238697,322.09103,28.731522,151.37968
1432,1118937528200,5,27.907,270.264,28.284939,336.2964,28.451584,147.99254
1432,1118937530700,1,28.139,269.408,28.238897,279.96826,28.94367,144.14705
1432,1118937530700,3,28.021,268.975,28.238697,322.09103,28.731522,151.37968
1432,1118937530700,5,27.861,270.253,28.33175,340.00632,28.451584,147.99254
1432,1118937536500,1,28.044,269.28,28.479471,279.96826,28.94367,144.14705
1432,1118937536500,3,27.907,270.264,28.249619,325.0586,28.731522,151.37968
1432,1118937536500,5,27.838,270.248,28.083986,351.23395,28.451584,147.99254
1432,1118937538300,1,28.021,268.975,28.387362,279.96826,28.94367,144.14705
1432,1118937538300,3,27.861,270.253,28.244705,325.0586,28.731522,151.37968
1432,1118937538300,5,27.958,270.881,28.87413,350.8085,28.451584,147.99254
1432,1118937538600,1,27.907,270.264,28.484434,267.89673,28.94367,144.14705
1432,1118937538600,3,27.838,270.248,28.301073,320.79935,28.731522,151.37968
1432,1118937538600,5,28.003,271.052,28.449947,335.66718,28.451584,147.99254
1432,1118937541800,1,27.861,270.253,28.227741,264.5646,28.94367,144.14705
1432,1118937541800,3,27.958,270.881,28.23059,311.7791,28.731522,151.37968
1432,1118937541800,5,28.063,271.304,28.086166,323.55505,28.451584,147.99254
1432,1118937543000,1,27.838,270.248,28.146788,279.96826,28.94367,144.14705
1432,1118937543000,3,28.003,271.052,28.301073,320.66513,28.731522,151.37968
1432,1118937543000,5,28.015,271.286,28.581825,338.55182,28.451584,147.99254
1432,1118937543600,1,27.958,270.881,28.227741,276.77866,28.94367,144.14705
1432,1118937543600,3,28.063,271.304,28.301073,319.6327,28.731522,151.37968
1432,1118937543600,5,27.978,271.278,28.449947,340.62115,28.451584,147.99254
1432,1118937562200,1,28.003,271.052,28.238897,276.77866,28.94367,144.14705
1432,1118937562200,3,28.015,271.286,28.274426,324.0292,28.731522,151.37968
1432,1118937562200,5,27.96,271.273,28.486492,323.55505,28.451584,147.99254
1432,1118937562400,1,28.063,271.304,28.218302,279.96826,28.94367,144.14705
1432,1118937562400,3,27.978,271.278,28.372179,325.00986,28.731522,151.37968
1432,1118937562400,5,27.96,271.273,28.086166,341.24725,28.451584,147.99254
1432,1118937562900,1,28.015,271.286,28.458876,279.96826,28.94367,144.14705
1432,1118937562900,3,27.96,271.273,28.33142,324.8419,28.731522,151.37968
1432,1118937562900,5,27.949,273.256,28.218044,354.9669,28.451584,147.99254
1432,1118937564200,1,27.978,271.278,28.40348,279.96826,28.94367,144.14705
1432,1118937564200,3,27.96,271.273,28.301073,328.28845,28.731522,151.37968
1432,1118937564200,5,28.198,343.876,28.87413,357.2534,28.451584,147.99254
1432,1118937565200,1,27.96,271.273,28.24386,275.59772,28.94367,144.14705
1432,1118937565200,3,27.949,273.256,28.301073,326.42194,28.731522,151.37968
1432,1118937565200,5,14.118,492.734,28.449947,341.6172,28.451584,147.99254
1432,1118937567400,1,27.96,271.273,28.227741,279.51022,28.94367,144.14705
1432,1118937567400,3,28.198,343.876,28.301073,326.42194,28.731522,151.37968
1432,1118937567400,5,19.512,700.864,28.403135,323.01727,28.451584,147.99254
1432,1118937567900,1,27.949,273.256,28.238897,279.51022,28.94367,144.14705
1432,1118937567900,3,14.118,492.734,28.331188,322.02542,28.731522,151.37968
1432,1118937567900,5,21.325,751.074,28.333931,319.77847,28.451584,147.99254
1432,1118937571300,1,28.198,343.876,28.238897,328.63208,28.94367,144.14705
1432,1118937571300,3,19.512,700.864,28.275871,323.8919,28.731522,151.37968
1432,1118937571300,5,35.333,837.223,27.997719,337.2461,28.451584,147.99254
1432,1118937575700,1,14.118,492.734,28.545761,374.9021,28.94367,144.14705
1432,1118937575700,3,21.325,751.074,28.297157,422.1955,28.731522,151.37968
1432,1118937575700,5,57.389,1458.959,28.215864,500.31067,28.451584,147.99254
1432,1118937580300,1,19.512,700.864,13.13223,552.5233,28.94367,144.14705
1432,1118937580300,3,35.333,837.223,14.910741,646.30634,28.731522,151.37968
1432,1118937580300,5,43.159,1601.063,17.049086,813.4855,28.451584,147.99254
1476,1118937527500,1,21.732,71.888,29.747263,110.15067,28.948597,144.11984
1476,1118937527500,3,21.133,138.623,27.985096,218.49216,28.731495,151.37956
1476,1118937527500,5,23.198,157.516,26.933828,259.65424,28.451563,147.99242
1476,1118937529800,1,21.498,72.486,22.233223,-375.27954,28.944286,144.14354
1476,1118937529800,3,23.229,155.925,23.021566,193.35738,28.731508,151.37964
1476,1118937529800,5,24.18,174.484,23.635971,293.65375,28.451576,147.9925
1476,1118937529900,1,21.133,138.623,20.913017,145.25854,28.944178,144.14412
1476,1118937529900,3,23.198,157.516,21.576004,212.55698,28.73151,151.37964
1476,1118937529900,5,24.179,174.468,21.6443,280.77942,28.451576,147.99251
1476,1118937533700,1,23.229,155.925,21.28734,198.9309,28.943674,144.14702
1476,1118937533700,3,24.18,174.484,21.882368,271.96234,28.731522,151.37968
1476,1118937533700,5,24.146,173.997,22.553892,356.07758,28.451582,147.99254
1476,1118937534500,1,23.198,157.516,24.896563,223.43486,28.94367,144.14703
1476,1118937534500,3,24.179,174.468,24.91499,335.29532,28.731522,151.37968
1476,1118937534500,5,24.181,174.494,25.370749,468.9513,28.451582,147.99254
1476,1118937534600,1,24.18,174.484,23.528154,220.8841,28.94367,144.14703
1476,1118937534600,3,24.146,173.997,25.01016,303.54105,28.731522,151.37968
1476,1118937534600,5,24.181,174.494,25.120571,382.27493,28.451584,147.99254
1476,1118937536700,1,24.179,174.468,23.68012,217.22034,28.94367,144.14705
1476,1118937536700,3,24.181,174.494,25.354628,275.47437,28.731522,151.37968
1476,1118937536700,5,24.181,174.494,25.148022,321.17947,28.451584,147.99254
1476,1118937538500,1,24.146,173.997,23.61976,212.87595,28.94367,144.14705
1476,1118937538500,3,24.181,174.494,25.145145,277.32562,28.73152,151.37968
1476,1118937538500,5,24.181,174.494,25.602022,315.36203,28.451584,147.99254
1476,1118937539600,1,24.181,174.494,23.689558,212.92838,28.94367,144.14705
1476,1118937539600,3,24.181,174.494,25.0055,268.2106,28.731522,151.37968
1476,1118937539600,5,24.181,174.494,25.131025,306.92477,28.451584,147.99254
1476,1118937542000,1,24.181,174.494,23.684595,194.32681,28.94367,144.14705
1476,1118937542000,3,24.181,174.494,24.978853,251.96794,28.731522,151.37968
1476,1118937542000,5,24.181,174.494,25.061823,276.43723,28.451584,147.99254
1476,1118937543000,1,24.181,174.494,23.603642,209.20757,28.94367,144.14705
1476,1118937543000,3,24.181,174.494,24.999493,251.46616,28.731522,151.37968
1476,1118937543000,5,24.181,174.494,25.128845,287.02725,28.451584,147.99254
1476,1118937544000,1,24.181,174.494,23.684595,209.20757,28.94367,144.14705
1476,1118937544000,3,24.181,174.494,24.979248,251.72539,28.731522,151.37968
1476,1118937544000,5,24.181,174.494,25.061823,301.6031,28.451584,147.99254
1476,1118937544700,1,24.181,174.494,23.684595,206.47597,28.94367,144.14705
1476,1118937544700,3,24.181,174.494,24.999493,259.08948,28.731522,151.37968
1476,1118937544700,5,24.181,174.494,25.175657,305.35892,28.451584,147.99254
1476,1118937544800,1,24.181,174.494,23.684595,209.20757,28.94367,144.14705
1476,1118937544800,3,24.181,174.494,24.979248,258.51465,28.731522,151.37968
1476,1118937544800,5,24.181,174.494,25.177837,307.88538,28.451584,147.99254
1476,1118937547100,1,24.181,174.494,23.684595,209.20757,28.94367,144.14705
1476,1118937547100,3,24.181,174.494,24.994858,261.4822,28.731522,151.37968
1476,1118937547100,5,24.181,174.494,25.177837,309.06882,28.451584,147.99254
1476,1118937549900,1,24.181,174.494,23.684595,209.20757,28.94367,144.14705
1476,1118937549900,3,24.181,174.494,25.035616,261.4822,28.731522,151.37968
1476,1118937549900,5,24.181,174.494,25.177837,309.06882,28.451584,147.99254
1476,1118937554100,1,24.181,174.494,23.684595,209.20757,28.94367,144.14705
1476,1118937554100,3,24.181,174.494,25.035616,261.4822,28.731522,151.37968
1476,1118937554100,5,24.181,174.494,25.177837,312.40652,28.451584,147.99254
1476,1118937554400,1,24.181,174.494,23.684595,209.20757,28.94367,144.14705
1476,1118937554400,3,24.181,174.494,25.035616,261.4822,28.731522,151.37968
1476,1118937554400,5,24.181,174.494,25.177837,309.06882,28.451584,147.99254
1476,1118937558200,1,24.181,174.494,23.684595,209.20757,28.94367,144.14705
1476,1118937558200,3,24.181,174.494,25.035616,261.4822,28.731522,151.37968
1476,1118937558200,5,24.181,174.494,25.177837,309.06882,28.451584,147.99254
1476,1118937559400,1,24.181,174.494,23.684595,209.20757,28.94367,144.14705
1476,1118937559400,3,24.181,174.494,25.035616,261.4822,28.731522,151.37968
1476,1118937559400,5,24.181,174.494,25.177837,309.06882,28.451584,147.99254
1476,1118937560000,1,24.181,174.494,23.684595,209.20757,28.94367,144.14705
1476,1118937560000,3,24.181,174.494,25.035616,261.4822,28.731522,151.37968
1476,1118937560000,5,24.181,174.494,25.177837,309.06882,28.451584,147.99254
1476,1118937565600,1,24.181,174.494,23.684595,209.20757,28.94367,144.14705
1476,1118937565600,3,24.181,174.494,25.035616,261.4822,28.731522,151.37968
1476,1118937565600,5,24.295,176.151,25.177837,309.06882,28.451584,147.99254
1476,1118937566300,1,24.181,174.494,23.684595,209.20757,28.94367,144.14705
1476,1118937566300,3,24.181,174.494,25.035616,261.4822,28.731522,151.37968
1476,1118937566300,5,24.379,177.356,25.177837,309.06882,28.451584,147.99254
1476,1118937569000,1,24.181,174.494,23.684595,209.20757,28.94367,144.14705
1476,1118937569000,3,24.295,176.151,25.035616,261.4822,28.731522,151.37968
1476,1118937569000,5,24.399,179.985,25.177837,309.06882,28.451584,147.99254
1476,1118937571500,1,24.181,174.494,23.684595,209.20757,28.94367,144.14705
1476,1118937571500,3,24.379,177.356,25.035616,261.4822,28.731522,151.37968
1476,1118937571500,5,27.972,230.894,25.177837,309.06882,28.451584,147.99254
1476,1118937572300,1,24.295,176.151,23.684595,209.20757,28.94367,144.14705
1476,1118937572300,3,24.399,179.985,25.035616,261.4822,28.731522,151.37968
1476,1118937572300,5,26.173,364.934,25.177837,309.06882,28.451584,147.99254
1476,1118937575300,1,24.379,177.356,23.684595,209.20757,28.94367,144.14705
1476,1118937575300,3,27.972,230.894,25.046535,261.4822,28.731522,151.37968
1476,1118937575300,5,18.116,428.607,25.304697,308.7808,28.451584,147.99254
1476,1118937575800,1,24.399,179.985,23.664001,209.20757,28.94367,144.14705
1476,1118937575800,3,26.173,364.934,25.124146,260.2074,28.731522,151.37968
1476,1118937575800,5,15.004,462.968,25.436575,309.87845,28.451584,147.99254
1476,1118937576500,1,27.972,230.894,23.61976,214.27412,28.94367,144.14705
1476,1118937576500,3,18.116,428.607,25.094074,261.4822,28.731522,151.37968
1476,1118937576500,5,15.026,473.476,25.436575,308.12973,28.451584,147.99254
1476,1118937579800,1,26.173,364.934,29.41183,266.07394,28.94367,144.14705
1476,1118937579800,3,15.004,462.968,28.614197,316.1574,28.731522,151.37968
1476,1118937579800,5,31.831,815.378,28.218044,367.70673,28.451584,147.99254
1476,1118937585000,1,18.116,428.607,25.672907,402.75818,28.94367,144.14705
1476,1118937585000,3,15.026,473.476,25.326534,484.56622,28.731522,151.37968
1476,1118937585000,5,46.287,912.248,25.436575,591.21375,28.451584,147.99254
1476,1118937587300,1,15.004,462.968,16.995964,478.23053,28.94367,144.14705
1476,1118937587300,3,31.831,815.378,18.711184,573.793,28.731522,151.37968
1476,1118937587300,5,41.162,1061.87,18.881945,698.95734,28.451584,147.99254
1476,1118937588400,1,15.026,473.476,13.940328,528.92725,28.94367,144.14705
1476,1118937588400,3,46.287,912.248,16.06989,638.7537,28.731522,151.37968
1476,1118937588400,5,36.271,1089.332,17.269993,773.8169,28.451584,147.99254
1476,1118937588700,1,31.831,815.378,15.377004,536.67615,28.94367,144.14705
1476,1118937588700,3,41.162,1061.87,16.603891,662.3833,28.731522,151.37968
1476,1118937588700,5,41.212,1237.571,17.920069,798.7828,28.451584,147.99254
1476,1118937595200,1,46.287,912.248,31.359907,887.68555,28.94367,144.14705
1476,1118937595200,3,36.271,1089.332,28.654612,1036.032,28.731522,151.37968
1476,1118937595200,5,48.646,1401.455,28.823189,1184.5969,28.451584,147.99254
1476,1118937597100,1,41.162,1061.87,42.79867,766.281,28.94367,144.14705
1476,1118937597100,3,41.212,1237.571,41.63913,1121.8309,28.731522,151.37968
1476,1118937597100,5,50.835,1414.3,40.874855,1118.3566,28.451584,147.99254
1476,1118937599100,1,36.271,1089.332,39.991116,1138.4534,28.94367,144.14705
1476,1118937599100,3,48.646,1401.455,34.174126,1341.215,28.731522,151.37968
1476,1118937599100,5,51.577,1417.949,36.191257,920.0269,28.451584,147.99254
1476,1118937599600,1,41.212,1237.571,32.570953,964.65466,28.94367,144.14705
1476,1118937599600,3,50.835,1414.3,32.910183,1327.5819,28.731522,151.37968
1476,1118937599600,5,52.751,1435.072,33.07417,1134.1515,28.451584,147.99254
1476,1118937602400,1,48.646,1401.455,41.054943,1319.1825,28.94367,144.14705
1476,1118937602400,3,51.577,1417.949,41.05882,1425.9773,28.731522,151.37968
1476,1118937602400,5,52.66,1435.239,38.931103,1293.997,28.451584,147.99254
1476,1118937608500,1,50.835,1414.3,44.704838,1374.6885,28.94367,144.14705
1476,1118937608500,3,52.751,1435.072,49.695087,1393.0061,28.731522,151.37968
1476,1118937608500,5,52.757,1435.062,46.9117,1349.7563,28.451584,147.99254
1476,1118937609800,1,51.577,1417.949,51.821926,1437.0629,28.94367,144.14705
1476,1118937609800,3,52.66,1435.239,49.258278,1475.8289,28.731522,151.37968
1476,1118937609800,5,52.751,1435.072,50.864754,1429.5747,28.451584,147.99254
1476,1118937610500,1,52.751,1435.072,51.807457,1407.5292,28.94367,144.14705
1476,1118937610500,3,52.757,1435.062,51.75671,1483.457,28.731522,151.37968
1476,1118937610500,5,52.751,1435.072,50.95078,1538.8748,28.451584,147.99254
1476,1118937617400,1,52.66,1435.239,52.635082,1447.7906,28.94367,144.14705
1476,1118937617400,3,52.751,1435.072,52.482742,1512.5476,28.731522,151.37968
1476,1118937617400,5,52.751,1435.072,51.124744,1528.7681,28.451584,147.99254
1476,1118937619000,1,52.757,1435.062,52.56357,1447.4668,28.94367,144.14705
1476,1118937619000,3,52.751,1435.072,52.24613,1531.4469,28.731522,151.37968
1476,1118937619000,5,52.573,1435.821,50.83638,1471.9836,28.451584,147.99254
1476,1118937619600,1,52.751,1435.072,52.635082,1445.7219,28.94367,144.14705
1476,1118937619600,3,52.751,1435.072,52.3213,1532.809,28.731522,151.37968
1476,1118937619600,5,85.229,1514.371,50.175846,1427.541,28.451584,147.99254
1480,1118937533400,1,36.638,69.231,37.005577,189.33679,28.950275,144.11273
1480,1118937533400,3,34.037,76.968,37.045074,310.03885,28.731516,151.37964
1480,1118937533400,5,32.653,79.157,35.054337,358.62222,28.451576,147.99251
1480,1118937533600,1,34.141,76.798,34.985146,-371.32874,28.951326,144.10724
1480,1118937533600,3,33.394,78.015,33.233284,214.95026,28.731512,151.37962
1480,1118937533600,5,32.625,79.159,34.357056,284.93698,28.451576,147.99251
1480,1118937539500,1,34.037,76.968,31.276644,149.78677,28.946215,144.13382
1480,1118937539500,3,32.653,79.157,32.640602,224.92958,28.731516,151.37965
1480,1118937539500,5,32.817,79.146,30.48887,270.2574,28.451578,147.99252
1480,1118937540600,1,33.394,78.015,31.373213,161.15822,28.946043,144.1347
1480,1118937540600,3,32.625,79.159,30.41558,239.1094,28.731516,151.37965
1480,1118937540600,5,32.793,79.147,30.94688,273.57544,28.451578,147.99252
1480,1118937547400,1,32.653,79.157,31.218603,161.00534,28.945665,144.13666
1480,1118937547400,3,32.817,79.146,30.497618,233.56438,28.731516,151.37965
1480,1118937547400,5,32.793,79.147,30.965803,264.50095,28.451578,147.99252
1480,1118937555500,1,32.625,79.159,31.163452,157.6732,28.945309,144.1385
1480,1118937555500,3,32.793,79.147,30.533741,237.81802,28.731516,151.37965
1480,1118937555500,5,32.793,79.147,30.75435,252.60034,28.45158,147.99252
1480,1118937556000,1,32.817,79.146,31.163452,157.6732,28.945293,144.13858
1480,1118937556000,3,32.793,79.147,30.522255,230.52516,28.731516,151.37965
1480,1118937556000,5,32.793,79.147,30.781801,245.46257,28.45158,147.99252
1480,1118937562100,1,32.793,79.147,31.255562,157.6732,28.945333,144.13837
1480,1118937562100,3,32.793,79.147,30.61893,226.59549,28.73151,151.37964
1480,1118937562100,5,32.793,79.147,31.162056,244.23389,28.45158,147.99252
1480,1118937562800,1,32.793,79.147,31.244406,157.21518,28.945337,144.13835
1480,1118937562800,3,32.793,79.147,30.588816,222.33626,28.731512,151.37964
1480,1118937562800,5,32.793,79.147,31.593693,229.2371,28.45158,147.99252
1480,1118937564100,1,32.793,79.147,31.255562,157.6732,28.945332,144.13838
1480,1118937564100,3,32.793,79.147,30.61893,226.59549,28.731512,151.37964
1480,1118937564100,5,32.793,79.147,31.162056,227.16777,28.45158,147.99252
1480,1118937569000,1,32.793,79.147,31.255562,157.6732,28.945332,144.13838
1480,1118937569000,3,32.793,79.147,30.61893,223.17937,28.731512,151.37964
1480,1118937569000,5,32.374,80.466,31.162056,244.23389,28.45158,147.99252
1480,1118937571300,1,32.793,79.147,31.255562,157.6732,28.945332,144.13838
1480,1118937571300,3,32.793,79.147,30.61893,224.20276,28.731512,151.37964
1480,1118937571300,5,30.446,86.795,31.162056,244.23389,28.45158,147.99252
1480,1118937571700,1,32.793,79.147,31.255562,157.6732,28.945332,144.13838
1480,1118937571700,3,32.374,80.466,30.61893,226.59549,28.731512,151.37964
1480,1118937571700,5,29.793,91.387,31.162056,244.23389,28.45158,147.99252
1480,1118937572000,1,32.793,79.147,31.255562,157.6732,28.945332,144.13838
1480,1118937572000,3,30.446,86.795,30.61893,226.59549,28.731512,151.37964
1480,1118937572000,5,32.015,128.239,31.1986,244.23389,28.45158,147.99252
1480,1118937574500,1,32.374,80.466,31.255562,157.6732,28.945332,144.13838
1480,1118937574500,3,29.793,91.387,30.61893,226.59549,28.731512,151.37964
1480,1118937574500,5,32.676,156.271,31.162056,247.57158,28.45158,147.99252
1480,1118937581300,1,30.446,86.795,31.244406,157.6732,28.945105,144.13957
1480,1118937581300,3,32.015,128.239,30.588816,226.59549,28.731514,151.37964
1480,1118937581300,5,32.028,183.449,31.162056,243.80841,28.45158,147.99252
1480,1118937582200,1,29.793,91.387,29.680841,153.14499,28.94456,144.14241
1480,1118937582200,3,32.676,156.271,29.753332,218.94958,28.731514,151.37964
1480,1118937582200,5,28.001,202.525,30.1467,248.8531,28.45158,147.99252
1480,1118937582600,1,32.015,128.239,29.322037,154.03796,28.944262,144.14397
1480,1118937582600,3,32.028,183.449,29.098932,219.58517,28.731516,151.37965
1480,1118937582600,5,26.987,213.307,29.15872,256.572,28.451582,147.99254
1480,1118937585200,1,32.676,156.271,31.231066,189.80461,28.943731,144.14673
1480,1118937585200,3,28.001,202.525,30.807634,240.33742,28.731518,151.37967
1480,1118937585200,5,28.095,284.385,30.106607,258.59793,28.451582,147.99254
1480,1118937588000,1,32.028,183.449,31.231066,213.9556,28.94368,144.14699
1480,1118937588000,3,26.987,213.307,30.327246,259.62546,28.73152,151.37967
1480,1118937588000,5,28.7,326.211,30.455168,301.53973,28.451584,147.99254
1480,1118937590700,1,28.001,202.525,31.022234,220.26497,28.94367,144.14703
1480,1118937590700,3,28.095,284.385,30.608591,263.39374,28.73152,151.37967
1480,1118937590700,5,15.967,446.372,30.623468,317.0568,28.451584,147.99254
1480,1118937591900,1,26.987,213.307,26.831465,232.65024,28.943668,144.14705
1480,1118937591900,3,28.7,326.211,27.875418,278.29718,28.73152,151.37967
1480,1118937591900,5,14.538,511.409,28.218422,369.03958,28.451584,147.99254
1480,1118937592500,1,28.095,284.385,27.14935,240.58228,28.943668,144.14705
1480,1118937592500,3,15.967,446.372,27.850916,309.31973,28.73152,151.37968
1480,1118937592500,5,13.442,598.244,27.823864,389.81284,28.451584,147.99254
1480,1118937595300,1,28.7,326.211,28.551882,348.18546,28.943668,144.14705
1480,1118937595300,3,14.538,511.409,28.558577,451.1007,28.731522,151.37968
1480,1118937595300,5,14.601,651.485,28.108608,544.1571,28.451584,147.99254
1480,1118937596800,1,15.967,446.372,28.719965,363.5065,28.943668,144.14705
1480,1118937596800,3,13.442,598.244,28.496035,457.16806,28.731522,151.37968
1480,1118937596800,5,13.084,697.971,28.147335,562.7886,28.451584,147.99254
1480,1118937601000,1,14.538,511.409,14.602587,494.32474,28.94367,144.14705
1480,1118937601000,3,14.601,651.485,16.115015,586.5119,28.731522,151.37968
1480,1118937601000,5,15.684,794.32,17.347284,701.0302,28.451584,147.99254
1480,1118937603400,1,13.442,598.244,14.83526,557.3988,28.94367,144.14705
1480,1118937603400,3,13.084,697.971,15.930276,650.30304,28.731522,151.37968
1480,1118937603400,5,18.45,817.896,17.67459,759.7316,28.451584,147.99254
1480,1118937605900,1,14.601,651.485,14.355091,665.2232,28.94367,144.14705
1480,1118937605900,3,15.684,794.32,15.4354515,783.99,28.731522,151.37968
1480,1118937605900,5,28.263,960.32,17.464672,904.3824,28.451584,147.99254
1480,1118937607300,1,13.084,697.971,15.22918,728.1994,28.94367,144.14705
1480,1118937607300,3,18.45,817.896,16.581629,869.90405,28.731522,151.37968
1480,1118937607300,5,28.244,960.632,17.348656,1017.8427,28.451584,147.99254
1480,1118937608300,1,15.684,794.32,13.733422,768.92303,28.94367,144.14705
1480,1118937608300,3,28.263,960.32,14.521342,924.2674,28.731522,151.37968
1480,1118937608300,5,28.231,960.845,17.542915,1026.504,28.451584,147.99254
1480,1118937611000,1,18.45,817.896,16.167625,867.0292,28.94367,144.14705
1480,1118937611000,3,28.244,960.632,16.99874,981.0137,28.731522,151.37968
1480,1118937611000,5,28.23,960.859,17.979477,1127.2849,28.451584,147.99254
1480,1118937611700,1,28.263,960.32,19.477152,894.8718,28.94367,144.14705
1480,1118937611700,3,28.231,960.845,19.592848,987.61304,28.731522,151.37968
1480,1118937611700,5,28.23,960.859,18.915846,1146.5272,28.451584,147.99254
1480,1118937621900,1,28.244,960.632,28.827969,984.5069,28.94367,144.14705
1480,1118937621900,3,28.23,960.859,27.649858,1016.2101,28.731522,151.37968
1480,1118937621900,5,28.23,960.859,26.99544,1069.3953,28.451584,147.99254
1480,1118937624100,1,28.231,960.845,28.368675,979.2841,28.94367,144.14705
1480,1118937624100,3,28.23,960.859,27.00978,1020.83374,28.731522,151.37968
1480,1118937624100,5,28.23,960.859,27.227974,1051.852,28.451584,147.99254
1480,1118937625600,1,28.23,960.859,28.550724,976.96375,28.94367,144.14705
1480,1118937625600,3,28.23,960.859,27.605677,1006.85645,28.731522,151.37968
1480,1118937625600,5,28.232,960.841,26.44355,1062.005,28.451584,147.99254
1480,1118937629700,1,28.23,960.859,28.545761,972.57544,28.94367,144.14705
1480,1118937629700,3,28.23,960.859,27.256079,1001.875,28.731522,151.37968
1480,1118937629700,5,28.228,960.853,26.20565,1061.1151,28.451584,147.99254
1480,1118937629800,1,28.23,960.859,28.51547,969.6768,28.94367,144.14705
1480,1118937629800,3,28.232,960.841,27.289272,989.4656,28.731522,151.37968
1480,1118937629800,5,27.662,972.031,26.151012,1041.5381,28.451584,147.99254
1480,1118937632900,1,28.23,960.859,28.51547,972.05255,28.94367,144.14705
1480,1118937632900,3,28.228,960.853,27.219955,991.4056,28.731522,151.37968
1480,1118937632900,5,28.323,983.803,26.690834,1015.81226,28.451584,147.99254
1480,1118937635300,1,28.232,960.841,28.51547,972.05255,28.94367,144.14705
1480,1118937635300,3,27.662,972.031,27.400488,991.4056,28.731522,151.37968
1480,1118937635300,5,19.02,1067.789,27.314867,1019.5888,28.451584,147.99254
1480,1118937635400,1,28.228,960.853,28.51547,972.05255,28.94367,144.14705
1480,1118937635400,3,28.323,983.803,27.598398,989.60455,28.731522,151.37968
1480,1118937635400,5,17.736,1147.011,27.317047,1022.05493,28.451584,147.99254
1480,1118937635600,1,27.662,972.031,28.504314,949.98755,28.94367,144.14705
1480,1118937635600,3,19.02,1067.789,27.984118,981.42584,28.731522,151.37968
1480,1118937635600,5,17.992,1151.702,27.317047,1003.5968,28.451584,147.99254
1480,1118937637800,1,28.323,983.803,27.750597,982.3563,28.94367,144.14705
1480,1118937637800,3,17.736,1147.011,28.258167,999.2618,28.731522,151.37968
1480,1118937637800,5,21.842,1269.236,27.689177,1036.4082,28.451584,147.99254
1480,1118937638800,1,19.02,1067.789,28.703846,983.2493,28.94367,144.14705
1480,1118937638800,3,17.992,1151.702,28.512829,1015.4906,28.731522,151.37968
1480,1118937638800,5,20.445,1375.127,28.060846,1087.7004,28.451584,147.99254
1480,1118937641500,1,17.736,1147.011,17.959309,1125.751,28.94367,144.14705
1480,1118937641500,3,21.842,1269.236,18.971298,1227.3904,28.731522,151.37968
1480,1118937641500,5,22.209,1385.301,18.765654,1339.7878,28.451584,147.99254
1480,1118937643600,1,17.992,1151.702,18.038193,1225.3038,28.94367,144.14705
1480,1118937643600,3,20.445,1375.127,19.361244,1310.5485,28.731522,151.37968
1480,1118937643600,5,28.765,1427.845,19.38525,1428.4642,28.451584,147.99254
1480,1118937643700,1,21.842,1269.236,18.661316,1230.978,28.94367,144.14705
1480,1118937643700,3,22.209,1385.301,18.365599,1336.4966,28.731522,151.37968
1480,1118937643700,5,22.553,1586.489,19.632063,1441.8876,28.451584,147.99254
1503,1118937545900,1,-3.805,1447.972,-0.45890644,1736.0841,28.94367,144.14705
1503,1118937545900,3,-17.07,1188.717,4.0813007,1676.2004,28.731522,151.37968
1503,1118937545900,5,-19.915,1094.948,7.108961,1556.4741,28.451584,147.99254
1503,1118937549500,1,-4.369,1443.859,-1.151076,1533.8148,28.94367,144.14705
1503,1118937549500,3,-17.533,1181.161,-0.00586709,1592.5978,28.731522,151.37968
1503,1118937549500,5,-14.612,1061.722,4.0339804,1507.7256,28.451584,147.99254
1503,1118937549600,1,-17.07,1188.717,-4.699614,1453.6075,28.94367,144.14705
1503,1118937549600,3,-19.915,1094.948,-6.2834873,1532.874,28.731522,151.37968
1503,1118937549600,5,-9.758,1029.593,-6.3996243,1429.4009,28.451584,147.99254
1503,1118937556000,1,-17.533,1181.161,-13.37601,1223.1982,28.94367,144.14705
1503,1118937556000,3,-14.612,1061.722,-10.289421,1144.226,28.731522,151.37968
1503,1118937556000,5,-7.939,1017.621,-13.675908,1201.0168,28.451584,147.99254
1503,1118937556200,1,-19.915,1094.948,-14.838808,1192.4818,28.94367,144.14705
1503,1118937556200,3,-9.758,1029.593,-15.138897,1064.0219,28.731522,151.37968
1503,1118937556200,5,-7.055,1005.942,-14.672323,1198.1683,28.451584,147.99254
1503,1118937558400,1,-14.612,1061.722,-20.45163,1078.4857,28.94367,144.14705
1503,1118937558400,3,-7.939,1017.621,-18.375301,971.19934,28.731522,151.37968
1503,1118937558400,5,-6.564,996.874,-13.3096,1076.3784,28.451584,147.99254
1503,1118937559200,1,-9.758,1029.593,-12.799573,1030.9446,28.94367,144.14705
1503,1118937559200,3,-7.055,1005.942,-13.979731,909.6754,28.731522,151.37968
1503,1118937559200,5,-10.538,893.64,-13.775964,926.65216,28.451584,147.99254
1503,1118937560000,1,-7.939,1017.621,-10.924313,1000.93054,28.94367,144.14705
1503,1118937560000,3,-6.564,996.874,-7.4988723,882.4765,28.731522,151.37968
1503,1118937560000,5,-14.379,606.938,-5.0882626,706.37164,28.451584,147.99254
1503,1118937560300,1,-7.055,1005.942,-5.602528,988.97925,28.94367,144.14705
1503,1118937560300,3,-10.538,893.64,-7.508033,879.509,28.731522,151.37968
1503,1118937560300,5,-14.602,602.939,-10.215512,757.0014,28.451584,147.99254
1503,1118937560600,1,-6.564,996.874,-5.013477,972.3443,28.94367,144.14705
1503,1118937560600,3,-14.379,606.938,-7.4794574,827.96594,28.731522,151.37968
1503,1118937560600,5,-14.706,564.371,-13.918686,693.37256,28.451584,147.99254
1503,1118937560800,1,-10.538,893.64,-5.013477,958.0338,28.94367,144.14705
1503,1118937560800,3,-14.602,602.939,-8.827111,820.6842,28.731522,151.37968
1503,1118937560800,5,-14.586,523.334,-7.8893757,904.35046,28.451584,147.99254
1503,1118937563300,1,-14.379,606.938,-10.400523,854.63696,28.94367,144.14705
1503,1118937563300,3,-14.706,564.371,-13.554748,692.2223,28.731522,151.37968
1503,1118937563300,5,-14.612,508.946,-15.610085,764.1424,28.451584,147.99254
1503,1118937569600,1,-14.602,602.939,-12.852576,591.5592,28.94367,144.14705
1503,1118937569600,3,-14.586,523.334,-13.253903,562.9204,28.731522,151.37968
1503,1118937569600,5,-14.556,495.077,-13.263793,534.80334,28.451584,147.99254
1503,1118937569700,1,-14.706,564.371,-13.595944,578.2823,28.94367,144.14705
1503,1118937569700,3,-14.612,508.946,-13.950858,510.9268,28.731522,151.37968
1503,1118937569700,5,-14.563,493.286,-13.977567,518.5115,28.451584,147.99254
1503,1118937570800,1,-14.586,523.334,-13.316194,537.6674,28.94367,144.14705
1503,1118937570800,3,-14.556,495.077,-11.96325,495.90665,28.731522,151.37968
1503,1118937570800,5,-14.563,493.286,-12.168235,501.0407,28.451584,147.99254
1503,1118937572400,1,-14.612,508.946,-13.210868,498.2717,28.94367,144.14705
1503,1118937572400,3,-14.563,493.286,-13.094876,459.55615,28.731522,151.37968
1503,1118937572400,5,-14.563,493.286,-13.0024605,477.7002,28.451584,147.99254
1503,1118937573400,1,-14.556,495.077,-13.316194,483.942,28.94367,144.14705
1503,1118937573400,3,-14.563,493.286,-13.1986065,431.14758,28.731522,151.37968
1503,1118937573400,5,-14.563,493.286,-12.615499,442.1753,28.451584,147.99254
1503,1118937574700,1,-14.563,493.286,-13.3050375,470.45035,28.94367,144.14705
1503,1118937574700,3,-14.563,493.286,-12.477787,438.40866,28.731522,151.37968
1503,1118937574700,5,-14.563,493.286,-11.549248,473.48596,28.451584,147.99254
1503,1118937577500,1,-14.563,493.286,-13.3050375,471.70346,28.94367,144.14705
1503,1118937577500,3,-14.563,493.286,-13.648553,462.10077,28.731522,151.37968
1503,1118937577500,5,-14.563,493.286,-13.960286,505.16614,28.451584,147.99254
1503,1118937578000,1,-14.563,493.286,-13.3050375,474.40536,28.943668,144.14705
1503,1118937578000,3,-14.563,493.286,-13.385095,479.20593,28.731522,151.37968
1503,1118937578000,5,-14.563,493.286,-14.224236,499.58148,28.451584,147.99254
1503,1118937582400,1,-14.563,493.286,-13.3050375,495.08682,28.94367,144.14705
1503,1118937582400,3,-14.563,493.286,-13.385095,482.497,28.731522,151.37968
1503,1118937582400,5,-14.555,495.286,-14.171186,514.57825,28.451584,147.99254
1503,1118937582800,1,-14.563,493.286,-13.3050375,495.08682,28.94367,144.14705
1503,1118937582800,3,-14.563,493.286,-13.421218,481.78558,28.731522,151.37968
1503,1118937582800,5,-14.555,495.286,-14.239779,502.69122,28.451584,147.99254
1503,1118937586300,1,-14.563,493.286,-13.3050375,495.08682,28.94367,144.14705
1503,1118937586300,3,-14.555,495.286,-13.28068,486.1821,28.731522,151.37968
1503,1118937586300,5,-14.555,495.286,-13.004649,506.02893,28.451584,147.99254
1503,1118937586800,1,-14.563,493.286,-13.3050375,497.8184,28.94367,144.14705
1503,1118937586800,3,-14.555,495.286,-11.952485,488.57486,28.731522,151.37968
1503,1118937586800,5,-14.555,495.286,-10.192496,502.69122,28.451584,147.99254
1503,1118937588000,1,-14.555,495.286,-13.3050375,497.8184,28.94367,144.14705
1503,1118937588000,3,-14.555,495.286,-11.952485,488.57486,28.731522,151.37968
1503,1118937588000,5,-14.555,495.286,-10.5512295,506.02893,28.451584,147.99254
1503,1118937591800,1,-14.555,495.286,-13.3050375,497.8184,28.94367,144.14705
1503,1118937591800,3,-14.555,495.286,-9.911482,488.57486,28.731522,151.37968
1503,1118937591800,5,-14.555,495.286,-9.807409,502.69122,28.451584,147.99254
1503,1118937592300,1,-14.555,495.286,-13.274746,497.8184,28.94367,144.14705
1503,1118937592300,3,-14.555,495.286,-11.747232,488.57486,28.731522,151.37968
1503,1118937592300,5,-14.555,495.286,-9.101279,502.69122,28.451584,147.99254
1503,1118937592500,1,-14.555,495.286,-13.288918,497.8184,28.94367,144.14705
1503,1118937592500,3,-14.555,495.286,-11.747232,498.56628,28.731522,151.37968
1503,1118937592500,5,-14.555,495.286,-10.171639,502.69122,28.451584,147.99254
1503,1118937594700,1,-14.555,495.286,-13.3050375,497.8184,28.94367,144.14705
1503,1118937594700,3,-14.555,495.286,-11.747232,498.56628,28.731522,151.37968
1503,1118937594700,5,-14.555,495.286,-10.171639,502.69122,28.451584,147.99254
1503,1118937598000,1,-14.555,495.286,-13.3050375,497.8184,28.94367,144.14705
1503,1118937598000,3,-14.555,495.286,-11.747232,498.56628,28.731522,151.37968
1503,1118937598000,5,-14.555,495.286,-10.171639,502.69122,28.451584,147.99254
1503,1118937599900,1,-14.555,495.286,-13.3050375,497.8184,28.94367,144.14705
1503,1118937599900,3,-14.555,495.286,-11.747232,498.56628,28.731522,151.37968
1503,1118937599900,5,-14.555,495.286,-10.171639,502.69122,28.451584,147.99254
1503,1118937600800,1,-14.555,495.286,-13.3050375,497.8184,28.94367,144.14705
1503,1118937600800,3,-14.555,495.286,-11.747232,498.56628,28.731522,151.37968
1503,1118937600800,5,-14.555,495.286,-10.171639,502.69122,28.451584,147.99254
1503,1118937602700,1,-14.555,495.286,-13.3050375,497.8184,28.94367,144.14705
1503,1118937602700,3,-14.555,495.286,-11.747232,498.56628,28.731522,151.37968
1503,1118937602700,5,-14.555,495.286,-10.171639,502.69122,28.451584,147.99254
1503,1118937605200,1,-14.555,495.286,-13.3050375,497.8184,28.94367,144.14705
1503,1118937605200,3,-14.555,495.286,-11.747232,498.56628,28.731522,151.37968
1503,1118937605200,5,-14.555,495.286,-10.171639,502.69122,28.451584,147.99254
1503,1118937607400,1,-14.555,495.286,-13.3050375,497.8184,28.94367,144.14705
1503,1118937607400,3,-14.555,495.286,-11.747232,498.56628,28.731522,151.37968
1503,1118937607400,5,-14.555,495.286,-10.171639,502.69122,28.451584,147.99254
1503,1118937608400,1,-14.555,495.286,-13.3050375,497.8184,28.94367,144.14705
1503,1118937608400,3,-14.555,495.286,-11.747232,498.56628,28.731522,151.37968
1503,1118937608400,5,-14.555,495.286,-10.171639,502.69122,28.451584,147.99254
1503,1118937608700,1,-14.555,495.286,-13.3050375,497.8184,28.94367,144.14705
1503,1118937608700,3,-14.555,495.286,-11.747232,498.56628,28.731522,151.37968
1503,1118937608700,5,-14.555,495.286,-10.171639,502.69122,28.451584,147.99254
1503,1118937614800,1,-14.555,495.286,-13.3050375,497.8184,28.94367,144.14705
1503,1118937614800,3,-14.555,495.286,-11.747232,498.56628,28.731522,151.37968
1503,1118937614800,5,-14.555,495.286,-10.171639,502.69122,28.451584,147.99254
1503,1118937617500,1,-14.555,495.286,-13.3050375,497.8184,28.94367,144.14705
1503,1118937617500,3,-14.555,495.286,-11.747232,498.56628,28.731522,151.37968
1503,1118937617500,5,-14.555,495.286,-10.171639,502.69122,28.451584,147.99254
1503,1118937622500,1,-14.555,495.286,-13.3050375,497.8184,28.94367,144.14705
1503,1118937622500,3,-14.555,495.286,-11.747232,498.56628,28.731522,151.37968
1503,1118937622500,5,-14.555,495.286,-10.171639,502.69122,28.451584,147.99254
1503,1118937624900,1,-14.555,495.286,-13.3050375,497.8184,28.94367,144.14705
1503,1118937624900,3,-14.555,495.286,-11.747232,498.56628,28.731522,151.37968
1503,1118937624900,5,-14.555,495.286,-10.171639,502.69122,28.451584,147.99254
1503,1118937637200,1,-14.555,495.286,-13.3050375,497.8184,28.94367,144.14705
1503,1118937637200,3,-14.555,495.286,-11.747232,498.56628,28.731522,151.37968
1503,1118937637200,5,-14.555,495.286,-10.171639,502.69122,28.451584,147.99254
1503,1118937638200,1,-14.555,495.286,-13.3050375,497.8184,28.94367,144.14705
1503,1118937638200,3,-14.555,495.286,-11.747232,498.56628,28.731522,151.37968
1503,1118937638200,5,-14.555,495.286,-10.171639,502.69122,28.451584,147.99254
1503,1118937638700,1,-14.555,495.286,-13.3050375,497.8184,28.94367,144.14705
1503,1118937638700,3,-14.555,495.286,-11.747232,498.56628,28.731522,151.37968
1503,1118937638700,5,-14.555,495.304,-10.171639,502.69122,28.451584,147.99254
1503,1118937640200,1,-14.555,495.286,-13.3050375,497.8184,28.94367,144.14705
1503,1118937640200,3,-14.555,495.286,-11.747232,498.56628,28.731522,151.37968
1503,1118937640200,5,-14.557,494.812,-10.171639,502.69122,28.451584,147.99254
1503,1118937640400,1,-14.555,495.286,-13.3050375,497.8184,28.94367,144.14705
1503,1118937640400,3,-14.555,495.304,-11.747232,498.56628,28.731522,151.37968
1503,1118937640400,5,-14.558,494.779,-10.171639,502.69122,28.451584,147.99254
1503,1118937641000,1,-14.555,495.286,-13.3050375,497.8184,28.94367,144.14705
1503,1118937641000,3,-14.557,494.812,-11.747232,498.56628,28.731522,151.37968
1503,1118937641000,5,-14.619,479.481,-10.171639,502.69122,28.451584,147.99254
1503,1118937645900,1,-14.555,495.304,-13.3050375,497.8184,28.94367,144.14705
1503,1118937645900,3,-14.558,494.779,-11.747232,498.56628,28.731522,151.37968
1503,1118937645900,5,-14.625,477.922,-10.171639,502.69122,28.451584,147.99254
1503,1118937646300,1,-14.557,494.812,-13.3050375,497.8184,28.94367,144.14705
1503,1118937646300,3,-14.619,479.481,-11.387766,498.56628,28.731522,151.37968
1503,1118937646300,5,-2.499,425.718,-10.171639,502.69122,28.451584,147.99254
1503,1118937646800,1,-14.558,494.779,-13.274746,497.8184,28.94367,144.14705
1503,1118937646800,3,-14.625,477.922,-11.777347,498.56628,28.731522,151.37968
1503,1118937646800,5,8.894,410.742,-10.171639,502.69122,28.451584,147.99254
1503,1118937647200,1,-14.619,479.481,-13.3050375,477.13693,28.94367,144.14705
1503,1118937647200,3,-2.499,425.718,-11.777347,485.28378,28.731522,151.37968
1503,1118937647200,5,24.774,398.057,-10.171639,487.69443,28.451584,147.99254
1528,1118937557800,1,-7.37,1426.836,0.09453325,835.1953,28.94367,144.14705
1528,1118937557800,3,-17.007,1320.536,0.35010386,1518.3263,28.731522,151.37968
1528,1118937557800,5,-15.977,1211.783,8.845993,1504.0638,28.451584,147.99254
1528,1118937561400,1,-18.697,1362.55,-1.5359236,1536.9865,28.94367,144.14705
1528,1118937561400,3,-16.721,1312.433,-2.8516946,1626.5577,28.731522,151.37968
1528,1118937561400,5,-16.082,1182.482,2.0439403,1439.8431,28.451584,147.99254
1528,1118937563000,1,-17.007,1320.536,-13.287497,1381.0496,28.94367,144.14705
1528,1118937563000,3,-15.977,1211.783,-14.220506,1485.2557,28.731522,151.37968
1528,1118937563000,5,-15.128,1152.025,-12.44702,1461.3179,28.451584,147.99254
1528,1118937564000,1,-16.721,1312.433,-13.189316,1387.8899,28.94367,144.14705
1528,1118937564000,3,-16.082,1182.482,-11.3041525,1401.4215,28.731522,151.37968
1528,1118937564000,5,-15.891,1060.873,-12.977953,1463.1626,28.451584,147.99254
1528,1118937564200,1,-15.977,1211.783,-13.52416,1309.9512,28.94367,144.14705
1528,1118937564200,3,-15.128,1152.025,-13.055142,1323.7206,28.731522,151.37968
1528,1118937564200,5,-14.974,862.364,-12.155565,1429.1566,28.451584,147.99254
1528,1118937566700,1,-16.082,1182.482,-14.203477,1187.3629,28.94367,144.14705
1528,1118937566700,3,-15.891,1060.873,-13.679495,1156.5327,28.731522,151.37968
1528,1118937566700,5,-24.564,707.469,-8.843845,1313.3303,28.451584,147.99254
1528,1118937567500,1,-15.128,1152.025,-15.334743,1134.8278,28.94367,144.14705
1528,1118937567500,3,-14.974,862.364,-12.138348,1044.199,28.731522,151.37968
1528,1118937567500,5,-25.218,606.856,-10.992144,1148.8146,28.451584,147.99254
1528,1118937568400,1,-15.891,1060.873,-13.028139,1107.0728,28.94367,144.14705
1528,1118937568400,3,-24.564,707.469,-12.25726,1034.4536,28.731522,151.37968
1528,1118937568400,5,-26.028,551.822,-11.237279,974.4056,28.451584,147.99254
1528,1118937571000,1,-14.974,862.364,-13.879416,1028.3538,28.94367,144.14705
1528,1118937571000,3,-25.218,606.856,-15.073674,897.4008,28.731522,151.37968
1528,1118937571000,5,-26.298,496.903,-16.641836,877.564,28.451584,147.99254
1528,1118937576500,1,-24.564,707.469,-13.668422,831.8926,28.94367,144.14705
1528,1118937576500,3,-26.028,551.822,-14.801727,715.3074,28.731522,151.37968
1528,1118937576500,5,-24.053,452.041,-18.52268,589.35596,28.451584,147.99254
1528,1118937580300,1,-25.218,606.856,-23.549334,679.764,28.94367,144.14705
1528,1118937580300,3,-26.298,496.903,-22.430706,580.14233,28.731522,151.37968
1528,1118937580300,5,-19.36,413.457,-23.895409,525.9382,28.451584,147.99254
1528,1118937582600,1,-26.028,551.822,-24.71108,592.06964,28.94367,144.14705
1528,1118937582600,3,-24.053,452.041,-23.020002,527.9163,28.731522,151.37968
1528,1118937582600,5,-9.418,314.374,-20.187933,508.39114,28.451584,147.99254
1528,1118937584000,1,-26.298,496.903,-25.22731,527.15643,28.94367,144.14705
1528,1118937584000,3,-19.36,413.457,-21.34441,465.29742,28.731522,151.37968
1528,1118937584000,5,-8.959,286.641,-12.406951,479.78555,28.451584,147.99254
1528,1118937585400,1,-24.053,452.041,-25.874739,470.45035,28.94367,144.14705
1528,1118937585400,3,-9.418,314.374,-21.660622,419.41473,28.731522,151.37968
1528,1118937585400,5,-7.03,198.332,-10.305684,437.2466,28.451584,147.99254
1528,1118937586500,1,-19.36,413.457,-22.71499,423.6273,28.94367,144.14705
1528,1118937586500,3,-8.959,286.641,-18.424685,359.04156,28.731522,151.37968
1528,1118937586500,5,-6.833,155.151,-10.643523,386.41534,28.451584,147.99254
1537,1118937563400,1,-24.355,1386.081,-5.34201,1330.5508,28.94367,144.14705
1537,1118937563400,3,-26.435,846.75,-0.8316874,1493.1692,28.731522,151.37968
1537,1118937563400,5,-36.084,735.258,1.9955086,1562.5795,28.451584,147.99254
1537,1118937566200,1,-23.415,881.327,-18.607931,1505.3854,28.94367,144.14705
1537,1118937566200,3,-29.997,810.525,-14.260415,1561.1559,28.731522,151.37968
1537,1118937566200,5,-36.223,622.783,-7.140196,1423.4828,28.451584,147.99254
1537,1118937575900,1,-26.435,846.75,-17.330677,864.5977,28.94367,144.14705
1537,1118937575900,3,-36.084,735.258,-18.495943,852.373,28.731522,151.37968
1537,1118937575900,5,-30.557,415.446,-16.98652,880.3469,28.451584,147.99254
1537,1118937576600,1,-29.997,810.525,-24.145327,854.71173,28.94367,144.14705
1537,1118937576600,3,-36.223,622.783,-21.883839,827.10394,28.731522,151.37968
1537,1118937576600,5,-26.461,382.919,-23.439972,765.7191,28.451584,147.99254
1537,1118937577300,1,-36.084,735.258,-25.874495,801.62634,28.94367,144.14705
1537,1118937577300,3,-30.557,415.446,-20.978662,722.1416,28.731522,151.37968
1537,1118937577300,5,-20.159,298.397,-26.315828,728.6576,28.451584,147.99254
1537,1118937578600,1,-36.223,622.783,6.047272,574.79114,28.94367,144.14705
1537,1118937578600,3,-26.461,382.919,1.1840336,642.9529,28.731522,151.37968
1537,1118937578600,5,-18.604,257.539,-11.38987,637.57135,28.451584,147.99254
1537,1118937580600,1,-30.557,415.446,5.6120477,470.13312,28.943668,144.14705
1537,1118937580600,3,-20.159,298.397,0.13121662,562.2169,28.731522,151.37968
1537,1118937580600,5,-19.389,94.942,-16.343876,518.0109,28.451584,147.99254
1573,1118937605900,1,87.74,1572.897,78.39181,1652.8218,28.94367,144.14705
1573,1118937605900,3,85.998,1572.818,62.355236,1562.4333,28.731522,151.37968
1573,1118937605900,5,76.953,1572.041,50.99151,1746.3978,28.451584,147.99254
1573,1118937606000,1,86.42,1572.837,82.69727,1565.2448,28.94367,144.14705
1573,1118937606000,3,79.109,1572.23,68.8816,1481.815,28.731522,151.37968
1573,1118937606000,5,74.373,1571.842,56.696068,1370.106,28.451584,147.99254
1573,1118937608500,1,85.998,1572.818,82.163895,1529.862,28.94367,144.14705
1573,1118937608500,3,76.953,1572.041,69.6648,1407.8574,28.731522,151.37968
1573,1118937608500,5,62.93,1566.939,57.12844,1236.887,28.451584,147.99254
1573,1118937609300,1,79.109,1572.23,82.89847,1025.5121,28.94367,144.14705
1573,1118937609300,3,74.373,1571.842,67.76413,1166.7924,28.731522,151.37968
1573,1118937609300,5,35.127,1552.371,57.204628,1256.9796,28.451584,147.99254
1573,1118937612800,1,76.953,1572.041,75.46446,1000.0582,28.94367,144.14705
1573,1118937612800,3,62.93,1566.939,62.5854,951.9723,28.731522,151.37968
1573,1118937612800,5,-6.439,1426.885,53.010666,1240.0068,28.451584,147.99254
1573,1118937613700,1,74.373,1571.842,71.6121,1505.0986,28.94367,144.14705
1573,1118937613700,3,35.127,1552.371,59.354614,951.9723,28.731522,151.37968
1573,1118937613700,5,-16.665,1331.402,52.232643,1126.1019,28.451584,147.99254
1573,1118937614800,1,62.93,1566.939,69.80892,1447.2697,28.94367,144.14705
1573,1118937614800,3,-6.439,1426.885,56.277477,883.23755,28.731522,151.37968
1573,1118937614800,5,-14.643,1171.291,48.29245,1083.8151,28.451584,147.99254
1573,1118937615700,1,35.127,1552.371,61.505302,1446.0165,28.94367,144.14705
1573,1118937615700,3,-16.665,1331.402,53.303917,796.6272,28.731522,151.37968
1573,1118937615700,5,-16.394,1143.37,48.58101,771.30316,28.451584,147.99254
1573,1118937617300,1,-6.439,1426.885,33.431866,1440.583,28.94367,144.14705
1573,1118937617300,3,-14.643,1171.291,31.985258,1024.9521,28.731522,151.37968
1573,1118937617300,5,-16.658,1142.228,36.333923,862.4463,28.451584,147.99254
1573,1118937621500,1,-16.665,1331.402,1.8507197,1415.8523,28.94367,144.14705
1573,1118937621500,3,-16.394,1143.37,5.5942936,1321.5746,28.731522,151.37968
1573,1118937621500,5,-16.731,1142.007,4.3069687,1022.75244,28.451584,147.99254
1573,1118937623800,1,-14.643,1171.291,-10.938779,1310.7091,28.94367,144.14705
1573,1118937623800,3,-16.658,1142.228,-7.6225905,1281.7205,28.731522,151.37968
1573,1118937623800,5,-16.777,1141.866,-6.5287027,1085.0054,28.451584,147.99254
1573,1118937628100,1,-16.394,1143.37,-10.511348,1143.5122,28.94367,144.14705
1573,1118937628100,3,-16.731,1142.007,-13.761593,1033.6742,28.731522,151.37968
1573,1118937628100,5,-16.829,1141.734,-9.537426,1042.8683,28.451584,147.99254
1573,1118937630400,1,-16.658,1142.228,-14.684196,1111.4181,28.94367,144.14705
1573,1118937630400,3,-16.777,1141.866,-12.044927,1029.9073,28.731522,151.37968
1573,1118937630400,5,-16.892,1140.997,-12.566162,1036.2482,28.451584,147.99254
1573,1118937631800,1,-16.731,1142.007,-14.618349,1112.4569,28.94367,144.14705
1573,1118937631800,3,-16.829,1141.734,-14.75992,1067.3593,28.731522,151.37968
1573,1118937631800,5,-21.176,1106.295,-12.618363,1119.3154,28.451584,147.99254
1573,1118937632900,1,-16.777,1141.866,-14.179413,1115.1588,28.94367,144.14705
1573,1118937632900,3,-16.892,1140.997,-14.687801,1073.2173,28.731522,151.37968
1573,1118937632900,5,-13.303,1039.793,-13.729096,1142.9916,28.451584,147.99254
1573,1118937633600,1,-16.829,1141.734,-15.2542925,1115.1588,28.94367,144.14705
1573,1118937633600,3,-21.176,1106.295,-14.877356,1081.499,28.731522,151.37968
1573,1118937633600,5,-11.8,1031.107,-15.182342,1106.2688,28.451584,147.99254
1573,1118937634400,1,-16.892,1140.997,-15.2542925,1111.5382,28.94367,144.14705
1573,1118937634400,3,-13.303,1039.793,-16.281384,1080.7483,28.731522,151.37968
1573,1118937634400,5,-6.56,979.338,-19.806946,958.4797,28.451584,147.99254
1573,1118937634800,1,-21.176,1106.295,-15.334743,1111.5382,28.94367,144.14705
1573,1118937634800,3,-11.8,1031.107,-16.317507,1062.4606,28.731522,151.37968
1573,1118937634800,5,-14.246,815.376,-19.261637,972.11584,28.451584,147.99254
1573,1118937638000,1,-13.303,1039.793,-21.682863,1055.9095,28.94367,144.14705
1573,1118937638000,3,-6.56,979.338,-22.874372,965.85236,28.731522,151.37968
1573,1118937638000,5,-14.554,801.198,-21.36912,871.0297,28.451584,147.99254
1573,1118937640500,1,-11.8,1031.107,-13.454687,1005.5554,28.94367,144.14705
1573,1118937640500,3,-14.246,815.376,-13.583743,894.345,28.731522,151.37968
1573,1118937640500,5,-15.147,794.154,-10.9582615,864.0928,28.451584,147.99254
1573,1118937640800,1,-6.56,979.338,-10.924313,1000.93054,28.94367,144.14705
1573,1118937640800,3,-14.554,801.198,-12.173616,892.63196,28.731522,151.37968
1573,1118937640800,5,-15.443,790.672,-11.497767,872.81854,28.451584,147.99254
1573,1118937642500,1,-14.246,815.376,-6.1146445,949.30194,28.94367,144.14705
1573,1118937642500,3,-15.147,794.154,-7.9983335,838.1276,28.731522,151.37968
1573,1118937642500,5,-16.445,777.06,-9.435562,861.54535,28.451584,147.99254
1573,1118937647100,1,-14.554,801.198,-12.397216,779.6235,28.94367,144.14705
1573,1118937647100,3,-15.443,790.672,-13.300553,658.47235,28.731522,151.37968
1573,1118937647100,5,-14.789,702.463,-12.550853,638.20807,28.451584,147.99254
1573,1118937647500,1,-15.147,794.154,-13.1276455,764.7727,28.94367,144.14705
1573,1118937647500,3,-16.445,777.06,-13.076361,652.84863,28.731522,151.37968
1573,1118937647500,5,-14.821,701.812,-11.996474,570.01575,28.451584,147.99254
1573,1118937647700,1,-15.443,790.672,-15.379044,760.0301,28.94367,144.14705
1573,1118937647700,3,-14.789,702.463,-14.11834,634.3897,28.731522,151.37968
1573,1118937647700,5,-14.908,700.025,-13.10969,536.4371,28.451584,147.99254
1573,1118937647800,1,-16.445,777.06,-15.379044,751.71606,28.94367,144.14705
1573,1118937647800,3,-14.821,701.812,-14.122908,635.49634,28.731522,151.37968
1573,1118937647800,5,-15.36,695.224,-13.111871,534.46405,28.451584,147.99254
1573,1118937648200,1,-14.789,702.463,-16.132957,738.3776,28.94367,144.14705
1573,1118937648200,3,-14.908,700.025,-16.187096,622.53735,28.731522,151.37968
1573,1118937648200,5,-15.529,682.616,-20.877594,532.62213,28.451584,147.99254
1573,1118937651900,1,-14.821,701.812,-13.18565,677.136,28.94367,144.14705
1573,1118937651900,3,-15.36,695.224,-16.702639,580.78467,28.731522,151.37968
1573,1118937651900,5,-15.757,604.47,-16.364616,484.70294,28.451584,147.99254
1573,1118937652100,1,-14.908,700.025,-13.396644,669.4311,28.94367,144.14705
1573,1118937652100,3,-15.529,682.616,-14.370409,586.1245,28.731522,151.37968
1573,1118937652100,5,-14.066,526.907,-14.942083,495.1276,28.451584,147.99254
1573,1118937652700,1,-15.36,695.224,-13.879416,669.4311,28.94367,144.14705
1573,1118937652700,3,-15.757,604.47,-14.007434,602.2205,28.731522,151.37968
1573,1118937652700,5,-13.787,514.118,-14.085886,516.5201,28.451584,147.99254
1573,1118937656800,1,-15.529,682.616,-13.798966,669.4311,28.94367,144.14705
1573,1118937656800,3,-14.066,526.907,-13.6981325,621.83844,28.731522,151.37968
1573,1118937656800,5,-13.657,504.431,-14.157554,537.41833,28.451584,147.99254
1573,1118937658300,1,-15.757,604.47,-13.798966,656.14014,28.94367,144.14705
1573,1118937658300,3,-13.787,514.118,-13.537851,593.6306,28.731522,151.37968
1573,1118937658300,5,-13.677,499.608,-13.672883,507.76596,28.451584,147.99254
1573,1118937662300,1,-14.066,526.907,-13.798966,584.7198,28.94367,144.14705
1573,1118937662300,3,-13.657,504.431,-13.537851,535.07544,28.731522,151.37968
1573,1118937662300,5,-13.677,499.608,-13.60277,479.1457,28.451584,147.99254
1573,1118937665800,1,-13.787,514.118,-13.123246,498.78058,28.94367,144.14705
1573,1118937665800,3,-13.677,499.608,-11.576071,448.6295,28.731522,151.37968
1573,1118937665800,5,-14.931,500.37,-10.190534,448.38086,28.451584,147.99254
1573,1118937666600,1,-13.657,504.431,-13.123246,498.2717,28.94367,144.14705
1573,1118937666600,3,-13.677,499.608,-11.029789,445.98752,28.731522,151.37968
1573,1118937666600,5,-14.931,500.37,-8.313035,437.7141,28.451584,147.99254
1573,1118937667500,1,-13.677,499.608,-13.123246,470.45035,28.94367,144.14705
1573,1118937667500,3,-14.931,500.37,-10.1993685,445.9867,28.731522,151.37968
1573,1118937667500,5,-14.931,500.37,-5.859615,440.43137,28.451584,147.99254
1573,1118937671700,1,-13.677,499.608,-13.242634,471.70346,28.94367,144.14705
1573,1118937671700,3,-14.931,500.37,-11.982599,465.7613,28.731522,151.37968
1573,1118937671700,5,-14.931,500.37,-8.604034,470.87927,28.451584,147.99254
1573,1118937675700,1,-14.931,500.37,-13.242634,474.40536,28.94367,144.14705
1573,1118937675700,3,-14.931,500.37,-11.952485,472.875,28.731522,151.37968
1573,1118937675700,5,-14.931,500.37,-9.445896,471.62436,28.451584,147.99254
1573,1118937681900,1,-14.931,500.37,-13.879416,495.08682,28.94367,144.14705
1573,1118937681900,3,-14.931,500.37,-11.7839155,480.45102,28.731522,151.37968
1573,1118937681900,5,-14.931,500.37,-11.092584,480.88528,28.451584,147.99254
1573,1118937682700,1,-14.931,500.37,-13.757519,495.08682,28.94367,144.14705
1573,1118937682700,3,-14.931,500.37,-13.421218,491.77704,28.731522,151.37968
1573,1118937682700,5,-14.931,500.37,-13.675708,496.40384,28.451584,147.99254
1573,1118937683500,1,-14.931,500.37,-13.787809,495.08682,28.94367,144.14705
1573,1118937683500,3,-14.931,500.37,-13.316803,483.21454,28.731522,151.37968
1573,1118937683500,5,-14.931,500.37,-13.093098,498.99698,28.451584,147.99254
1573,1118937684200,1,-14.931,500.37,-13.787809,497.8184,28.94367,144.14705
1573,1118937684200,3,-14.931,500.37,-12.044975,485.6073,28.731522,151.37968
1573,1118937684200,5,-14.931,500.37,-10.55341,501.50778,28.451584,147.99254
1573,1118937685700,1,-14.931,500.37,-13.787809,497.8184,28.94367,144.14705
1573,1118937685700,3,-14.931,500.37,-12.008853,488.57486,28.731522,151.37968
1573,1118937685700,5,-14.931,500.37,-10.5512295,501.50778,28.451584,147.99254
1573,1118937686900,1,-14.931,500.37,-13.787809,497.8184,28.94367,144.14705
1573,1118937686900,3,-14.931,500.37,-11.747232,488.57486,28.731522,151.37968
1573,1118937686900,5,-14.931,500.37,-10.5512295,502.69122,28.451584,147.99254
1573,1118937687000,1,-14.931,500.37,-13.787809,497.8184,28.94367,144.14705
1573,1118937687000,3,-14.931,500.37,-11.747232,488.57486,28.731522,151.37968
1573,1118937687000,5,-14.931,500.37,-10.171639,502.69122,28.451584,147.99254
1573,1118937690000,1,-14.931,500.37,-13.787809,497.8184,28.94367,144.14705
1573,1118937690000,3,-14.931,500.37,-11.747232,488.57486,28.731522,151.37968
1573,1118937690000,5,-14.432,500.368,-10.724502,502.69122,28.451584,147.99254
1573,1118937693000,1,-14.931,500.37,-13.787809,497.8184,28.94367,144.14705
1573,1118937693000,3,-14.931,500.37,-11.747232,488.57486,28.731522,151.37968
1573,1118937693000,5,-14.432,500.368,-10.724502,502.69122,28.451584,147.99254
1573,1118937693800,1,-14.931,500.37,-13.787809,497.8184,28.94367,144.14705
1573,1118937693800,3,-14.432,500.368,-11.747232,488.57486,28.731522,151.37968
1573,1118937693800,5,-14.432,500.368,-10.724502,502.69122,28.451584,147.99254
1573,1118937697600,1,-14.931,500.37,-13.787809,497.8184,28.94367,144.14705
1573,1118937697600,3,-14.432,500.368,-11.747232,488.57486,28.731522,151.37968
1573,1118937697600,5,-14.432,500.368,-10.724502,502.69122,28.451584,147.99254
1573,1118937699800,1,-14.432,500.368,-13.787809,497.8184,28.94367,144.14705
1573,1118937699800,3,-14.432,500.368,-11.747232,488.57486,28.731522,151.37968
1573,1118937699800,5,-14.432,500.368,-10.724502,502.69122,28.451584,147.99254
1573,1118937712200,1,-14.432,500.368,-13.3050375,497.8184,28.94367,144.14705
1573,1118937712200,3,-14.432,500.368,-11.747232,488.57486,28.731522,151.37968
1573,1118937712200,5,-14.432,500.368,-10.724502,502.69122,28.451584,147.99254
1573,1118937714100,1,-14.432,500.368,-13.3050375,495.8837,28.94367,144.14705
1573,1118937714100,3,-14.432,500.368,-11.747232,484.3156,28.731522,151.37968
1573,1118937714100,5,-14.432,500.368,-9.755116,489.79733,28.451584,147.99254
1573,1118937714800,1,-14.432,500.368,-13.3050375,497.8184,28.94367,144.14705
1573,1118937714800,3,-14.432,500.368,-11.747232,498.56628,28.731522,151.37968
1573,1118937714800,5,-14.432,500.368,-10.550165,502.69122,28.451584,147.99254
1573,1118937717300,1,-14.432,500.368,-13.3050375,497.8184,28.94367,144.14705
1573,1118937717300,3,-14.432,500.368,-11.747232,498.56628,28.731522,151.37968
1573,1118937717300,5,-14.432,500.368,-10.550165,502.69122,28.451584,147.99254
1573,1118937719200,1,-14.432,500.368,-13.3050375,497.8184,28.94367,144.14705
1573,1118937719200,3,-14.432,500.368,-11.747232,498.56628,28.731522,151.37968
1573,1118937719200,5,-11.479,447.67,-10.550165,502.69122,28.451584,147.99254
1573,1118937719600,1,-14.432,500.368,-13.3050375,497.8184,28.94367,144.14705
1573,1118937719600,3,-14.432,500.368,-11.747232,498.56628,28.731522,151.37968
1573,1118937719600,5,-11.06,445.51,-10.550165,502.69122,28.451584,147.99254
1573,1118937728900,1,-14.432,500.368,-13.3050375,497.8184,28.94367,144.14705
1573,1118937728900,3,-11.479,447.67,-11.747232,498.56628,28.731522,151.37968
1573,1118937728900,5,-9.352,436.914,-10.191433,502.69122,28.451584,147.99254
1573,1118937731300,1,-14.432,500.368,-13.3050375,497.8184,28.94367,144.14705
1573,1118937731300,3,-11.06,445.51,-11.747232,498.56628,28.731522,151.37968
1573,1118937731300,5,12.12,406.169,-9.997303,506.02893,28.451584,147.99254
1573,1118937732300,1,-11.479,447.67,-13.3050375,497.8184,28.94367,144.14705
1573,1118937732300,3,-9.352,436.914,-11.747232,498.56628,28.731522,151.37968
1573,1118937732300,5,52.216,386.771,-9.997303,502.69122,28.451584,147.99254
1573,1118937741100,1,-11.06,445.51,-11.247985,452.7183,28.94367,144.14705
1573,1118937741100,3,12.12,406.169,-7.397088,414.47137,28.731522,151.37968
1573,1118937741100,5,66.97,385.452,-4.807771,423.3105,28.451584,147.99254
1806,1118849684000,1,21.068,2044.434,21.251425,1920.565,28.94367,144.14705
1806,1118849684000,3,21.255,2085.915,24.350937,1499.0688,28.731522,151.37968
1806,1118849684000,5,21.795,2108.559,25.170855,1216.9246,28.451584,147.99254
1845,1118849684400,1,7.368,1830.308,7.354097,1844.441,28.94367,144.14705
1845,1118849684400,3,7.31,1849.386,7.7719088,1837.1453,28.731522,151.37968
1845,1118849684400,5,7.298,1877.357,7.0823393,1787.4375,28.451584,147.99254
1845,1118849684600,1,7.362,1844.357,7.557546,1844.441,28.94367,144.14705
1845,1118849684600,3,7.344,1853.359,7.5647697,1866.8221,28.731522,151.37968
1845,1118849684600,5,7.684,1914.714,6.7677035,1771.5311,28.451584,147.99254
1845,1118849687400,1,7.31,1849.386,7.354097,1861.8536,28.94367,144.14705
1845,1118849687400,3,7.298,1877.357,7.5647697,1879.295,28.731522,151.37968
1845,1118849687400,5,7.897,1917.427,6.376267,1766.9362,28.451584,147.99254
1845,1118849688300,1,7.344,1853.359,7.3429403,1877.9995,28.94367,144.14705
1845,1118849688300,3,7.684,1914.714,7.340371,1867.358,28.731522,151.37968
1845,1118849688300,5,8.356,2035.214,7.2620463,1753.6393,28.451584,147.99254
1845,1118849688700,1,7.298,1877.357,7.414456,1878.8926,28.94367,144.14705
1845,1118849688700,3,7.897,1917.427,7.370486,1848.6909,28.731522,151.37968
1845,1118849688700,5,8.952,2155.363,7.5575385,1742.8246,28.451584,147.99254
1871,1118849684200,1,6.733,1426.781,6.9288754,1420.108,28.94367,144.14705
1871,1118849684200,3,7.38,1486.713,6.94285,1544.2076,28.731522,151.37968
1871,1118849684200,5,6.281,1541.705,7.4600697,1557.0172,28.451584,147.99254
1871,1118849685500,1,6.921,1470.707,6.916582,1460.4117,28.94367,144.14705
1871,1118849685500,3,7.381,1490.708,6.778636,1548.7869,28.731522,151.37968
1871,1118849685500,5,6.276,1544.205,7.3114643,1570.821,28.451584,147.99254
1871,1118849687600,1,7.38,1486.713,7.0426493,1481.6841,28.94367,144.14705
1871,1118849687600,3,6.281,1541.705,6.7485657,1548.557,28.731522,151.37968
1871,1118849687600,5,6.256,1554.205,7.3114643,1586.188,28.451584,147.99254
1871,1118849688400,1,7.381,1490.708,7.886461,1511.2849,28.94367,144.14705
1871,1118849688400,3,6.276,1544.205,8.035596,1523.7683,28.731522,151.37968
1871,1118849688400,5,6.246,1559.205,7.3114643,1576.1467,28.451584,147.99254
1871,1118849688600,1,6.281,1541.705,7.826102,1522.5576,28.94367,144.14705
1871,1118849688600,3,6.256,1554.205,7.316234,1566.618,28.731522,151.37968
1871,1118849688600,5,6.211,1576.707,7.3114643,1597.0304,28.451584,147.99254
1871,1118849691000,1,6.276,1544.205,6.679834,1533.774,28.94367,144.14705
1871,1118849691000,3,6.246,1559.205,6.718451,1563.1453,28.731522,151.37968
1871,1118849691000,5,7.341,1615.843,7.2973213,1594.5967,28.451584,147.99254
1871,1118849691100,1,6.256,1554.205,6.7602835,1539.1001,28.94367,144.14705
1871,1118849691100,3,6.211,1576.707,6.718451,1567.5284,28.731522,151.37968
1871,1118849691100,5,7.38,1658.328,7.223016,1634.9567,28.451584,147.99254
1871,1118849691500,1,6.246,1559.205,6.6876316,1546.04,28.94367,144.14705
1871,1118849691500,3,7.341,1615.843,6.6259604,1564.5908,28.731522,151.37968
1871,1118849691500,5,7.386,1668.826,7.1762033,1626.6108,28.451584,147.99254
1871,1118849691700,1,6.211,1576.707,6.6876316,1546.04,28.94367,144.14705
1871,1118849691700,3,7.38,1658.328,6.6259604,1575.5737,28.731522,151.37968
1871,1118849691700,5,7.255,1695.946,7.193268,1620.1365,28.451584,147.99254
1871,1118849692400,1,7.341,1615.843,6.5730224,1546.04,28.94367,144.14705
1871,1118849692400,3,7.386,1668.826,6.6259604,1572.0157,28.731522,151.37968
1871,1118849692400,5,6.829,1723.442,7.3092837,1630.0151,28.451584,147.99254
1871,1118849694000,1,7.38,1658.328,7.3418036,1517.2355,28.94367,144.14705
1871,1118849694000,3,7.255,1695.946,7.9792285,1435.6224,28.731522,151.37968
1871,1118849694000,5,6.674,1733.441,7.3114643,1505.4569,28.451584,147.99254
1871,1118849696400,1,7.386,1668.826,7.826102,1647.9873,28.94367,144.14705
1871,1118849696400,3,6.829,1723.442,7.0665617,1669.1698,28.731522,151.37968
1871,1118849696400,5,6.334,1770.313,7.3114643,1644.4777,28.451584,147.99254
1871,1118849697100,1,7.255,1695.946,7.898754,1707.4718,28.94367,144.14705
1871,1118849697100,3,6.674,1733.441,7.0474095,1729.7565,28.731522,151.37968
1871,1118849697100,5,6.369,1777.811,7.3114643,1832.2251,28.451584,147.99254
1871,1118849699000,1,6.829,1723.442,7.3429403,1735.2202,28.94367,144.14705
1871,1118849699000,3,6.334,1770.313,7.017295,1831.2349,28.731522,151.37968
1871,1118849699000,5,6.404,1785.313,7.3114643,1855.4468,28.451584,147.99254
1871,1118849700600,1,6.674,1733.441,6.9633365,1735.2202,28.94367,144.14705
1871,1118849700600,3,6.369,1777.811,6.791855,1840.1356,28.731522,151.37968
1871,1118849700600,5,6.477,1800.645,7.264652,1827.1268,28.451584,147.99254
1871,1118849701100,1,6.334,1770.313,6.764617,1786.2242,28.94367,144.14705
1871,1118849701100,3,6.404,1785.313,6.791855,1843.9066,28.731522,151.37968
1871,1118849701100,5,6.62,1830.807,6.6100955,1815.4604,28.451584,147.99254
1871,1118849702800,1,6.369,1777.811,6.6071815,1806.4878,28.94367,144.14705
1871,1118849702800,3,6.477,1800.645,6.755732,1857.7734,28.731522,151.37968
1871,1118849702800,5,6.582,1838.392,6.821554,1829.608,28.451584,147.99254
1871,1118849703100,1,6.404,1785.313,6.7591467,1840.7476,28.94367,144.14705
1871,1118849703100,3,6.62,1830.807,6.722268,1854.0895,28.731522,151.37968
1871,1118849703100,5,6.58,1841.077,6.8237343,1825.8707,28.451584,147.99254
1871,1118849703400,1,6.477,1800.645,6.916582,1862.461,28.94367,144.14705
1871,1118849703400,3,6.582,1838.392,6.85204,1848.7604,28.731522,151.37968
1871,1118849703400,5,6.569,1866.352,6.8237343,1810.8395,28.451584,147.99254
1871,1118849704000,1,6.62,1830.807,6.916582,1881.0508,28.94367,144.14705
1871,1118849704000,3,6.58,1841.077,6.85204,1859.6383,28.731522,151.37968
1871,1118849704000,5,8.204,1963.208,6.8237343,1784.7908,28.451584,147.99254
1871,1118849705200,1,6.582,1838.392,6.916582,1885.031,28.94367,144.14705
1871,1118849705200,3,6.569,1866.352,6.85204,1862.576,28.731522,151.37968
1871,1118849705200,5,8.335,1985.721,6.567003,1790.431,28.451584,147.99254
1871,1118849705500,1,6.58,1841.077,6.764617,1902.4436,28.94367,144.14705
1871,1118849705500,3,8.204,1963.208,6.791855,1862.576,28.731522,151.37968
1871,1118849705500,5,8.446,2005.01,3.5467858,1785.106,28.451584,147.99254
1871,1118849705600,1,6.569,1866.352,6.8450665,1902.4436,28.94367,144.14705
1871,1118849705600,3,8.335,1985.721,6.791855,1864.3771,28.731522,151.37968
1871,1118849705600,5,9.081,2077.404,3.460518,1780.2983,28.451584,147.99254
1871,1118849706500,1,8.204,1963.208,6.8450665,1902.4436,28.94367,144.14705
1871,1118849706500,3,8.446,2005.01,6.755732,1870.8728,28.731522,151.37968
1871,1118849706500,5,9.213,2124.345,6.839772,1794.2383,28.451584,147.99254
1871,1118849709500,1,8.335,1985.721,8.234443,1925.6693,28.94367,144.14705
1871,1118849709500,3,9.081,2077.404,4.1101584,1762.6014,28.731522,151.37968
1871,1118849709500,5,9.204,2152.351,8.17048,1600.467,28.451584,147.99254
1890,1118849685200,1,54.639,1248.548,53.820004,1273.7095,28.94367,144.14705
1890,1118849685200,3,56.082,1300.706,53.173878,1357.9208,28.731522,151.37968
1890,1118849685200,5,52.782,1508.68,52.76373,1417.2336,28.451584,147.99254
1890,1118849685800,1,54.76,1276.281,53.7864,1285.6852,28.94367,144.14705
1890,1118849685800,3,56.07,1310.698,53.152554,1375.4458,28.731522,151.37968
1890,1118849685800,5,52.829,1538.752,52.838387,1430.6819,28.451584,147.99254
1890,1118849686900,1,56.082,1300.706,53.857918,1306.0822,28.94367,144.14705
1890,1118849686900,3,52.782,1508.68,53.10534,1407.5768,28.731522,151.37968
1890,1118849686900,5,52.601,1596.472,53.135277,1439.1433,28.451584,147.99254
1890,1118849687800,1,56.07,1310.698,54.525246,1354.171,28.94367,144.14705
1890,1118849687800,3,52.829,1538.752,53.09826,1452.9747,28.731522,151.37968
1890,1118849687800,5,52.457,1612.431,52.144936,1421.9731,28.451584,147.99254
1890,1118849688200,1,52.782,1508.68,54.39696,1363.3446,28.94367,144.14705
1890,1118849688200,3,52.601,1596.472,53.632957,1454.0582,28.731522,151.37968
1890,1118849688200,5,52.399,1657.289,52.308716,1435.6259,28.451584,147.99254
1890,1118849695600,1,52.829,1538.752,52.891556,1537.8943,28.94367,144.14705
1890,1118849695600,3,52.457,1612.431,52.794598,1522.6416,28.731522,151.37968
1890,1118849695600,5,52.407,1671.292,50.98284,1400.2338,28.451584,147.99254
1890,1118849696500,1,52.601,1596.472,52.929188,1591.4478,28.94367,144.14705
1890,1118849696500,3,52.399,1657.289,53.553143,1510.8212,28.731522,151.37968
1890,1118849696500,5,52.209,1700.617,51.009953,1523.4338,28.451584,147.99254
1890,1118849698400,1,52.457,1612.431,52.895645,1537.572,28.94367,144.14705
1890,1118849698400,3,52.407,1671.292,49.259464,1469.7196,28.731522,151.37968
1890,1118849698400,5,52.084,1708.137,45.944332,1506.821,28.451584,147.99254
1890,1118849698900,1,52.399,1657.289,51.614132,1522.8993,28.94367,144.14705
1890,1118849698900,3,52.209,1700.617,47.938244,1465.5209,28.731522,151.37968
1890,1118849698900,5,52.145,1726.649,46.221725,1497.815,28.451584,147.99254
1890,1118849700300,1,52.407,1671.292,51.619724,1686.6948,28.94367,144.14705
1890,1118849700300,3,52.084,1708.137,49.407253,1697.6842,28.731522,151.37968
1890,1118849700300,5,55.835,1986.147,45.121002,1596.6216,28.451584,147.99254
1890,1118849700700,1,52.209,1700.617,51.705738,1754.3761,28.94367,144.14705
1890,1118849700700,3,52.145,1726.649,48.211327,1750.1356,28.731522,151.37968
1890,1118849700700,5,56.109,2034.966,46.032475,1748.51,28.451584,147.99254
1890,1118849701500,1,52.084,1708.137,51.614132,1776.317,28.94367,144.14705
1890,1118849701500,3,55.835,1986.147,48.277496,1799.9481,28.731522,151.37968
1890,1118849701500,5,56.334,2044.208,46.032475,1768.8737,28.451584,147.99254
1890,1118849701700,1,52.145,1726.649,51.84365,1778.2517,28.94367,144.14705
1890,1118849701700,3,56.109,2034.966,48.50265,1803.258,28.731522,151.37968
1890,1118849701700,5,56.385,2105.28,45.27541,1787.2872,28.451584,147.99254
1919,1118849686400,1,52.129,957.166,52.207256,1024.2035,28.94367,144.14705
1919,1118849686400,3,52.266,973.224,52.254547,1180.2908,28.731522,151.37968
1919,1118849686400,5,51.891,1004.264,51.3858,1283.5844,28.451584,147.99254
1919,1118849686500,1,52.212,967.05,52.41366,1019.99005,28.94367,144.14705
1919,1118849686500,3,52.365,986.734,52.50921,1144.9731,28.731522,151.37968
1919,1118849686500,5,51.321,1018.984,52.203056,1257.577,28.451584,147.99254
1919,1118849686800,1,52.266,973.224,52.41366,1030.4009,28.94367,144.14705
1919,1118849686800,3,51.891,1004.264,52.256718,1151.8683,28.731522,151.37968
1919,1118849686800,5,51.021,1027.394,52.272263,1275.7557,28.451584,147.99254
1919,1118849687000,1,52.365,986.734,52.41366,1036.0956,28.94367,144.14705
1919,1118849687000,3,51.321,1018.984,52.370007,1167.9331,28.731522,151.37968
1919,1118849687000,5,50.631,1039.854,52.20524,1275.4661,28.451584,147.99254
1919,1118849687500,1,51.891,1004.264,52.41366,1034.7491,28.94367,144.14705
1919,1118849687500,3,51.021,1027.394,52.41998,1124.0094,28.731522,151.37968
1919,1118849687500,5,51.363,1097.679,52.371014,1222.7777,28.451584,147.99254
1919,1118849688300,1,51.321,1018.984,51.90808,1038.1388,28.94367,144.14705
1919,1118849688300,3,50.631,1039.854,52.29067,1105.3824,28.731522,151.37968
1919,1118849688300,5,51.315,1108.043,52.573627,1199.698,28.451584,147.99254
1919,1118849689000,1,51.021,1027.394,51.251076,1042.9155,28.94367,144.14705
1919,1118849689000,3,51.363,1097.679,51.846146,1110.2336,28.731522,151.37968
1919,1118849689000,5,51.346,1116.75,51.833782,1188.4375,28.451584,147.99254
1919,1118849689400,1,50.631,1039.854,51.251076,1059.8336,28.94367,144.14705
1919,1118849689400,3,51.315,1108.043,51.577152,1121.7039,28.731522,151.37968
1919,1118849689400,5,51.369,1142.9,51.88772,1191.4,28.451584,147.99254
1919,1118849690000,1,51.363,1097.679,51.251076,1066.4681,28.94367,144.14705
1919,1118849690000,3,51.346,1116.75,51.57019,1134.6625,28.731522,151.37968
1919,1118849690000,5,51.588,1279.184,51.97959,1219.1656,28.451584,147.99254
1919,1118849693000,1,51.315,1108.043,51.61782,1116.7976,28.94367,144.14705
1919,1118849693000,3,51.369,1142.9,51.863247,1163.0271,28.731522,151.37968
1919,1118849693000,5,52.318,1314.198,52.05648,1226.7574,28.451584,147.99254
1919,1118849693700,1,51.346,1116.75,51.331524,1113.6498,28.94367,144.14705
1919,1118849693700,3,51.588,1279.184,51.803062,1164.8635,28.731522,151.37968
1919,1118849693700,5,52.315,1335.21,52.172497,1218.0011,28.451584,147.99254
1919,1118849694400,1,51.369,1142.9,51.34268,1133.3069,28.94367,144.14705
1919,1118849694400,3,52.318,1314.198,51.8693,1178.7653,28.731522,151.37968
1919,1118849694400,5,52.318,1344.073,52.174675,1224.6149,28.451584,147.99254
1919,1118849696700,1,51.588,1279.184,51.55746,1154.8972,28.94367,144.14705
1919,1118849696700,3,52.315,1335.21,51.92567,1201.5721,28.731522,151.37968
1919,1118849696700,5,52.438,1380.015,52.174675,1276.2455,28.451584,147.99254
1919,1118849702200,1,52.318,1314.198,51.78876,1296.1919,28.94367,144.14705
1919,1118849702200,3,52.318,1344.073,51.82365,1405.0554,28.731522,151.37968
1919,1118849702200,5,52.661,1447.502,52.097786,1488.8698,28.451584,147.99254
1919,1118849703300,1,52.315,1335.21,52.41366,1364.4471,28.94367,144.14705
1919,1118849703300,3,52.438,1380.015,52.65058,1477.004,28.731522,151.37968
1919,1118849703300,5,52.598,1507.296,52.279896,1505.7987,28.451584,147.99254
1919,1118849704000,1,52.318,1344.073,52.3533,1389.8167,28.94367,144.14705
1919,1118849704000,3,52.661,1447.502,52.359795,1489.3811,28.731522,151.37968
1919,1118849704000,5,52.473,1570.819,52.319073,1514.9669,28.451584,147.99254
1919,1118849704300,1,52.438,1380.015,52.3533,1395.3195,28.94367,144.14705
1919,1118849704300,3,52.598,1507.296,52.369663,1478.5127,28.731522,151.37968
1919,1118849704300,5,52.466,1574.791,51.91618,1500.9966,28.451584,147.99254
1919,1118849705500,1,52.661,1447.502,52.41366,1442.2568,28.94367,144.14705
1919,1118849705500,3,52.473,1570.819,52.4561,1526.8434,28.731522,151.37968
1919,1118849705500,5,52.281,1603.115,51.23637,1523.671,28.451584,147.99254
1919,1118849707500,1,52.598,1507.296,52.635082,1510.0975,28.94367,144.14705
1919,1118849707500,3,52.466,1574.791,52.4561,1559.1107,28.731522,151.37968
1919,1118849707500,5,52.205,1611.475,51.15301,1532.106,28.451584,147.99254
1919,1118849709200,1,52.473,1570.819,52.56357,1573.6688,28.94367,144.14705
1919,1118849709200,3,52.281,1603.115,52.395916,1577.2792,28.731522,151.37968
1919,1118849709200,5,52.123,1647.301,49.91872,1533.7673,28.451584,147.99254
1919,1118849710900,1,52.466,1574.791,52.34214,1603.5895,28.94367,144.14705
1919,1118849710900,3,52.205,1611.475,49.091927,1577.32,28.731522,151.37968
1919,1118849710900,5,52.128,1655.301,47.17885,1570.7831,28.451584,147.99254
1919,1118849711000,1,52.281,1603.115,52.34214,1604.8911,28.94367,144.14705
1919,1118849711000,3,52.123,1647.301,49.071682,1581.5831,28.731522,151.37968
1919,1118849711000,5,52.132,1687.888,47.181026,1570.7979,28.451584,147.99254
1919,1118849711700,1,52.205,1611.475,52.261692,1604.8911,28.94367,144.14705
1919,1118849711700,3,52.128,1655.301,48.47468,1520.8331,28.731522,151.37968
1919,1118849711700,5,51.698,1716.138,44.54153,1559.6726,28.451584,147.99254
1919,1118849711900,1,52.123,1647.301,51.802055,1604.8911,28.94367,144.14705
1919,1118849711900,3,52.132,1687.888,48.10459,1520.8331,28.731522,151.37968
1919,1118849711900,5,51.128,1779.694,44.438023,1582.611,28.451584,147.99254
1919,1118849712800,1,52.128,1655.301,51.882504,1646.3481,28.94367,144.14705
1919,1118849712800,3,51.698,1716.138,48.33331,1708.6672,28.731522,151.37968
1919,1118849712800,5,54.005,1980.071,45.236683,1637.9773,28.451584,147.99254
1919,1118849713000,1,52.132,1687.888,51.89366,1760.5243,28.94367,144.14705
1919,1118849713000,3,51.128,1779.694,48.399548,1778.1401,28.731522,151.37968
1919,1118849713000,5,55.952,2154.399,45.238865,1751.0271,28.451584,147.99254
